1.0,1.0,1.0,0.4759426696099022
1.0,1.0,2.0,0.5106383894403032
1.0,1.0,3.0,0.4225520709201541
1.0,1.0,4.0,0.5853800664160489
1.0,1.0,5.0,0.8421942860413576
1.0,1.0,6.0,0.0018102103694077965
1.0,1.0,7.0,-0.813279421870435
1.0,1.0,8.0,-0.836252713334131
1.0,1.0,9.0,-0.8054121769940077
1.0,1.0,10.0,-0.7743471481410298
1.0,1.0,11.0,-0.7882537670014489
1.0,2.0,1.0,0.4800972887083268
1.0,2.0,2.0,0.8726032768104783
1.0,2.0,3.0,0.702090878361945
1.0,2.0,4.0,0.6524180626268061
1.0,2.0,5.0,0.3675679893350192
1.0,2.0,6.0,0.23752602971531972
1.0,2.0,7.0,0.11061223222044507
1.0,2.0,8.0,0.13384593019791297
1.0,2.0,9.0,0.1891941810505217
1.0,2.0,10.0,0.23229094037726408
1.0,2.0,11.0,0.2659980875921679
2.0,1.0,1.0,1.0587251326736105
2.0,1.0,2.0,1.0658065126617136
2.0,1.0,3.0,1.0022651142893562
2.0,1.0,4.0,0.8052266545051107
2.0,1.0,5.0,0.9029019989168433
2.0,1.0,6.0,0.8005411599253065
2.0,1.0,7.0,0.8528550184889395
2.0,1.0,8.0,0.8107087770606097
2.0,1.0,9.0,0.7826131726526726
2.0,1.0,10.0,0.7637215195403916
2.0,1.0,11.0,0.7814118750000726
2.0,2.0,1.0,0.07925645185844021
2.0,2.0,2.0,0.04406677950982568
2.0,2.0,3.0,0.014015832677638392
2.0,2.0,4.0,-0.16012211617319982
2.0,2.0,5.0,-0.35538128415268044
2.0,2.0,6.0,-0.21883090421896043
2.0,2.0,7.0,-0.1523708897980616
2.0,2.0,8.0,-0.16771620868609025
2.0,2.0,9.0,-0.21822818641964983
2.0,2.0,10.0,-0.2738282789360354
2.0,2.0,11.0,-0.31556726003232477
3.0,1.0,1.0,0.9127774870133761
3.0,1.0,2.0,1.1763520648163446
3.0,1.0,3.0,0.8739824136829166
3.0,1.0,4.0,0.6908000464842571
3.0,1.0,5.0,0.7591551505669132
3.0,1.0,6.0,0.8963551164240503
3.0,1.0,7.0,0.8350872336317676
3.0,1.0,8.0,0.8443663305351141
3.0,1.0,9.0,0.8075140574593048
3.0,1.0,10.0,0.7877491299864651
3.0,1.0,11.0,0.7921950014822778
3.0,2.0,1.0,0.6221659900545639
3.0,2.0,2.0,0.6983456074293691
3.0,2.0,3.0,0.6061881299246537
3.0,2.0,4.0,0.6165280936647435
3.0,2.0,5.0,0.3818749879807296
3.0,2.0,6.0,0.003029482502441638
3.0,2.0,7.0,-0.1209111065880035
3.0,2.0,8.0,-0.1606617418500251
3.0,2.0,9.0,-0.22595904814777018
3.0,2.0,10.0,-0.28142063064250883
3.0,2.0,11.0,-0.31958526536295095
4.0,1.0,1.0,0.9211969752045746
4.0,1.0,2.0,0.9706312902943174
4.0,1.0,3.0,0.7234557416466034
4.0,1.0,4.0,0.9095776866879632
4.0,1.0,5.0,0.8736691096935723
4.0,1.0,6.0,0.8535627137184708
4.0,1.0,7.0,0.7361582545081305
4.0,1.0,8.0,0.7940282946617557
4.0,1.0,9.0,0.7894925395845932
4.0,1.0,10.0,0.7903829891330281
4.0,1.0,11.0,0.7998782269502307
4.0,2.0,1.0,-0.7240194196418759
4.0,2.0,2.0,-0.38973841798527403
4.0,2.0,3.0,-0.2721540182743844
4.0,2.0,4.0,-0.2468584185243283
4.0,2.0,5.0,-0.28567110672237117
4.0,2.0,6.0,-0.14062747544401985
4.0,2.0,7.0,-0.12779756314267876
4.0,2.0,8.0,-0.14424551890449647
4.0,2.0,9.0,-0.22146974716556933
4.0,2.0,10.0,-0.2822542386262225
4.0,2.0,11.0,-0.3227588577233419
5.0,1.0,1.0,1.1506644725272313
5.0,1.0,2.0,1.417722256527388
5.0,1.0,3.0,1.1884802944817345
5.0,1.0,4.0,1.0416069723612
5.0,1.0,5.0,0.8147714592778561
5.0,1.0,6.0,0.8283860187230171
5.0,1.0,7.0,0.7963872143829439
5.0,1.0,8.0,0.81993196857248
5.0,1.0,9.0,0.797524511711642
5.0,1.0,10.0,0.7281623568250757
5.0,1.0,11.0,0.7784370404033145
5.0,2.0,1.0,0.13580161283278622
5.0,2.0,2.0,0.12137049700710292
5.0,2.0,3.0,0.05202435621945504
5.0,2.0,4.0,0.4139615870788299
5.0,2.0,5.0,0.48539951318883584
5.0,2.0,6.0,0.29746989554661873
5.0,2.0,7.0,-0.04015247468407684
5.0,2.0,8.0,-0.14832270017859842
5.0,2.0,9.0,-0.22320141563455592
5.0,2.0,10.0,-0.26148357844511433
5.0,2.0,11.0,-0.31454655838217144
6.0,1.0,1.0,0.4784261743152252
6.0,1.0,2.0,0.7829691209038191
6.0,1.0,3.0,0.8180481982115793
6.0,1.0,4.0,0.7496128606009834
6.0,1.0,5.0,0.7077490831679428
6.0,1.0,6.0,0.8974941075935127
6.0,1.0,7.0,0.8361391362441741
6.0,1.0,8.0,0.8295912476535009
6.0,1.0,9.0,0.7943582878573611
6.0,1.0,10.0,0.7997004314206261
6.0,1.0,11.0,0.7307003944668794
6.0,2.0,1.0,-0.4686663578278876
6.0,2.0,2.0,-0.2276140897917015
6.0,2.0,3.0,-0.1714138194036158
6.0,2.0,4.0,-0.13526832001357453
6.0,2.0,5.0,0.25418307619642366
6.0,2.0,6.0,0.24302246932299174
6.0,2.0,7.0,0.016517608888645327
6.0,2.0,8.0,-0.1480787882465852
6.0,2.0,9.0,-0.2220131032362727
6.0,2.0,10.0,-0.2858800737391849
6.0,2.0,11.0,-0.29709899486148067
7.0,1.0,1.0,0.6255590183314718
7.0,1.0,2.0,0.6298174674907137
7.0,1.0,3.0,0.8101604287981921
7.0,1.0,4.0,0.8829436358101017
7.0,1.0,5.0,0.8657544084391751
7.0,1.0,6.0,0.8575957384540691
7.0,1.0,7.0,0.8139276813745164
7.0,1.0,8.0,0.8063076108558009
7.0,1.0,9.0,0.7957128016872811
7.0,1.0,10.0,0.7413120493962722
7.0,1.0,11.0,0.7927701785193827
7.0,2.0,1.0,-0.6615218038423576
7.0,2.0,2.0,-0.4970588907613259
7.0,2.0,3.0,-0.4091326387308004
7.0,2.0,4.0,-0.2201429233010958
7.0,2.0,5.0,0.3311874100700482
7.0,2.0,6.0,0.2662874067201792
7.0,2.0,7.0,0.0342410701002137
7.0,2.0,8.0,-0.12435248842807367
7.0,2.0,9.0,-0.21996509969350203
7.0,2.0,10.0,-0.2680415039103841
7.0,2.0,11.0,-0.3187380512688873
8.0,1.0,1.0,0.45775913649178634
8.0,1.0,2.0,0.5235057802369196
8.0,1.0,3.0,0.5673957826491246
8.0,1.0,4.0,0.6607755882892036
8.0,1.0,5.0,0.6931841127743655
8.0,1.0,6.0,0.750131703701013
8.0,1.0,7.0,0.8176302824157574
8.0,1.0,8.0,0.8073836564979776
8.0,1.0,9.0,0.8173391182906139
8.0,1.0,10.0,0.7877092878272433
8.0,1.0,11.0,0.7985609043614049
8.0,2.0,1.0,-0.11251042308746813
8.0,2.0,2.0,0.2966984078502385
8.0,2.0,3.0,0.6117304761127643
8.0,2.0,4.0,0.524832668356327
8.0,2.0,5.0,-0.14017117914192612
8.0,2.0,6.0,-0.18653370238234976
8.0,2.0,7.0,-0.06807751287544857
8.0,2.0,8.0,-0.15558712965859617
8.0,2.0,9.0,-0.22925341102137758
8.0,2.0,10.0,-0.2818224217617279
8.0,2.0,11.0,-0.3218829014848515
9.0,1.0,1.0,1.1127918337970013
9.0,1.0,2.0,1.1246738990161458
9.0,1.0,3.0,1.0059416792868754
9.0,1.0,4.0,0.7453360243380558
9.0,1.0,5.0,0.7544855507537944
9.0,1.0,6.0,0.8926462471272487
9.0,1.0,7.0,0.8353515990093104
9.0,1.0,8.0,0.804984357274844
9.0,1.0,9.0,0.7823514991869783
9.0,1.0,10.0,0.7446438612060515
9.0,1.0,11.0,0.801992859471835
9.0,2.0,1.0,-0.32719547233410395
9.0,2.0,2.0,-0.32747543113925653
9.0,2.0,3.0,-0.2001343104172061
9.0,2.0,4.0,-0.3485598105931168
9.0,2.0,5.0,-0.30088378411889816
9.0,2.0,6.0,-0.2095670972442686
9.0,2.0,7.0,-0.1620344165570322
9.0,2.0,8.0,-0.16006082607104566
9.0,2.0,9.0,-0.21849662768863104
9.0,2.0,10.0,-0.26793170775534436
9.0,2.0,11.0,-0.32292266577517825
10.0,1.0,1.0,0.5273497832220317
10.0,1.0,2.0,0.8398814226376023
10.0,1.0,3.0,0.8825195888592866
10.0,1.0,4.0,0.832887176487146
10.0,1.0,5.0,0.8977463389852001
10.0,1.0,6.0,0.8076203616531915
10.0,1.0,7.0,0.8456608403849792
10.0,1.0,8.0,0.8363587645846724
10.0,1.0,9.0,0.8010138462604243
10.0,1.0,10.0,0.7975042106516078
10.0,1.0,11.0,0.755379141499242
10.0,2.0,1.0,-0.12451097809933234
10.0,2.0,2.0,-0.29961875866672616
10.0,2.0,3.0,-0.3448225402720946
10.0,2.0,4.0,-0.1789506968444507
10.0,2.0,5.0,0.11799498912122962
10.0,2.0,6.0,0.02848434205092494
10.0,2.0,7.0,0.005971217220986259
10.0,2.0,8.0,-0.14570294088990599
10.0,2.0,9.0,-0.22258767193374793
10.0,2.0,10.0,-0.2861397088274386
10.0,2.0,11.0,-0.30548224602182394
11.0,1.0,1.0,1.0140428991241677
11.0,1.0,2.0,1.204123141720376
11.0,1.0,3.0,1.0974816793997648
11.0,1.0,4.0,0.7731116192569266
11.0,1.0,5.0,0.8324576854475964
11.0,1.0,6.0,0.8224345932512908
11.0,1.0,7.0,0.7846269860655913
11.0,1.0,8.0,0.7978392281764881
11.0,1.0,9.0,0.783152716542093
11.0,1.0,10.0,0.8427253806301073
11.0,1.0,11.0,0.7676015508457319
11.0,2.0,1.0,0.13634152534368987
11.0,2.0,2.0,0.3387252463868427
11.0,2.0,3.0,0.1777877201483555
11.0,2.0,4.0,-0.12547547677444099
11.0,2.0,5.0,-0.19151585731246423
11.0,2.0,6.0,-0.32600986417910743
11.0,2.0,7.0,-0.21476162531823412
11.0,2.0,8.0,-0.1577419901881208
11.0,2.0,9.0,-0.21932301020208014
11.0,2.0,10.0,-0.3001825533769608
11.0,2.0,11.0,-0.3104640969928685
12.0,1.0,1.0,0.2207284571517657
12.0,1.0,2.0,0.4970443766186243
12.0,1.0,3.0,0.6564670648147881
12.0,1.0,4.0,0.6336547099788955
12.0,1.0,5.0,0.8208556476763673
12.0,1.0,6.0,0.8889934767891696
12.0,1.0,7.0,0.866043039971422
12.0,1.0,8.0,0.8553879850066666
12.0,1.0,9.0,0.7475493157181553
12.0,1.0,10.0,0.7970443955245502
12.0,1.0,11.0,0.7641531740726213
12.0,2.0,1.0,0.8616534191191517
12.0,2.0,2.0,0.8631421821112827
12.0,2.0,3.0,0.6859117346172479
12.0,2.0,4.0,0.5258702082492072
12.0,2.0,5.0,0.37380941453324334
12.0,2.0,6.0,0.10389931697258473
12.0,2.0,7.0,-0.06917276960096316
12.0,2.0,8.0,-0.15003395426768903
12.0,2.0,9.0,-0.20846285669094372
12.0,2.0,10.0,-0.28601165060896977
12.0,2.0,11.0,-0.30837856974083216
13.0,1.0,1.0,0.1944962771385628
13.0,1.0,2.0,0.4105234329570868
13.0,1.0,3.0,0.6559242525611693
13.0,1.0,4.0,0.6860271856815858
13.0,1.0,5.0,0.8257895527984437
13.0,1.0,6.0,0.8576216596568067
13.0,1.0,7.0,0.8130271463376152
13.0,1.0,8.0,0.7948657837333415
13.0,1.0,9.0,0.7873978145059489
13.0,1.0,10.0,0.753213781334211
13.0,1.0,11.0,0.7783578551664376
13.0,2.0,1.0,0.8966722734952762
13.0,2.0,2.0,0.8301380551036119
13.0,2.0,3.0,0.5834608107551477
13.0,2.0,4.0,0.4430730438836189
13.0,2.0,5.0,0.3292994084723104
13.0,2.0,6.0,0.18525180741729444
13.0,2.0,7.0,0.06303351523129062
13.0,2.0,8.0,-0.13782667437991722
13.0,2.0,9.0,-0.21723831240466604
13.0,2.0,10.0,-0.27148995747955385
13.0,2.0,11.0,-0.31394120839095857
14.0,1.0,1.0,0.8278057605594443
14.0,1.0,2.0,0.7382163163651008
14.0,1.0,3.0,0.7109165286176757
14.0,1.0,4.0,0.8125547067524609
14.0,1.0,5.0,0.7764407396948294
14.0,1.0,6.0,0.7720503144818461
14.0,1.0,7.0,0.8638454910954051
14.0,1.0,8.0,0.8226519449185202
14.0,1.0,9.0,0.8129163656591214
14.0,1.0,10.0,0.7283194267293632
14.0,1.0,11.0,0.7852612213084729
14.0,2.0,1.0,-0.6093371725987687
14.0,2.0,2.0,-0.5746169381111127
14.0,2.0,3.0,-0.3390399107356563
14.0,2.0,4.0,-0.24070004809011
14.0,2.0,5.0,-0.36323412099078267
14.0,2.0,6.0,-0.2667268602374801
14.0,2.0,7.0,-0.23707692567610253
14.0,2.0,8.0,-0.17210503916459435
14.0,2.0,9.0,-0.22668132683255393
14.0,2.0,10.0,-0.26259287575834733
14.0,2.0,11.0,-0.31656881333639675
15.0,1.0,1.0,0.2187123088229811
15.0,1.0,2.0,0.3679135809395663
15.0,1.0,3.0,0.532663122501348
15.0,1.0,4.0,0.7382285048602985
15.0,1.0,5.0,0.7879884721011278
15.0,1.0,6.0,0.8203258185282712
15.0,1.0,7.0,0.8711750730493847
15.0,1.0,8.0,0.8559030502322837
15.0,1.0,9.0,0.8586639435186841
15.0,1.0,10.0,0.7306075933081909
15.0,1.0,11.0,0.7685353159764693
15.0,2.0,1.0,0.9633288225047577
15.0,2.0,2.0,0.6950025871634514
15.0,2.0,3.0,0.7688156084053923
15.0,2.0,4.0,0.5463004203885211
15.0,2.0,5.0,0.42871034895986154
15.0,2.0,6.0,0.34461252583898705
15.0,2.0,7.0,0.18103171362560228
15.0,2.0,8.0,-0.1258227040105192
15.0,2.0,9.0,-0.23842705208137385
15.0,2.0,10.0,-0.2628033372336993
15.0,2.0,11.0,-0.31082624244538964
16.0,1.0,1.0,0.9752880687587192
16.0,1.0,2.0,1.1032139032641926
16.0,1.0,3.0,0.9370962829943104
16.0,1.0,4.0,1.1080067320783877
16.0,1.0,5.0,0.8435147319165607
16.0,1.0,6.0,0.8177799381953698
16.0,1.0,7.0,0.8310790800843642
16.0,1.0,8.0,0.7805953952502385
16.0,1.0,9.0,0.8374983326147666
16.0,1.0,10.0,0.7696569738250065
16.0,1.0,11.0,0.7632918434256188
16.0,2.0,1.0,0.6417581998795333
16.0,2.0,2.0,0.42874866436475717
16.0,2.0,3.0,-0.02347880543415754
16.0,2.0,4.0,-0.1418425103464867
16.0,2.0,5.0,-0.031421008545025136
16.0,2.0,6.0,-0.10320494423466027
16.0,2.0,7.0,-0.10423848858683002
16.0,2.0,8.0,-0.14621358211501093
16.0,2.0,9.0,-0.23098180617174727
16.0,2.0,10.0,-0.27773276420645937
16.0,2.0,11.0,-0.30815776284027074
17.0,1.0,1.0,0.6906950208346797
17.0,1.0,2.0,0.7920718912796284
17.0,1.0,3.0,0.748765683550533
17.0,1.0,4.0,0.851718283910875
17.0,1.0,5.0,0.9087636868397991
17.0,1.0,6.0,0.8538820318036745
17.0,1.0,7.0,0.8739122645981208
17.0,1.0,8.0,0.7817582845899826
17.0,1.0,9.0,0.7508366809144035
17.0,1.0,10.0,0.7917543108664026
17.0,1.0,11.0,0.7476058594030562
17.0,2.0,1.0,-0.7370664312633273
17.0,2.0,2.0,-0.3963126602388988
17.0,2.0,3.0,-0.36652934200929116
17.0,2.0,4.0,-0.27575670858280593
17.0,2.0,5.0,-0.23382258441708398
17.0,2.0,6.0,-0.043244700624245166
17.0,2.0,7.0,-0.013104671886675365
17.0,2.0,8.0,-0.13624119366207713
17.0,2.0,9.0,-0.21106397549735906
17.0,2.0,10.0,-0.28362006420929
17.0,2.0,11.0,-0.3027610084826548
18.0,1.0,1.0,0.8243469906933386
18.0,1.0,2.0,0.9020637783109337
18.0,1.0,3.0,0.7526700926198437
18.0,1.0,4.0,0.7572333145256166
18.0,1.0,5.0,0.7840469401701269
18.0,1.0,6.0,0.7698180147452063
18.0,1.0,7.0,0.8548807881114423
18.0,1.0,8.0,0.8091713365343167
18.0,1.0,9.0,0.7862602430099488
18.0,1.0,10.0,0.7516305087957625
18.0,1.0,11.0,0.7856283070983187
18.0,2.0,1.0,-0.437899439999487
18.0,2.0,2.0,-0.3942800968211652
18.0,2.0,3.0,-0.33183608092159333
18.0,2.0,4.0,-0.263655993382526
18.0,2.0,5.0,-0.05905422571442448
18.0,2.0,6.0,0.10608908891423029
18.0,2.0,7.0,0.012029140338147106
18.0,2.0,8.0,-0.1317754430663108
18.0,2.0,9.0,-0.22473206149517055
18.0,2.0,10.0,-0.2689961217488214
18.0,2.0,11.0,-0.31733274113898857
19.0,1.0,1.0,0.37657879739213396
19.0,1.0,2.0,0.6379404444753523
19.0,1.0,3.0,0.5346786924605198
19.0,1.0,4.0,0.5857561156402988
19.0,1.0,5.0,0.7044419494668721
19.0,1.0,6.0,0.8458093094590252
19.0,1.0,7.0,0.8110208091311638
19.0,1.0,8.0,0.8524614509478295
19.0,1.0,9.0,0.8591915244855509
19.0,1.0,10.0,0.7359367018737537
19.0,1.0,11.0,0.7396839113015069
19.0,2.0,1.0,0.7206800185555767
19.0,2.0,2.0,0.8394377139771203
19.0,2.0,3.0,0.794034739864057
19.0,2.0,4.0,0.5837988834500353
19.0,2.0,5.0,0.4222734019664446
19.0,2.0,6.0,0.307373423241009
19.0,2.0,7.0,0.04381365893961382
19.0,2.0,8.0,-0.14970055984775346
19.0,2.0,9.0,-0.237788136630813
19.0,2.0,10.0,-0.26598491497962895
19.0,2.0,11.0,-0.299630973041118
20.0,1.0,1.0,0.4588775107745463
20.0,1.0,2.0,0.7768451833890266
20.0,1.0,3.0,0.7462018601906586
20.0,1.0,4.0,0.9059250647893519
20.0,1.0,5.0,0.9568721615356246
20.0,1.0,6.0,0.8694515483639318
20.0,1.0,7.0,0.8144650083797185
20.0,1.0,8.0,0.8098449634814479
20.0,1.0,9.0,0.8233513684400761
20.0,1.0,10.0,0.7884451454243641
20.0,1.0,11.0,0.7887773631516046
20.0,2.0,1.0,0.9946563772560221
20.0,2.0,2.0,0.8170970392806086
20.0,2.0,3.0,0.47946391851128284
20.0,2.0,4.0,0.5516140575478603
20.0,2.0,5.0,-0.10545984287544007
20.0,2.0,6.0,-0.13893966325590848
20.0,2.0,7.0,-0.12842125399110232
20.0,2.0,8.0,-0.1618641931357284
20.0,2.0,9.0,-0.22902197376220904
20.0,2.0,10.0,-0.28233740459875145
20.0,2.0,11.0,-0.3179640842689737
21.0,1.0,1.0,0.25613884506354684
21.0,1.0,2.0,0.5030976004038502
21.0,1.0,3.0,0.7671578908390273
21.0,1.0,4.0,0.9439591294922083
21.0,1.0,5.0,0.8058770063045022
21.0,1.0,6.0,0.7101457712474601
21.0,1.0,7.0,0.8256532741514823
21.0,1.0,8.0,0.8306446038280885
21.0,1.0,9.0,0.8415761312272053
21.0,1.0,10.0,0.7949573791506187
21.0,1.0,11.0,0.7501590789460194
21.0,2.0,1.0,0.9773151713047422
21.0,2.0,2.0,0.9326872043626381
21.0,2.0,3.0,0.6142559328821472
21.0,2.0,4.0,0.1816270159287445
21.0,2.0,5.0,-0.2592134359041012
21.0,2.0,6.0,-0.2181464472978032
21.0,2.0,7.0,-0.1652181061396188
21.0,2.0,8.0,-0.1657976560248868
21.0,2.0,9.0,-0.23357730444004976
21.0,2.0,10.0,-0.28457541807654374
21.0,2.0,11.0,-0.30420738030262706
22.0,1.0,1.0,1.1632586156729223
22.0,1.0,2.0,1.4109143622547584
22.0,1.0,3.0,1.0311618766802866
22.0,1.0,4.0,0.775670003131957
22.0,1.0,5.0,0.7405543247412749
22.0,1.0,6.0,0.7743763802318696
22.0,1.0,7.0,0.8758701380850642
22.0,1.0,8.0,0.82403497825674
22.0,1.0,9.0,0.7816812638360805
22.0,1.0,10.0,0.7789665968228766
22.0,1.0,11.0,0.7221380468801157
22.0,2.0,1.0,0.4657986620752233
22.0,2.0,2.0,0.48142289770066177
22.0,2.0,3.0,0.43036340091677605
22.0,2.0,4.0,0.469276673997927
22.0,2.0,5.0,0.4971108740407298
22.0,2.0,6.0,0.2753877561872155
22.0,2.0,7.0,0.055692884854215134
22.0,2.0,8.0,-0.13459837132834426
22.0,2.0,9.0,-0.21907578637830305
22.0,2.0,10.0,-0.2790796173299664
22.0,2.0,11.0,-0.2936513589338939
23.0,1.0,1.0,0.5729681796309373
23.0,1.0,2.0,0.5477086818155353
23.0,1.0,3.0,0.5948297829410016
23.0,1.0,4.0,0.7760915394109186
23.0,1.0,5.0,0.6208932387567672
23.0,1.0,6.0,0.7794464846768029
23.0,1.0,7.0,0.8967987687913561
23.0,1.0,8.0,0.8305626600215941
23.0,1.0,9.0,0.7714452305478204
23.0,1.0,10.0,0.765278609670934
23.0,1.0,11.0,0.7476386242920904
23.0,2.0,1.0,0.5181764535384159
23.0,2.0,2.0,0.6080696624488142
23.0,2.0,3.0,0.5178029661176442
23.0,2.0,4.0,0.48710315171472907
23.0,2.0,5.0,0.40124487920617224
23.0,2.0,6.0,0.28730141011523264
23.0,2.0,7.0,0.14229443128220373
23.0,2.0,8.0,-0.11414279950771658
23.0,2.0,9.0,-0.21837504474444988
23.0,2.0,10.0,-0.27455409353343163
23.0,2.0,11.0,-0.3025867265771268
24.0,1.0,1.0,0.6653876436869739
24.0,1.0,2.0,0.8440264847708256
24.0,1.0,3.0,0.8069819230056795
24.0,1.0,4.0,0.8794060828699684
24.0,1.0,5.0,0.9112303177358214
24.0,1.0,6.0,0.7162887428116557
24.0,1.0,7.0,0.8231946945096639
24.0,1.0,8.0,0.8165895207618357
24.0,1.0,9.0,0.8001686224455377
24.0,1.0,10.0,0.7343754650612532
24.0,1.0,11.0,0.7364597527434744
24.0,2.0,1.0,-0.6073978883168022
24.0,2.0,2.0,-0.5172406275900361
24.0,2.0,3.0,-0.12058870837248005
24.0,2.0,4.0,0.2517750151215179
24.0,2.0,5.0,0.40302854512542213
24.0,2.0,6.0,0.2314631911280574
24.0,2.0,7.0,-0.010812240229515952
24.0,2.0,8.0,-0.15185361981561932
24.0,2.0,9.0,-0.22440443646226058
24.0,2.0,10.0,-0.26443274466790506
24.0,2.0,11.0,-0.29897596224847345
25.0,1.0,1.0,0.7485632626417235
25.0,1.0,2.0,0.7430634630707821
25.0,1.0,3.0,0.7765769458679421
25.0,1.0,4.0,0.8130668646598767
25.0,1.0,5.0,0.8458010784224674
25.0,1.0,6.0,0.8138313298484741
25.0,1.0,7.0,0.8594590404915944
25.0,1.0,8.0,0.827769982963706
25.0,1.0,9.0,0.7929153047649219
25.0,1.0,10.0,0.7632550413561531
25.0,1.0,11.0,0.762483158911825
25.0,2.0,1.0,-0.6004577384523796
25.0,2.0,2.0,-0.5969356131498008
25.0,2.0,3.0,-0.3882589513840568
25.0,2.0,4.0,-0.3632721781455325
25.0,2.0,5.0,-0.30170202381795
25.0,2.0,6.0,-0.2568295874656899
25.0,2.0,7.0,-0.16100354817695553
25.0,2.0,8.0,-0.15580675855660403
25.0,2.0,9.0,-0.2211098158145134
25.0,2.0,10.0,-0.27433897730759266
25.0,2.0,11.0,-0.30820231391809055
26.0,1.0,1.0,0.13415646903323822
26.0,1.0,2.0,0.29771298986373307
26.0,1.0,3.0,0.530306864820328
26.0,1.0,4.0,0.7697635253802201
26.0,1.0,5.0,0.6366407533461156
26.0,1.0,6.0,0.7650230020745092
26.0,1.0,7.0,0.8599541092917056
26.0,1.0,8.0,0.7594066263430461
26.0,1.0,9.0,0.7624999554744799
26.0,1.0,10.0,0.7396271886635062
26.0,1.0,11.0,0.7673862894854735
26.0,2.0,1.0,0.9408665066452523
26.0,2.0,2.0,0.9195552726909536
26.0,2.0,3.0,0.6949157262203841
26.0,2.0,4.0,0.5816821928658007
26.0,2.0,5.0,0.48552635917841414
26.0,2.0,6.0,0.2539900212628566
26.0,2.0,7.0,0.026488290255133076
26.0,2.0,8.0,-0.12797593922162384
26.0,2.0,9.0,-0.21685986170137825
26.0,2.0,10.0,-0.26560319984692377
26.0,2.0,11.0,-0.31019372575009274
27.0,1.0,1.0,0.7503089257468056
27.0,1.0,2.0,0.6631967521560005
27.0,1.0,3.0,0.5963903091053935
27.0,1.0,4.0,0.8162109343998004
27.0,1.0,5.0,0.8704065558052679
27.0,1.0,6.0,0.8072799071991192
27.0,1.0,7.0,0.8335153464274366
27.0,1.0,8.0,0.797744338864367
27.0,1.0,9.0,0.7629251631042171
27.0,1.0,10.0,0.7549073246402683
27.0,1.0,11.0,0.7907868037154738
27.0,2.0,1.0,0.6482098768481079
27.0,2.0,2.0,0.5233754960515098
27.0,2.0,3.0,0.101730470562037
27.0,2.0,4.0,-0.23594198833028104
27.0,2.0,5.0,-0.19455916628192965
27.0,2.0,6.0,-0.14822591407418992
27.0,2.0,7.0,-0.22269543214537757
27.0,2.0,8.0,-0.15484212329163233
27.0,2.0,9.0,-0.2127882934069738
27.0,2.0,10.0,-0.2723471148759174
27.0,2.0,11.0,-0.31823137041938343
28.0,1.0,1.0,0.5495541723004599
28.0,1.0,2.0,0.545761395570693
28.0,1.0,3.0,0.5731719687222026
28.0,1.0,4.0,0.6124794667469791
28.0,1.0,5.0,0.7959233892174746
28.0,1.0,6.0,0.8002611226417967
28.0,1.0,7.0,0.795204121816359
28.0,1.0,8.0,0.834362712277747
28.0,1.0,9.0,0.7612162298719376
28.0,1.0,10.0,0.7602546775033897
28.0,1.0,11.0,0.7597322181479752
28.0,2.0,1.0,0.2476086652884008
28.0,2.0,2.0,0.32389246900105
28.0,2.0,3.0,0.6293526737366661
28.0,2.0,4.0,0.557628958622168
28.0,2.0,5.0,0.3681072284738013
28.0,2.0,6.0,-0.15383643005044334
28.0,2.0,7.0,-0.23210564363992817
28.0,2.0,8.0,-0.17613663935862736
28.0,2.0,9.0,-0.21033671297506681
28.0,2.0,10.0,-0.27362245194258117
28.0,2.0,11.0,-0.3072968441576427
29.0,1.0,1.0,0.21960841068635922
29.0,1.0,2.0,0.23980718276953164
29.0,1.0,3.0,0.4417186965252732
29.0,1.0,4.0,0.5386225562923166
29.0,1.0,5.0,0.7781169078348623
29.0,1.0,6.0,0.772044484069014
29.0,1.0,7.0,0.8382636912596207
29.0,1.0,8.0,0.7907219378825456
29.0,1.0,9.0,0.8105040448677895
29.0,1.0,10.0,0.7791865056562773
29.0,1.0,11.0,0.7244117247902181
29.0,2.0,1.0,0.8614635408692417
29.0,2.0,2.0,0.8289435117384358
29.0,2.0,3.0,0.7882965109424674
29.0,2.0,4.0,0.46545538916094
29.0,2.0,5.0,0.23622244225602104
29.0,2.0,6.0,0.23918205934219838
29.0,2.0,7.0,-0.014158283192233759
29.0,2.0,8.0,-0.1545743390382708
29.0,2.0,9.0,-0.22511525195125992
29.0,2.0,10.0,-0.2798726175964022
29.0,2.0,11.0,-0.2943424067236708
30.0,1.0,1.0,0.9797884144400414
30.0,1.0,2.0,1.0802382312924363
30.0,1.0,3.0,0.8225809322852803
30.0,1.0,4.0,0.8190642205316256
30.0,1.0,5.0,0.846542711303969
30.0,1.0,6.0,0.8842899845536598
30.0,1.0,7.0,0.8437094874509824
30.0,1.0,8.0,0.8330776676751259
30.0,1.0,9.0,0.8185065196049143
30.0,1.0,10.0,0.768394219241731
30.0,1.0,11.0,0.7278923089299962
30.0,2.0,1.0,-0.22163636158118788
30.0,2.0,2.0,-0.41445551452896395
30.0,2.0,3.0,-0.3791003695151663
30.0,2.0,4.0,-0.2760941838656696
30.0,2.0,5.0,-0.030205980312020486
30.0,2.0,6.0,-0.12505377106009616
30.0,2.0,7.0,-0.09865168282330723
30.0,2.0,8.0,-0.1534236906816002
30.0,2.0,9.0,-0.2283571479139235
30.0,2.0,10.0,-0.27563216779368166
30.0,2.0,11.0,-0.2957704987840716
31.0,1.0,1.0,-0.8581442523331462
31.0,1.0,2.0,-1.0653941668975928
31.0,1.0,3.0,-0.6798908000282078
31.0,1.0,4.0,-0.6385560083756922
31.0,1.0,5.0,-0.8415930544875116
31.0,1.0,6.0,-0.7967822503984796
31.0,1.0,7.0,-0.8286028591730463
31.0,1.0,8.0,-0.7726801806365393
31.0,1.0,9.0,-0.8229476988682027
31.0,1.0,10.0,-0.7939038548437043
31.0,1.0,11.0,-0.7695544205825999
31.0,2.0,1.0,-0.8287145836344183
31.0,2.0,2.0,-0.7398191681801836
31.0,2.0,3.0,-0.6415394946311248
31.0,2.0,4.0,-0.5735364643725342
31.0,2.0,5.0,-0.3976362953068402
31.0,2.0,6.0,-0.18297078855364501
31.0,2.0,7.0,-0.031275878527571244
31.0,2.0,8.0,0.11483754010741079
31.0,2.0,9.0,0.19368509012595392
31.0,2.0,10.0,0.23962897446838027
31.0,2.0,11.0,0.2582309862159153
32.0,1.0,1.0,-0.5343317773130327
32.0,1.0,2.0,-0.40227028311323
32.0,1.0,3.0,-0.525086371440489
32.0,1.0,4.0,-0.6968403195755781
32.0,1.0,5.0,-0.7337322386053607
32.0,1.0,6.0,-0.7509761153023541
32.0,1.0,7.0,-0.7200796148300168
32.0,1.0,8.0,-0.8023427805316443
32.0,1.0,9.0,-0.7681956250478809
32.0,1.0,10.0,-0.7697511759401785
32.0,1.0,11.0,-0.7955452007451922
32.0,2.0,1.0,-0.8948273734554515
32.0,2.0,2.0,-0.816242640858045
32.0,2.0,3.0,-0.6304734640323764
32.0,2.0,4.0,-0.4889009647019538
32.0,2.0,5.0,-0.43936716601836434
32.0,2.0,6.0,-0.30285124396302715
32.0,2.0,7.0,0.0002282021872664027
32.0,2.0,8.0,0.11629657993657533
32.0,2.0,9.0,0.18041568177026565
32.0,2.0,10.0,0.23086436697676738
32.0,2.0,11.0,0.2682615400094284
33.0,1.0,1.0,-0.2558612700711241
33.0,1.0,2.0,-0.37845213802804745
33.0,1.0,3.0,-0.6032473338536705
33.0,1.0,4.0,-0.9469988166017181
33.0,1.0,5.0,-0.8819790153328256
33.0,1.0,6.0,-0.797365568024132
33.0,1.0,7.0,-0.7556692151598757
33.0,1.0,8.0,-0.7829872541261697
33.0,1.0,9.0,-0.8135789762573556
33.0,1.0,10.0,-0.7948922837176392
33.0,1.0,11.0,-0.7978182005376
33.0,2.0,1.0,-0.2769126534178569
33.0,2.0,2.0,-0.4954762142762419
33.0,2.0,3.0,-0.542746844103834
33.0,2.0,4.0,-0.4087764202364398
33.0,2.0,5.0,-0.18487002914594908
33.0,2.0,6.0,-0.006046540545051746
33.0,2.0,7.0,0.023649409348866276
33.0,2.0,8.0,0.11802276836417618
33.0,2.0,9.0,0.19158085268662234
33.0,2.0,10.0,0.23933658216033102
33.0,2.0,11.0,0.26927573347845346
34.0,1.0,1.0,-0.3477408662950964
34.0,1.0,2.0,-0.3672800834295218
34.0,1.0,3.0,-0.47741263140248813
34.0,1.0,4.0,-0.7574119368519578
34.0,1.0,5.0,-0.6277268768995351
34.0,1.0,6.0,-0.8123545259611598
34.0,1.0,7.0,-0.8040902941966533
34.0,1.0,8.0,-0.8353415464148255
34.0,1.0,9.0,-0.8314175976644866
34.0,1.0,10.0,-0.7812135104353921
34.0,1.0,11.0,-0.788444553748111
34.0,2.0,1.0,-0.6936252961624827
34.0,2.0,2.0,-0.7072997938854287
34.0,2.0,3.0,-0.48180457490296386
34.0,2.0,4.0,-0.29811796816762975
34.0,2.0,5.0,-0.3932565265570466
34.0,2.0,6.0,-0.3354916669189826
34.0,2.0,7.0,-0.008159208944471093
34.0,2.0,8.0,0.12827622588449744
34.0,2.0,9.0,0.19502853343067286
34.0,2.0,10.0,0.2353937760319861
34.0,2.0,11.0,0.2653950884919817
35.0,1.0,1.0,-0.3798238284386231
35.0,1.0,2.0,-0.4581986448056142
35.0,1.0,3.0,-0.602063443424612
35.0,1.0,4.0,-0.756977044890994
35.0,1.0,5.0,-0.8349183686455036
35.0,1.0,6.0,-0.8623116537845927
35.0,1.0,7.0,-0.8177168941070598
35.0,1.0,8.0,-0.7837184851488825
35.0,1.0,9.0,-0.7911389369899307
35.0,1.0,10.0,-0.794556682053296
35.0,1.0,11.0,-0.7687271727291359
35.0,2.0,1.0,-0.23302632658333644
35.0,2.0,2.0,-0.4494751573888715
35.0,2.0,3.0,-0.7062842147248648
35.0,2.0,4.0,-0.5407132858436727
35.0,2.0,5.0,-0.38871734742000447
35.0,2.0,6.0,-0.17949084411583854
35.0,2.0,7.0,0.01284036433632386
35.0,2.0,8.0,0.11652646230950595
35.0,2.0,9.0,0.18671369074323876
35.0,2.0,10.0,0.23892182435281217
35.0,2.0,11.0,0.2587877065870049
36.0,1.0,1.0,-0.6214227401441033
36.0,1.0,2.0,-0.6793026217709867
36.0,1.0,3.0,-0.6984318674490911
36.0,1.0,4.0,-0.8042493912731081
36.0,1.0,5.0,-0.8567175100497874
36.0,1.0,6.0,-0.7657085552608195
36.0,1.0,7.0,-0.7873946680834977
36.0,1.0,8.0,-0.7731237727560519
36.0,1.0,9.0,-0.8488662797775185
36.0,1.0,10.0,-0.781423992723097
36.0,1.0,11.0,-0.8053637461922272
36.0,2.0,1.0,0.22984939101034782
36.0,2.0,2.0,0.26687447738030057
36.0,2.0,3.0,0.3652251858402267
36.0,2.0,4.0,0.35986058983078667
36.0,2.0,5.0,-0.12053402639646293
36.0,2.0,6.0,-0.21506135837172652
36.0,2.0,7.0,-0.09569723551427968
36.0,2.0,8.0,0.10034621499978076
36.0,2.0,9.0,0.20215597787525053
36.0,2.0,10.0,0.2329831317044729
36.0,2.0,11.0,0.27310377387241574
37.0,1.0,1.0,-0.8120461932613476
37.0,1.0,2.0,-0.8067089164398759
37.0,1.0,3.0,-0.7198148524976642
37.0,1.0,4.0,-0.7715179927344568
37.0,1.0,5.0,-0.7450390556404414
37.0,1.0,6.0,-0.7422840179409463
37.0,1.0,7.0,-0.7902832140673818
37.0,1.0,8.0,-0.8107494243794398
37.0,1.0,9.0,-0.7852419843622749
37.0,1.0,10.0,-0.7708705159204302
37.0,1.0,11.0,-0.8310751062250806
37.0,2.0,1.0,0.487445033955102
37.0,2.0,2.0,0.46044692014790384
37.0,2.0,3.0,0.33228473719276874
37.0,2.0,4.0,0.4126715071810912
37.0,2.0,5.0,0.24979233201393566
37.0,2.0,6.0,0.2072535141178789
37.0,2.0,7.0,0.08977987736028196
37.0,2.0,8.0,0.12808261083559724
37.0,2.0,9.0,0.18469554523805928
37.0,2.0,10.0,0.2313716653534402
37.0,2.0,11.0,0.28117794266149654
38.0,1.0,1.0,-0.3071009259922703
38.0,1.0,2.0,-0.49628293055012807
38.0,1.0,3.0,-0.5694982896810348
38.0,1.0,4.0,-0.6370792429919148
38.0,1.0,5.0,-0.7640902698743017
38.0,1.0,6.0,-0.8720285647908224
38.0,1.0,7.0,-0.7740811727629978
38.0,1.0,8.0,-0.8211472362454233
38.0,1.0,9.0,-0.8177897434033915
38.0,1.0,10.0,-0.7426616965490346
38.0,1.0,11.0,-0.8266612238751897
38.0,2.0,1.0,-1.0060306604587037
38.0,2.0,2.0,-0.9931382379292447
38.0,2.0,3.0,-0.6722191413465627
38.0,2.0,4.0,-0.5037958198975391
38.0,2.0,5.0,-0.32953819704655585
38.0,2.0,6.0,0.011332727138917411
38.0,2.0,7.0,0.0491403594418956
38.0,2.0,8.0,0.12451069621008318
38.0,2.0,9.0,0.19069790055107197
38.0,2.0,10.0,0.22250898704103644
38.0,2.0,11.0,0.2793797535107594
39.0,1.0,1.0,-0.8880973546001314
39.0,1.0,2.0,-1.0947613694675749
39.0,1.0,3.0,-0.9240801211677878
39.0,1.0,4.0,-0.7303816996823693
39.0,1.0,5.0,-0.7445838625822151
39.0,1.0,6.0,-0.8491949237767288
39.0,1.0,7.0,-0.7309761692385426
39.0,1.0,8.0,-0.791368345166378
39.0,1.0,9.0,-0.8043965292042208
39.0,1.0,10.0,-0.7679634419371536
39.0,1.0,11.0,-0.7747773124452243
39.0,2.0,1.0,0.8397602886962865
39.0,2.0,2.0,0.6771990569638333
39.0,2.0,3.0,0.138079419100046
39.0,2.0,4.0,-0.3938872555435232
39.0,2.0,5.0,-0.35721676896864785
39.0,2.0,6.0,-0.2389749035432856
39.0,2.0,7.0,0.031079189754471034
39.0,2.0,8.0,0.1126184944473135
39.0,2.0,9.0,0.188161988978745
39.0,2.0,10.0,0.2308858878130398
39.0,2.0,11.0,0.26079727674692565
40.0,1.0,1.0,-0.6588414656583449
40.0,1.0,2.0,-0.7322370271638668
40.0,1.0,3.0,-0.7547145766647576
40.0,1.0,4.0,-0.8268736450125705
40.0,1.0,5.0,-0.8143508589315496
40.0,1.0,6.0,-0.7961315572670314
40.0,1.0,7.0,-0.7885290183114602
40.0,1.0,8.0,-0.864030068041526
40.0,1.0,9.0,-0.7739348759600991
40.0,1.0,10.0,-0.7848793148760537
40.0,1.0,11.0,-0.7660217640389935
40.0,2.0,1.0,0.2469226969019886
40.0,2.0,2.0,0.35028609677117817
40.0,2.0,3.0,0.3361474925278084
40.0,2.0,4.0,0.20614938545829642
40.0,2.0,5.0,0.26507611841874656
40.0,2.0,6.0,0.19720440703302902
40.0,2.0,7.0,0.14783810632308636
40.0,2.0,8.0,0.14033728141484456
40.0,2.0,9.0,0.18363524377671844
40.0,2.0,10.0,0.23489701667865995
40.0,2.0,11.0,0.2580804690500271
41.0,1.0,1.0,-0.3092971762231289
41.0,1.0,2.0,-0.46766022717838734
41.0,1.0,3.0,-0.48628601426067203
41.0,1.0,4.0,-0.6602133658458775
41.0,1.0,5.0,-0.8554192829160694
41.0,1.0,6.0,-0.8653171507930228
41.0,1.0,7.0,-0.8788167181156582
41.0,1.0,8.0,-0.8041846858587139
41.0,1.0,9.0,-0.7828965127239054
41.0,1.0,10.0,-0.7849666004824083
41.0,1.0,11.0,-0.7526665435153569
41.0,2.0,1.0,-0.9593461172099628
41.0,2.0,2.0,-0.95112707467706
41.0,2.0,3.0,-0.5577317325280964
41.0,2.0,4.0,-0.6253284349036023
41.0,2.0,5.0,-0.27224385012396835
41.0,2.0,6.0,-0.1626238537274595
41.0,2.0,7.0,0.01130945753251455
41.0,2.0,8.0,0.12340353527856582
41.0,2.0,9.0,0.18349814755083038
41.0,2.0,10.0,0.23588453373967436
41.0,2.0,11.0,0.25263874458907204
42.0,1.0,1.0,-0.2729977849609874
42.0,1.0,2.0,-0.5676288419332041
42.0,1.0,3.0,-0.5744316830875157
42.0,1.0,4.0,-0.5605558606035792
42.0,1.0,5.0,-0.7090084898764436
42.0,1.0,6.0,-0.8756718448630173
42.0,1.0,7.0,-0.8209955070824563
42.0,1.0,8.0,-0.8372039456831513
42.0,1.0,9.0,-0.7861846243994046
42.0,1.0,10.0,-0.8132074459556947
42.0,1.0,11.0,-0.7541441898153912
42.0,2.0,1.0,-0.682401315474735
42.0,2.0,2.0,-0.5670443949513135
42.0,2.0,3.0,-0.6470461036331456
42.0,2.0,4.0,-0.4609360451884938
42.0,2.0,5.0,-0.31512884430984317
42.0,2.0,6.0,-0.22099222223364096
42.0,2.0,7.0,-0.02495920326915992
42.0,2.0,8.0,0.13161080765393993
42.0,2.0,9.0,0.18428537292582992
42.0,2.0,10.0,0.24478962623461667
42.0,2.0,11.0,0.2540738892726059
43.0,1.0,1.0,-0.7541542324683823
43.0,1.0,2.0,-0.6977896728290667
43.0,1.0,3.0,-0.7477873738115539
43.0,1.0,4.0,-0.9449713536664678
43.0,1.0,5.0,-0.7588807235282422
43.0,1.0,6.0,-0.6809322775718905
43.0,1.0,7.0,-0.813825769926144
43.0,1.0,8.0,-0.7994354355096849
43.0,1.0,9.0,-0.7590575953945251
43.0,1.0,10.0,-0.7734432451728723
43.0,1.0,11.0,-0.8177426741298299
43.0,2.0,1.0,0.6036933170643137
43.0,2.0,2.0,0.5352754763958525
43.0,2.0,3.0,0.3372450040558213
43.0,2.0,4.0,0.42170221333301405
43.0,2.0,5.0,0.2234665707665385
43.0,2.0,6.0,0.10153974704093666
43.0,2.0,7.0,0.06771271400512512
43.0,2.0,8.0,0.12870356847576062
43.0,2.0,9.0,0.1762937477503122
43.0,2.0,10.0,0.23272744319122823
43.0,2.0,11.0,0.276124707861106
44.0,1.0,1.0,-0.20361290801443915
44.0,1.0,2.0,-0.33921858943396205
44.0,1.0,3.0,-0.5805767342777646
44.0,1.0,4.0,-0.7729861320679859
44.0,1.0,5.0,-0.8347748571199746
44.0,1.0,6.0,-0.774019347563203
44.0,1.0,7.0,-0.819499786343387
44.0,1.0,8.0,-0.8510647922021717
44.0,1.0,9.0,-0.7942825958130336
44.0,1.0,10.0,-0.8125557498244101
44.0,1.0,11.0,-0.7540868517705503
44.0,2.0,1.0,-1.0092571681979001
44.0,2.0,2.0,-0.9765061252986736
44.0,2.0,3.0,-0.41524016473354347
44.0,2.0,4.0,0.14710707842310652
44.0,2.0,5.0,0.21987542315511846
44.0,2.0,6.0,0.28445480038768994
44.0,2.0,7.0,0.16223813162460793
44.0,2.0,8.0,0.13065939936062582
44.0,2.0,9.0,0.18713510636274416
44.0,2.0,10.0,0.2447218641240293
44.0,2.0,11.0,0.25353888512119
45.0,1.0,1.0,-1.0096200392758723
45.0,1.0,2.0,-0.9349686652976548
45.0,1.0,3.0,-0.7520590382570044
45.0,1.0,4.0,-0.7310700558395105
45.0,1.0,5.0,-0.8106854991669536
45.0,1.0,6.0,-0.7610950014152261
45.0,1.0,7.0,-0.7491095918275914
45.0,1.0,8.0,-0.7457387909177366
45.0,1.0,9.0,-0.7708464670378182
45.0,1.0,10.0,-0.7792454146900705
45.0,1.0,11.0,-0.7882141605868982
45.0,2.0,1.0,0.47045268812976887
45.0,2.0,2.0,0.42587485663523655
45.0,2.0,3.0,0.43490042840747434
45.0,2.0,4.0,0.3138582188762214
45.0,2.0,5.0,0.19067200353231326
45.0,2.0,6.0,0.214683121913991
45.0,2.0,7.0,0.18576916516744413
45.0,2.0,8.0,0.12287432902630449
45.0,2.0,9.0,0.1803981204652551
45.0,2.0,10.0,0.2341290249018918
45.0,2.0,11.0,0.26571931769800633
46.0,1.0,1.0,-1.0899401808623583
46.0,1.0,2.0,-1.2501005130175937
46.0,1.0,3.0,-1.0748338741334829
46.0,1.0,4.0,-0.822924720177237
46.0,1.0,5.0,-0.8722597840934798
46.0,1.0,6.0,-0.8444015168666953
46.0,1.0,7.0,-0.8209429050625999
46.0,1.0,8.0,-0.8167313545439335
46.0,1.0,9.0,-0.8233846978636452
46.0,1.0,10.0,-0.7985604493908713
46.0,1.0,11.0,-0.7661457296668055
46.0,2.0,1.0,-0.02563484388399026
46.0,2.0,2.0,-0.2049475871077348
46.0,2.0,3.0,-0.11604055611921593
46.0,2.0,4.0,-0.023492697499699188
46.0,2.0,5.0,0.27979661210790174
46.0,2.0,6.0,0.1214679102875099
46.0,2.0,7.0,0.07595667800969803
46.0,2.0,8.0,0.1319131465901749
46.0,2.0,9.0,0.19532706405263267
46.0,2.0,10.0,0.23987072545585417
46.0,2.0,11.0,0.2579787272843068
47.0,1.0,1.0,-0.2591969187533252
47.0,1.0,2.0,-0.37428989140258084
47.0,1.0,3.0,-0.4821292498814359
47.0,1.0,4.0,-0.6301613573600751
47.0,1.0,5.0,-0.8429128421193309
47.0,1.0,6.0,-0.7279171921612673
47.0,1.0,7.0,-0.8313148362239952
47.0,1.0,8.0,-0.8122157442220983
47.0,1.0,9.0,-0.8175923389904778
47.0,1.0,10.0,-0.7796213230825463
47.0,1.0,11.0,-0.7989665780244758
47.0,2.0,1.0,-0.6271457918579488
47.0,2.0,2.0,-0.7950110659736507
47.0,2.0,3.0,-0.662418810341178
47.0,2.0,4.0,-0.4939909598211867
47.0,2.0,5.0,-0.1692068541926884
47.0,2.0,6.0,-0.030451517398746422
47.0,2.0,7.0,0.038144973143878234
47.0,2.0,8.0,0.127743192612855
47.0,2.0,9.0,0.1931675402642014
47.0,2.0,10.0,0.23394674765608886
47.0,2.0,11.0,0.2698510877478131
48.0,1.0,1.0,-0.780114093854877
48.0,1.0,2.0,-0.8430140386560877
48.0,1.0,3.0,-0.8949578672467768
48.0,1.0,4.0,-0.7279741739371294
48.0,1.0,5.0,-0.881027807873916
48.0,1.0,6.0,-0.863002101162717
48.0,1.0,7.0,-0.7719566776264554
48.0,1.0,8.0,-0.7476442292146454
48.0,1.0,9.0,-0.8219810171613742
48.0,1.0,10.0,-0.7825234506592078
48.0,1.0,11.0,-0.7901090782652627
48.0,2.0,1.0,0.46088069502440876
48.0,2.0,2.0,0.36497277606417045
48.0,2.0,3.0,0.18247340265661963
48.0,2.0,4.0,0.2199669523792414
48.0,2.0,5.0,0.2987157195241345
48.0,2.0,6.0,0.25908079190991734
48.0,2.0,7.0,0.09822866194982016
48.0,2.0,8.0,0.11750261262706407
48.0,2.0,9.0,0.1957894778363541
48.0,2.0,10.0,0.23452957683789755
48.0,2.0,11.0,0.26681896070863037
49.0,1.0,1.0,-0.9558850288279602
49.0,1.0,2.0,-1.1347949855591037
49.0,1.0,3.0,-0.9894632275795815
49.0,1.0,4.0,-1.0297807790802034
49.0,1.0,5.0,-0.797318060506506
49.0,1.0,6.0,-0.8365030445959716
49.0,1.0,7.0,-0.7599022199547779
49.0,1.0,8.0,-0.7447634465306737
49.0,1.0,9.0,-0.8208260757133671
49.0,1.0,10.0,-0.7469899099135762
49.0,1.0,11.0,-0.7993269789898961
49.0,2.0,1.0,0.04292018754321046
49.0,2.0,2.0,0.051098220935303716
49.0,2.0,3.0,0.002502078180207918
49.0,2.0,4.0,0.1643609969017751
49.0,2.0,5.0,0.2546876695858643
49.0,2.0,6.0,0.15606348275361412
49.0,2.0,7.0,0.09294785544366273
49.0,2.0,8.0,0.12011359688817363
49.0,2.0,9.0,0.19419405608555065
49.0,2.0,10.0,0.22292816289623993
49.0,2.0,11.0,0.26974399765890633
50.0,1.0,1.0,-0.32362369121813056
50.0,1.0,2.0,-0.38073287438230113
50.0,1.0,3.0,-0.7881749046746725
50.0,1.0,4.0,-0.5627570989274553
50.0,1.0,5.0,-0.6731195692460498
50.0,1.0,6.0,-0.7853634878828923
50.0,1.0,7.0,-0.8148007761410775
50.0,1.0,8.0,-0.7534075892368158
50.0,1.0,9.0,-0.8157089969303174
50.0,1.0,10.0,-0.749826193166494
50.0,1.0,11.0,-0.8214475580796837
50.0,2.0,1.0,-0.7230620488910777
50.0,2.0,2.0,-0.5740063634172116
50.0,2.0,3.0,-0.569032764254996
50.0,2.0,4.0,-0.5110733003699611
50.0,2.0,5.0,-0.40518637449793293
50.0,2.0,6.0,-0.18814124829775086
50.0,2.0,7.0,0.007296160549779732
50.0,2.0,8.0,0.11010634624996979
50.0,2.0,9.0,0.19353499836433144
50.0,2.0,10.0,0.22323214698755697
50.0,2.0,11.0,0.27848778542889113
51.0,1.0,1.0,-1.1715549848092595
51.0,1.0,2.0,-1.3746264142055127
51.0,1.0,3.0,-1.1300544079547332
51.0,1.0,4.0,-1.0069715048530077
51.0,1.0,5.0,-0.7434334386308982
51.0,1.0,6.0,-0.7324063928233219
51.0,1.0,7.0,-0.8800914813831278
51.0,1.0,8.0,-0.7868530758863471
51.0,1.0,9.0,-0.8002833366172172
51.0,1.0,10.0,-0.7834836210268118
51.0,1.0,11.0,-0.7869657585500649
51.0,2.0,1.0,-0.40474564319776307
51.0,2.0,2.0,-0.4736523666920555
51.0,2.0,3.0,-0.4100693484364048
51.0,2.0,4.0,-0.3802714745661314
51.0,2.0,5.0,-0.43271714692018953
51.0,2.0,6.0,-0.24130887777147558
51.0,2.0,7.0,0.03981736175939606
51.0,2.0,8.0,0.12458839364795778
51.0,2.0,9.0,0.18951359175988455
51.0,2.0,10.0,0.23466090426130906
51.0,2.0,11.0,0.26575129629643224
52.0,1.0,1.0,-0.5623032716467843
52.0,1.0,2.0,-0.7453117849307384
52.0,1.0,3.0,-0.897012591034424
52.0,1.0,4.0,-0.8390348256786418
52.0,1.0,5.0,-0.8957387290703199
52.0,1.0,6.0,-0.8517412625743362
52.0,1.0,7.0,-0.841340772393162
52.0,1.0,8.0,-0.8173725541911958
52.0,1.0,9.0,-0.7544362236406873
52.0,1.0,10.0,-0.8218499017904529
52.0,1.0,11.0,-0.80803818401538
52.0,2.0,1.0,0.6922127193365032
52.0,2.0,2.0,0.507431482315142
52.0,2.0,3.0,0.3035920353833141
52.0,2.0,4.0,0.1640280975537855
52.0,2.0,5.0,0.16696540044572059
52.0,2.0,6.0,-0.03420450317053461
52.0,2.0,7.0,0.05858730751257481
52.0,2.0,8.0,0.12473260201794514
52.0,2.0,9.0,0.17676500291884095
52.0,2.0,10.0,0.24755712284868744
52.0,2.0,11.0,0.2736817702369988
53.0,1.0,1.0,-1.111831543112467
53.0,1.0,2.0,-1.1981584633847546
53.0,1.0,3.0,-0.9817834197311341
53.0,1.0,4.0,-0.756067080313406
53.0,1.0,5.0,-0.7412589568106212
53.0,1.0,6.0,-0.752468192102313
53.0,1.0,7.0,-0.7848877157816783
53.0,1.0,8.0,-0.8137550347933202
53.0,1.0,9.0,-0.7766520534113528
53.0,1.0,10.0,-0.8016038513178477
53.0,1.0,11.0,-0.7993052922057502
53.0,2.0,1.0,-0.22160082962136665
53.0,2.0,2.0,-0.19910158687872512
53.0,2.0,3.0,-0.12926764841260244
53.0,2.0,4.0,-0.3964674991000425
53.0,2.0,5.0,-0.46201086784529805
53.0,2.0,6.0,-0.20903203282500457
53.0,2.0,7.0,-0.06938668216523572
53.0,2.0,8.0,0.12684255232641484
53.0,2.0,9.0,0.18215470062263547
53.0,2.0,10.0,0.24103155820766428
53.0,2.0,11.0,0.2704103197269689
54.0,1.0,1.0,-0.7139888461675654
54.0,1.0,2.0,-0.7014004408883776
54.0,1.0,3.0,-0.8145868529082229
54.0,1.0,4.0,-0.7714668002669549
54.0,1.0,5.0,-0.8243766695969577
54.0,1.0,6.0,-0.8336620527433646
54.0,1.0,7.0,-0.7268412332228671
54.0,1.0,8.0,-0.7673622164247715
54.0,1.0,9.0,-0.8133987738755174
54.0,1.0,10.0,-0.7647635183945671
54.0,1.0,11.0,-0.7774104977995587
54.0,2.0,1.0,0.637510767507448
54.0,2.0,2.0,0.4254950272821786
54.0,2.0,3.0,0.40155270140033245
54.0,2.0,4.0,0.3234869527685727
54.0,2.0,5.0,0.26828003011030555
54.0,2.0,6.0,0.3451790180851625
54.0,2.0,7.0,0.20724713734675432
54.0,2.0,8.0,0.13503881355974
54.0,2.0,9.0,0.1908103099932656
54.0,2.0,10.0,0.22943735408113683
54.0,2.0,11.0,0.262047326555399
55.0,1.0,1.0,-0.34243672475002596
55.0,1.0,2.0,-0.8302530926606757
55.0,1.0,3.0,-0.83321021591578
55.0,1.0,4.0,-0.8389047738616023
55.0,1.0,5.0,-0.8331067053072736
55.0,1.0,6.0,-0.817765267117629
55.0,1.0,7.0,-0.7360475404786654
55.0,1.0,8.0,-0.7983795975185083
55.0,1.0,9.0,-0.8112926039118749
55.0,1.0,10.0,-0.8099352046547059
55.0,1.0,11.0,-0.7466883635575383
55.0,2.0,1.0,0.07349420394047473
55.0,2.0,2.0,0.23674281107450168
55.0,2.0,3.0,0.3576753343736587
55.0,2.0,4.0,0.24121338364983938
55.0,2.0,5.0,0.254455948270258
55.0,2.0,6.0,0.14252719415424459
55.0,2.0,7.0,0.09831386747507118
55.0,2.0,8.0,0.13535833362821822
55.0,2.0,9.0,0.1929105228640265
55.0,2.0,10.0,0.24346140809213174
55.0,2.0,11.0,0.25136053045746004
56.0,1.0,1.0,-1.0163924457664022
56.0,1.0,2.0,-1.294544385828282
56.0,1.0,3.0,-0.8814594413159907
56.0,1.0,4.0,-0.722961331826442
56.0,1.0,5.0,-0.744578417426083
56.0,1.0,6.0,-0.8242992242194888
56.0,1.0,7.0,-0.9017790405289771
56.0,1.0,8.0,-0.8350360087761958
56.0,1.0,9.0,-0.8246974142712127
56.0,1.0,10.0,-0.8018634354557462
56.0,1.0,11.0,-0.7489824143714856
56.0,2.0,1.0,-0.13437951366248407
56.0,2.0,2.0,-0.14192208499063702
56.0,2.0,3.0,0.1789193711711641
56.0,2.0,4.0,-0.07993377149117162
56.0,2.0,5.0,-0.46070320215892263
56.0,2.0,6.0,-0.29107355512119765
56.0,2.0,7.0,-0.10336117721535967
56.0,2.0,8.0,0.10918678999957164
56.0,2.0,9.0,0.19379141169664568
56.0,2.0,10.0,0.24099281704233788
56.0,2.0,11.0,0.252180899891855
57.0,1.0,1.0,-1.2280416417961382
57.0,1.0,2.0,-1.2585958878404533
57.0,1.0,3.0,-0.8210978814218113
57.0,1.0,4.0,-0.8972701424538827
57.0,1.0,5.0,-0.9143272070348311
57.0,1.0,6.0,-0.7598383911859148
57.0,1.0,7.0,-0.7847285963729661
57.0,1.0,8.0,-0.8506306551374174
57.0,1.0,9.0,-0.8150397687060634
57.0,1.0,10.0,-0.7624155898886982
57.0,1.0,11.0,-0.7930760774032466
57.0,2.0,1.0,-0.47890099189865354
57.0,2.0,2.0,-0.47575258357156763
57.0,2.0,3.0,-0.5535288896252931
57.0,2.0,4.0,-0.31405278453929836
57.0,2.0,5.0,0.016211226253379098
57.0,2.0,6.0,0.12700384059280914
57.0,2.0,7.0,0.1772844371605426
57.0,2.0,8.0,0.13895463263785246
57.0,2.0,9.0,0.19337742974872577
57.0,2.0,10.0,0.22751519043058502
57.0,2.0,11.0,0.2683092331305589
58.0,1.0,1.0,-0.7603793236365779
58.0,1.0,2.0,-0.8085028334341431
58.0,1.0,3.0,-0.4084539536851926
58.0,1.0,4.0,-0.5039356185631904
58.0,1.0,5.0,-0.7217814809888062
58.0,1.0,6.0,-0.6857721660246006
58.0,1.0,7.0,-0.8131496475696971
58.0,1.0,8.0,-0.7960966131127578
58.0,1.0,9.0,-0.825281985167371
58.0,1.0,10.0,-0.7419781937570131
58.0,1.0,11.0,-0.8317977366522301
58.0,2.0,1.0,-0.7728442969272445
58.0,2.0,2.0,-0.9285334180115956
58.0,2.0,3.0,-0.7711581427605574
58.0,2.0,4.0,-0.572727534699708
58.0,2.0,5.0,-0.3862198041966758
58.0,2.0,6.0,-0.3192851043060774
58.0,2.0,7.0,-0.028509998668932342
58.0,2.0,8.0,0.129369084371542
58.0,2.0,9.0,0.19387943049072612
58.0,2.0,10.0,0.22191314682644728
58.0,2.0,11.0,0.28133457469458045
59.0,1.0,1.0,-0.48184168031692803
59.0,1.0,2.0,-0.6402536975589769
59.0,1.0,3.0,-0.7681312251264962
59.0,1.0,4.0,-0.8610895612434467
59.0,1.0,5.0,-0.783692480192204
59.0,1.0,6.0,-0.8226157186206421
59.0,1.0,7.0,-0.8150013492314608
59.0,1.0,8.0,-0.821119946461184
59.0,1.0,9.0,-0.7712907506438569
59.0,1.0,10.0,-0.8246657740798317
59.0,1.0,11.0,-0.7780038256042299
59.0,2.0,1.0,0.3798778116502727
59.0,2.0,2.0,0.3668795801226404
59.0,2.0,3.0,0.31340752326957405
59.0,2.0,4.0,0.34555269408492484
59.0,2.0,5.0,0.3477281196025136
59.0,2.0,6.0,0.2916813629543035
59.0,2.0,7.0,0.12159361337780607
59.0,2.0,8.0,0.1293836051291633
59.0,2.0,9.0,0.180928660543221
59.0,2.0,10.0,0.24969278357298486
59.0,2.0,11.0,0.26158892188988264
60.0,1.0,1.0,-0.22487295152622766
60.0,1.0,2.0,-0.4602203589069569
60.0,1.0,3.0,-0.5031537126525888
60.0,1.0,4.0,-0.7573081344445571
60.0,1.0,5.0,-0.8782128989148612
60.0,1.0,6.0,-0.7763130393162838
60.0,1.0,7.0,-0.9316792626764022
60.0,1.0,8.0,-0.8129044734703886
60.0,1.0,9.0,-0.762593005446662
60.0,1.0,10.0,-0.8199730054829797
60.0,1.0,11.0,-0.8103509769526711
60.0,2.0,1.0,-0.534606068750806
60.0,2.0,2.0,-0.6381719523486992
60.0,2.0,3.0,-0.6719558217334191
60.0,2.0,4.0,-0.5604315995408734
60.0,2.0,5.0,-0.3909077941641577
60.0,2.0,6.0,-0.23666339482945256
60.0,2.0,7.0,-0.06896545198296834
60.0,2.0,8.0,0.10782004009412396
60.0,2.0,9.0,0.18025233097083426
60.0,2.0,10.0,0.24714629417079678
60.0,2.0,11.0,0.2736487528465428
