1.0,1.0,1.0,-0.41020968931173096
1.0,1.0,2.0,-0.5459073520917161
1.0,1.0,3.0,-0.5033729302905526
1.0,1.0,4.0,-0.32986251871788413
1.0,1.0,5.0,-0.23133992819836804
1.0,1.0,6.0,-0.33792926052433586
1.0,1.0,7.0,-0.4535789052323837
1.0,1.0,8.0,-0.558967585735446
1.0,1.0,9.0,-0.542478796235821
1.0,1.0,10.0,-0.4634345497537493
1.0,1.0,11.0,-0.4250517431717297
1.0,1.0,12.0,-0.5043526627395974
1.0,1.0,13.0,-0.5065445158664899
1.0,1.0,14.0,-0.448893881523184
1.0,1.0,15.0,-0.3919975439496716
1.0,1.0,16.0,-0.3773716985289054
1.0,1.0,17.0,-0.3130471362630703
1.0,1.0,18.0,-0.16000853331588996
1.0,1.0,19.0,0.059651770390836495
1.0,1.0,20.0,0.13179985792130028
1.0,1.0,21.0,0.1479870327426372
1.0,1.0,22.0,0.3418724223166562
1.0,1.0,23.0,0.42637360286694453
1.0,2.0,1.0,0.5386640822703552
1.0,2.0,2.0,0.75686900927503
1.0,2.0,3.0,0.5525707447152216
1.0,2.0,4.0,0.392364389894922
1.0,2.0,5.0,0.16426954465540589
1.0,2.0,6.0,-0.07954117546958943
1.0,2.0,7.0,-0.3183700092055019
1.0,2.0,8.0,-0.4420333827979059
1.0,2.0,9.0,-0.5026980350194707
1.0,2.0,10.0,-0.527111705808405
1.0,2.0,11.0,-0.5158416506335485
1.0,2.0,12.0,-0.43174009053053153
1.0,2.0,13.0,-0.4567077491887482
1.0,2.0,14.0,-0.43927000359404433
1.0,2.0,15.0,-0.4274533630805471
1.0,2.0,16.0,-0.46760499663091404
1.0,2.0,17.0,-0.6562717421933568
1.0,2.0,18.0,-0.7855337719317854
1.0,2.0,19.0,-0.7753685579742513
1.0,2.0,20.0,-0.7015879267528525
1.0,2.0,21.0,-0.8259872878527645
1.0,2.0,22.0,-0.9990314087645555
1.0,2.0,23.0,-1.0982251260907963
2.0,1.0,1.0,-0.5488426781596026
2.0,1.0,2.0,-0.8030024342585134
2.0,1.0,3.0,-0.8253683683052596
2.0,1.0,4.0,-0.9583835230941788
2.0,1.0,5.0,-0.8769477213726102
2.0,1.0,6.0,-0.6123496960338208
2.0,1.0,7.0,-0.5152821558489655
2.0,1.0,8.0,-0.5638258808311408
2.0,1.0,9.0,-0.5744755644368188
2.0,1.0,10.0,-0.4987791366837141
2.0,1.0,11.0,-0.4658374045882219
2.0,1.0,12.0,-0.44382075485610145
2.0,1.0,13.0,-0.4220368864646409
2.0,1.0,14.0,-0.41000839316719845
2.0,1.0,15.0,-0.39410148952010876
2.0,1.0,16.0,-0.36978498782842306
2.0,1.0,17.0,-0.4246280423164841
2.0,1.0,18.0,-0.6027654767470128
2.0,1.0,19.0,-0.7684989254766867
2.0,1.0,20.0,-0.6771262907390443
2.0,1.0,21.0,-0.8056071870278046
2.0,1.0,22.0,-1.0166726635425782
2.0,1.0,23.0,-1.182438566322465
2.0,2.0,1.0,-0.36851986958836946
2.0,2.0,2.0,-0.5148158841912467
2.0,2.0,3.0,-0.4535511825601296
2.0,2.0,4.0,-0.4143301924361994
2.0,2.0,5.0,-0.3359017191223047
2.0,2.0,6.0,-0.26317590787407774
2.0,2.0,7.0,-0.28167356112143527
2.0,2.0,8.0,-0.3225117699475124
2.0,2.0,9.0,-0.4533330797131768
2.0,2.0,10.0,-0.5637277254732546
2.0,2.0,11.0,-0.535326703192689
2.0,2.0,12.0,-0.3848870402708169
2.0,2.0,13.0,-0.375508545806332
2.0,2.0,14.0,-0.42944840605409346
2.0,2.0,15.0,-0.45905043320048367
2.0,2.0,16.0,-0.46752773136899656
2.0,2.0,17.0,-0.4503127046212186
2.0,2.0,18.0,-0.31394604470467474
2.0,2.0,19.0,-0.24996699048664198
2.0,2.0,20.0,-0.07821447682182806
2.0,2.0,21.0,-0.090432491958982
2.0,2.0,22.0,-0.04219049374095159
2.0,2.0,23.0,0.033796966637847724
3.0,1.0,1.0,0.06315063652896
3.0,1.0,2.0,0.055343380868366224
3.0,1.0,3.0,-0.06404524342729367
3.0,1.0,4.0,-0.15938818144419992
3.0,1.0,5.0,-0.23454822602927347
3.0,1.0,6.0,-0.29304347291543476
3.0,1.0,7.0,-0.4554762881103493
3.0,1.0,8.0,-0.5216675014029832
3.0,1.0,9.0,-0.4951142765561384
3.0,1.0,10.0,-0.4442151977237732
3.0,1.0,11.0,-0.4517682575854928
3.0,1.0,12.0,-0.4359747305968549
3.0,1.0,13.0,-0.34829518927912906
3.0,1.0,14.0,-0.33566637961790674
3.0,1.0,15.0,-0.3247530621633618
3.0,1.0,16.0,-0.2841137987241804
3.0,1.0,17.0,0.022110059982905543
3.0,1.0,18.0,0.3889204864566469
3.0,1.0,19.0,0.5464307501990759
3.0,1.0,20.0,0.5816834091047844
3.0,1.0,21.0,0.5394136897773976
3.0,1.0,22.0,0.7624432098507266
3.0,1.0,23.0,0.9019204690323063
3.0,2.0,1.0,-0.2541764805141389
3.0,2.0,2.0,-0.4165239172358684
3.0,2.0,3.0,-0.3762938934376466
3.0,2.0,4.0,-0.38740039691406963
3.0,2.0,5.0,-0.43395144107877526
3.0,2.0,6.0,-0.374020629994515
3.0,2.0,7.0,-0.42751042254531774
3.0,2.0,8.0,-0.5025371544086503
3.0,2.0,9.0,-0.5224353406408315
3.0,2.0,10.0,-0.5822971092246504
3.0,2.0,11.0,-0.5342377661298585
3.0,2.0,12.0,-0.36685071019306364
3.0,2.0,13.0,-0.32155855124079963
3.0,2.0,14.0,-0.3358156221310152
3.0,2.0,15.0,-0.3824067806539145
3.0,2.0,16.0,-0.45578489737842015
3.0,2.0,17.0,-0.35124011916267805
3.0,2.0,18.0,-0.253069766729923
3.0,2.0,19.0,-0.17732614057512994
3.0,2.0,20.0,-0.2716208151091853
3.0,2.0,21.0,-0.41860881870276456
3.0,2.0,22.0,-0.7213775599748716
3.0,2.0,23.0,-0.867134287740321
4.0,1.0,1.0,0.21620290275455764
4.0,1.0,2.0,0.2868280468050383
4.0,1.0,3.0,0.31122680925950563
4.0,1.0,4.0,0.4290042920760302
4.0,1.0,5.0,0.23862065637500862
4.0,1.0,6.0,-0.13612041278842305
4.0,1.0,7.0,-0.4105641884845339
4.0,1.0,8.0,-0.4909634638304854
4.0,1.0,9.0,-0.5128685754015871
4.0,1.0,10.0,-0.44755052116659694
4.0,1.0,11.0,-0.5112824662904125
4.0,1.0,12.0,-0.4448312162282336
4.0,1.0,13.0,-0.4141187154781212
4.0,1.0,14.0,-0.3931956335084992
4.0,1.0,15.0,-0.20620349322970752
4.0,1.0,16.0,-0.011374530833851617
4.0,1.0,17.0,0.4351738432583766
4.0,1.0,18.0,0.7567532949646082
4.0,1.0,19.0,0.8330828485407774
4.0,1.0,20.0,0.7932116990602077
4.0,1.0,21.0,0.8054560821368328
4.0,1.0,22.0,0.908796684746498
4.0,1.0,23.0,0.9622479670160445
4.0,2.0,1.0,0.4726950192974723
4.0,2.0,2.0,0.7684871265348793
4.0,2.0,3.0,0.6783283171496624
4.0,2.0,4.0,0.46241036662190005
4.0,2.0,5.0,0.3608614365648956
4.0,2.0,6.0,0.05836067614152807
4.0,2.0,7.0,-0.23069350691439408
4.0,2.0,8.0,-0.3279484443127851
4.0,2.0,9.0,-0.4927288817997607
4.0,2.0,10.0,-0.520588045300111
4.0,2.0,11.0,-0.5160779257796785
4.0,2.0,12.0,-0.42662324110080774
4.0,2.0,13.0,-0.4160943610716646
4.0,2.0,14.0,-0.5181988340156508
4.0,2.0,15.0,-0.5770407210813533
4.0,2.0,16.0,-0.5610394088641265
4.0,2.0,17.0,-0.5103745292232132
4.0,2.0,18.0,-0.4599008166407446
4.0,2.0,19.0,-0.3014585851275529
4.0,2.0,20.0,-0.16248268149956482
4.0,2.0,21.0,-0.016044856434931976
4.0,2.0,22.0,0.1769299389874673
4.0,2.0,23.0,0.3223184641174489
5.0,1.0,1.0,0.29568355184330813
5.0,1.0,2.0,0.39888378526753787
5.0,1.0,3.0,0.4099648153168901
5.0,1.0,4.0,0.38705722274006615
5.0,1.0,5.0,0.1231608962276516
5.0,1.0,6.0,-0.34073424606836306
5.0,1.0,7.0,-0.6001504941012442
5.0,1.0,8.0,-0.6612383416786041
5.0,1.0,9.0,-0.5194631712060191
5.0,1.0,10.0,-0.5141152803242284
5.0,1.0,11.0,-0.5182609950587391
5.0,1.0,12.0,-0.4650213607101983
5.0,1.0,13.0,-0.39279527168290734
5.0,1.0,14.0,-0.4117678443145149
5.0,1.0,15.0,-0.4923097169401275
5.0,1.0,16.0,-0.5997302919245625
5.0,1.0,17.0,-0.6343671701122559
5.0,1.0,18.0,-0.575325888959449
5.0,1.0,19.0,-0.4144650620316934
5.0,1.0,20.0,-0.4332535205197758
5.0,1.0,21.0,-0.4861147096724394
5.0,1.0,22.0,-0.6154333341871753
5.0,1.0,23.0,-0.6795402457876758
5.0,2.0,1.0,-0.7661273240258929
5.0,2.0,2.0,-1.1263796382219775
5.0,2.0,3.0,-1.1425473972618576
5.0,2.0,4.0,-1.075118530898098
5.0,2.0,5.0,-1.0016596121213617
5.0,2.0,6.0,-0.809970944035442
5.0,2.0,7.0,-0.5640913359610225
5.0,2.0,8.0,-0.593525481108036
5.0,2.0,9.0,-0.5534878051894869
5.0,2.0,10.0,-0.5657088494175719
5.0,2.0,11.0,-0.4943647260328737
5.0,2.0,12.0,-0.398827377693568
5.0,2.0,13.0,-0.3593079643657281
5.0,2.0,14.0,-0.41902743652878455
5.0,2.0,15.0,-0.5290624726792578
5.0,2.0,16.0,-0.6345858787379761
5.0,2.0,17.0,-0.7235314350416119
5.0,2.0,18.0,-0.7990965160761327
5.0,2.0,19.0,-0.6820419802766822
5.0,2.0,20.0,-0.6613531413712468
5.0,2.0,21.0,-0.5871431201600499
5.0,2.0,22.0,-0.7212239455418014
5.0,2.0,23.0,-0.8118779841768877
6.0,1.0,1.0,0.39470192828294953
6.0,1.0,2.0,0.5497147212619202
6.0,1.0,3.0,0.63478396935111
6.0,1.0,4.0,0.5653659626207197
6.0,1.0,5.0,0.47199839813601063
6.0,1.0,6.0,0.05031306347092422
6.0,1.0,7.0,-0.38398756911792326
6.0,1.0,8.0,-0.5361936089011092
6.0,1.0,9.0,-0.5269750933929283
6.0,1.0,10.0,-0.4689114243723237
6.0,1.0,11.0,-0.49318388557447773
6.0,1.0,12.0,-0.44383122750116943
6.0,1.0,13.0,-0.5496407167814374
6.0,1.0,14.0,-0.5396983693320265
6.0,1.0,15.0,-0.5057968555273474
6.0,1.0,16.0,-0.5780565138587368
6.0,1.0,17.0,-1.2589521789981957
6.0,1.0,18.0,-1.7833353955056177
6.0,1.0,19.0,-1.9895438446138
6.0,1.0,20.0,-2.242917309310151
6.0,1.0,21.0,-2.39470767610556
6.0,1.0,22.0,-2.476717971896685
6.0,1.0,23.0,-2.487946039716788
6.0,2.0,1.0,0.45456520461470457
6.0,2.0,2.0,0.6126136263754204
6.0,2.0,3.0,0.5721598061920774
6.0,2.0,4.0,0.555456925651313
6.0,2.0,5.0,0.44638154581703793
6.0,2.0,6.0,0.14904295314053007
6.0,2.0,7.0,-0.2320186052606095
6.0,2.0,8.0,-0.3702839777429552
6.0,2.0,9.0,-0.4168785515092371
6.0,2.0,10.0,-0.49302960765335097
6.0,2.0,11.0,-0.4913366532602905
6.0,2.0,12.0,-0.39304470857342183
6.0,2.0,13.0,-0.48080409843813715
6.0,2.0,14.0,-0.5158325501318533
6.0,2.0,15.0,-0.47658874793306466
6.0,2.0,16.0,-0.4679341594325845
6.0,2.0,17.0,-0.5175862942455685
6.0,2.0,18.0,-0.5224693616621193
6.0,2.0,19.0,-0.5023633835874954
6.0,2.0,20.0,-0.4808542485663104
6.0,2.0,21.0,-0.4744989609303499
6.0,2.0,22.0,-0.47780991587704075
6.0,2.0,23.0,-0.47859500849684555
7.0,1.0,1.0,0.5843827384908726
7.0,1.0,2.0,0.8372210186948184
7.0,1.0,3.0,0.777837344580569
7.0,1.0,4.0,0.6871068852975895
7.0,1.0,5.0,0.370754906784399
7.0,1.0,6.0,-0.07180853450725477
7.0,1.0,7.0,-0.35889968079398543
7.0,1.0,8.0,-0.45903972013807937
7.0,1.0,9.0,-0.48421960938696557
7.0,1.0,10.0,-0.4208382957150593
7.0,1.0,11.0,-0.373795942742779
7.0,1.0,12.0,-0.37931444554677224
7.0,1.0,13.0,-0.4178961193289966
7.0,1.0,14.0,-0.40193539815691337
7.0,1.0,15.0,-0.3915565620022511
7.0,1.0,16.0,-0.37094594388077873
7.0,1.0,17.0,-0.44490349177452826
7.0,1.0,18.0,-0.43778856060828764
7.0,1.0,19.0,-0.24608338423855192
7.0,1.0,20.0,0.12673862394291016
7.0,1.0,21.0,0.5570398530868587
7.0,1.0,22.0,1.009554282512799
7.0,1.0,23.0,1.1848804193634683
7.0,2.0,1.0,-0.10075375854642456
7.0,2.0,2.0,-0.18909053349828334
7.0,2.0,3.0,-0.25183494734283723
7.0,2.0,4.0,-0.4265762901434689
7.0,2.0,5.0,-0.45937586635075933
7.0,2.0,6.0,-0.48698974522410615
7.0,2.0,7.0,-0.40899445768963255
7.0,2.0,8.0,-0.42060595706879067
7.0,2.0,9.0,-0.4649204085792083
7.0,2.0,10.0,-0.48609674162994
7.0,2.0,11.0,-0.49524108539032713
7.0,2.0,12.0,-0.4329278377627058
7.0,2.0,13.0,-0.4004559252390346
7.0,2.0,14.0,-0.4034050034269894
7.0,2.0,15.0,-0.4276777644259247
7.0,2.0,16.0,-0.5154509562449748
7.0,2.0,17.0,-0.7223705650027651
7.0,2.0,18.0,-0.7975408406803138
7.0,2.0,19.0,-0.64869277256662
7.0,2.0,20.0,-0.5172300637929665
7.0,2.0,21.0,-0.5899211195036344
7.0,2.0,22.0,-0.7109920919025761
7.0,2.0,23.0,-0.7491192113983852
8.0,1.0,1.0,0.024448386857060658
8.0,1.0,2.0,0.06276936560540025
8.0,1.0,3.0,0.19981507808187648
8.0,1.0,4.0,0.21185762512050085
8.0,1.0,5.0,0.001633587461317341
8.0,1.0,6.0,-0.1623184123535754
8.0,1.0,7.0,-0.3980102569584378
8.0,1.0,8.0,-0.51901421556026
8.0,1.0,9.0,-0.5566762065234334
8.0,1.0,10.0,-0.4486016424734906
8.0,1.0,11.0,-0.4172671528127131
8.0,1.0,12.0,-0.39499745265736247
8.0,1.0,13.0,-0.42245450075076374
8.0,1.0,14.0,-0.4141590361900141
8.0,1.0,15.0,-0.2895967649501416
8.0,1.0,16.0,-0.23449365584186743
8.0,1.0,17.0,0.030991449163796172
8.0,1.0,18.0,0.34544932459402655
8.0,1.0,19.0,0.5469469748469357
8.0,1.0,20.0,0.6797038670757378
8.0,1.0,21.0,0.7669886025810809
8.0,1.0,22.0,0.8132499939667343
8.0,1.0,23.0,0.9139601230848644
8.0,2.0,1.0,0.18978441210833966
8.0,2.0,2.0,0.30218684339733803
8.0,2.0,3.0,0.3899608531164416
8.0,2.0,4.0,0.43229146919190586
8.0,2.0,5.0,0.3831559409619451
8.0,2.0,6.0,0.10570258014972223
8.0,2.0,7.0,-0.1866891054860822
8.0,2.0,8.0,-0.2961043893360708
8.0,2.0,9.0,-0.4630327107552926
8.0,2.0,10.0,-0.49606341121009684
8.0,2.0,11.0,-0.45118865105009776
8.0,2.0,12.0,-0.38957322699698416
8.0,2.0,13.0,-0.4282362601450184
8.0,2.0,14.0,-0.46585417156394165
8.0,2.0,15.0,-0.38394802849522536
8.0,2.0,16.0,-0.44500058584862995
8.0,2.0,17.0,-0.6193292007962453
8.0,2.0,18.0,-0.6648407449005777
8.0,2.0,19.0,-0.5027646901756903
8.0,2.0,20.0,-0.2907226839839416
8.0,2.0,21.0,-0.2584763261089654
8.0,2.0,22.0,-0.24652386128671308
8.0,2.0,23.0,-0.20295996802873523
9.0,1.0,1.0,0.457331867176599
9.0,1.0,2.0,0.7033461423665253
9.0,1.0,3.0,0.8358685407762182
9.0,1.0,4.0,0.9303206479189108
9.0,1.0,5.0,0.7291212148565449
9.0,1.0,6.0,0.28143459811243077
9.0,1.0,7.0,-0.30611212322595727
9.0,1.0,8.0,-0.38016875214237117
9.0,1.0,9.0,-0.425251823433123
9.0,1.0,10.0,-0.40800989726165204
9.0,1.0,11.0,-0.36306880384710594
9.0,1.0,12.0,-0.35642682210473736
9.0,1.0,13.0,-0.36721160191646623
9.0,1.0,14.0,-0.37539907530162064
9.0,1.0,15.0,-0.33054738418724583
9.0,1.0,16.0,-0.1673907527722799
9.0,1.0,17.0,0.3212977246008454
9.0,1.0,18.0,0.6912410213200672
9.0,1.0,19.0,0.9463702241930226
9.0,1.0,20.0,1.01798860404856
9.0,1.0,21.0,1.1651175627918309
9.0,1.0,22.0,1.2921335996112504
9.0,1.0,23.0,1.4447759303327377
9.0,2.0,1.0,0.40885534694404724
9.0,2.0,2.0,0.5124633979820191
9.0,2.0,3.0,0.5140565148810852
9.0,2.0,4.0,0.42601979409024465
9.0,2.0,5.0,0.1975297632117634
9.0,2.0,6.0,-0.0449043890384951
9.0,2.0,7.0,-0.24094164894746153
9.0,2.0,8.0,-0.31760916223616104
9.0,2.0,9.0,-0.45035266096523535
9.0,2.0,10.0,-0.4697989078738954
9.0,2.0,11.0,-0.45543723406984177
9.0,2.0,12.0,-0.3818110677966052
9.0,2.0,13.0,-0.3841863017732881
9.0,2.0,14.0,-0.40913029818458924
9.0,2.0,15.0,-0.46985998830983483
9.0,2.0,16.0,-0.4798879632176804
9.0,2.0,17.0,-0.4556500081227253
9.0,2.0,18.0,-0.25051386362831884
9.0,2.0,19.0,-0.08952742658725774
9.0,2.0,20.0,0.040084783714077504
9.0,2.0,21.0,0.09277394253729616
9.0,2.0,22.0,-0.021404051884822698
9.0,2.0,23.0,-0.1113702576990304
10.0,1.0,1.0,-0.1838139793150872
10.0,1.0,2.0,-0.2520693123999652
10.0,1.0,3.0,-0.3591391235307117
10.0,1.0,4.0,-0.5307315845142936
10.0,1.0,5.0,-0.7349141619938334
10.0,1.0,6.0,-0.8172323153356463
10.0,1.0,7.0,-0.6910955496116851
10.0,1.0,8.0,-0.6014896070729372
10.0,1.0,9.0,-0.4244348704193333
10.0,1.0,10.0,-0.37474988860606706
10.0,1.0,11.0,-0.36103992165143006
10.0,1.0,12.0,-0.3763720133476097
10.0,1.0,13.0,-0.3778548671177013
10.0,1.0,14.0,-0.32524354389560634
10.0,1.0,15.0,-0.27811605470718986
10.0,1.0,16.0,-0.2114063995262929
10.0,1.0,17.0,-0.047950019218084075
10.0,1.0,18.0,0.04442544428960266
10.0,1.0,19.0,0.09764538194716924
10.0,1.0,20.0,0.17137300164967662
10.0,1.0,21.0,0.2601952888399274
10.0,1.0,22.0,0.31152892746988986
10.0,1.0,23.0,0.3659962109050282
10.0,2.0,1.0,0.09969068341425726
10.0,2.0,2.0,0.14955984263513997
10.0,2.0,3.0,0.09240984332492458
10.0,2.0,4.0,-0.03734809898281487
10.0,2.0,5.0,-0.17656321481351323
10.0,2.0,6.0,-0.32035267428529657
10.0,2.0,7.0,-0.3203738783497917
10.0,2.0,8.0,-0.40459659896571487
10.0,2.0,9.0,-0.38237943745399006
10.0,2.0,10.0,-0.4527355073575976
10.0,2.0,11.0,-0.4892047671352993
10.0,2.0,12.0,-0.39702707780968216
10.0,2.0,13.0,-0.3959206837673717
10.0,2.0,14.0,-0.36833142924103174
10.0,2.0,15.0,-0.35369533124519825
10.0,2.0,16.0,-0.3838741155564938
10.0,2.0,17.0,-0.4417340112457686
10.0,2.0,18.0,-0.39781740182742314
10.0,2.0,19.0,-0.4917120041004949
10.0,2.0,20.0,-0.5915160286531952
10.0,2.0,21.0,-0.5987591516592962
10.0,2.0,22.0,-0.5496220013702356
10.0,2.0,23.0,-0.609875298628372
11.0,1.0,1.0,-0.21605178031888958
11.0,1.0,2.0,-0.3276151532907684
11.0,1.0,3.0,-0.47460199964145805
11.0,1.0,4.0,-0.529150870068656
11.0,1.0,5.0,-0.5463112399250099
11.0,1.0,6.0,-0.44445777892423566
11.0,1.0,7.0,-0.509688127997314
11.0,1.0,8.0,-0.5652188667254398
11.0,1.0,9.0,-0.4785884183477222
11.0,1.0,10.0,-0.44763847641395704
11.0,1.0,11.0,-0.45102922364621006
11.0,1.0,12.0,-0.4366174921503612
11.0,1.0,13.0,-0.4171871186866423
11.0,1.0,14.0,-0.38422351101452523
11.0,1.0,15.0,-0.3994818995862559
11.0,1.0,16.0,-0.3285145933352809
11.0,1.0,17.0,-0.5098711348615339
11.0,1.0,18.0,-0.7756158469758244
11.0,1.0,19.0,-0.9912199165139289
11.0,1.0,20.0,-1.021931477492819
11.0,1.0,21.0,-1.0176973793503261
11.0,1.0,22.0,-1.0997794394890796
11.0,1.0,23.0,-1.2267050660974643
11.0,2.0,1.0,0.6367885338436562
11.0,2.0,2.0,1.0948323966585236
11.0,2.0,3.0,1.0628654735927654
11.0,2.0,4.0,0.8739877340488839
11.0,2.0,5.0,0.6622609532289784
11.0,2.0,6.0,0.1701415019823443
11.0,2.0,7.0,-0.23726265167679667
11.0,2.0,8.0,-0.4362037804714541
11.0,2.0,9.0,-0.41651872186909955
11.0,2.0,10.0,-0.5448722704339659
11.0,2.0,11.0,-0.5370808505473885
11.0,2.0,12.0,-0.4245629117594963
11.0,2.0,13.0,-0.40080359929262616
11.0,2.0,14.0,-0.41406052806553606
11.0,2.0,15.0,-0.4739093781732872
11.0,2.0,16.0,-0.3859440282283848
11.0,2.0,17.0,-0.21805455897779627
11.0,2.0,18.0,-0.08275167753281042
11.0,2.0,19.0,-0.06478262630667489
11.0,2.0,20.0,-0.12044627394823658
11.0,2.0,21.0,-0.19362977541724202
11.0,2.0,22.0,-0.3480390271052825
11.0,2.0,23.0,-0.4321171457977117
12.0,1.0,1.0,0.05624124557757882
12.0,1.0,2.0,0.06294735446330006
12.0,1.0,3.0,0.016146852160753566
12.0,1.0,4.0,-0.16052119301911363
12.0,1.0,5.0,-0.3582338223090529
12.0,1.0,6.0,-0.47130687939559834
12.0,1.0,7.0,-0.49295018566145843
12.0,1.0,8.0,-0.5706936423840718
12.0,1.0,9.0,-0.6284850358850814
12.0,1.0,10.0,-0.5885185438223329
12.0,1.0,11.0,-0.601308001938282
12.0,1.0,12.0,-0.5894528186345329
12.0,1.0,13.0,-0.4478141018437243
12.0,1.0,14.0,-0.37347993203642954
12.0,1.0,15.0,-0.4152743308336223
12.0,1.0,16.0,-0.44803742688637493
12.0,1.0,17.0,-0.5132551536844944
12.0,1.0,18.0,-0.462476829652463
12.0,1.0,19.0,-0.3636852190496103
12.0,1.0,20.0,-0.3755268695378468
12.0,1.0,21.0,-0.3759008887610965
12.0,1.0,22.0,-0.5161327066269454
12.0,1.0,23.0,-0.6325302407778169
12.0,2.0,1.0,-0.4886791920358046
12.0,2.0,2.0,-0.8274971656819161
12.0,2.0,3.0,-0.8921835159121638
12.0,2.0,4.0,-0.8767968542131587
12.0,2.0,5.0,-0.6610621319427914
12.0,2.0,6.0,-0.48105464926976105
12.0,2.0,7.0,-0.3458785373513167
12.0,2.0,8.0,-0.4058823384407828
12.0,2.0,9.0,-0.4564262939842382
12.0,2.0,10.0,-0.46811704746056026
12.0,2.0,11.0,-0.5344701529694122
12.0,2.0,12.0,-0.4521755125275355
12.0,2.0,13.0,-0.37806929805622774
12.0,2.0,14.0,-0.35321505683573096
12.0,2.0,15.0,-0.4352136156153705
12.0,2.0,16.0,-0.40122976023695
12.0,2.0,17.0,-0.38572999141093317
12.0,2.0,18.0,-0.4370879826494597
12.0,2.0,19.0,-0.4034925265568723
12.0,2.0,20.0,-0.2937709879283268
12.0,2.0,21.0,-0.0366186559675995
12.0,2.0,22.0,0.14634976624085386
12.0,2.0,23.0,0.1467524721930527
13.0,1.0,1.0,-0.002876564281463072
13.0,1.0,2.0,0.11341838216117185
13.0,1.0,3.0,0.3179220795019501
13.0,1.0,4.0,0.5268636322848372
13.0,1.0,5.0,0.41114551865274396
13.0,1.0,6.0,-0.004766390683293161
13.0,1.0,7.0,-0.42405948424039375
13.0,1.0,8.0,-0.5411160570365215
13.0,1.0,9.0,-0.4546677383504617
13.0,1.0,10.0,-0.4299151371711333
13.0,1.0,11.0,-0.3221683634707228
13.0,1.0,12.0,-0.47472224798450335
13.0,1.0,13.0,-0.4483848403698254
13.0,1.0,14.0,-0.47346733380195843
13.0,1.0,15.0,-0.36430841354148435
13.0,1.0,16.0,-0.3425452812591437
13.0,1.0,17.0,-0.4072489492960292
13.0,1.0,18.0,-0.3695941228220274
13.0,1.0,19.0,-0.18298348556730656
13.0,1.0,20.0,0.15936371476472863
13.0,1.0,21.0,0.41429204074038484
13.0,1.0,22.0,0.5416612467442128
13.0,1.0,23.0,0.6937320930488686
13.0,2.0,1.0,0.3818987551488648
13.0,2.0,2.0,0.5923820755718698
13.0,2.0,3.0,0.5607523492771632
13.0,2.0,4.0,0.47207492919931837
13.0,2.0,5.0,0.48926290425359037
13.0,2.0,6.0,0.2539413843093467
13.0,2.0,7.0,-0.14179075928476978
13.0,2.0,8.0,-0.35027065129519247
13.0,2.0,9.0,-0.4436325146225793
13.0,2.0,10.0,-0.4765260330896489
13.0,2.0,11.0,-0.402368571616873
13.0,2.0,12.0,-0.4529653173809239
13.0,2.0,13.0,-0.4702734168026952
13.0,2.0,14.0,-0.5328087406966169
13.0,2.0,15.0,-0.4417345871142517
13.0,2.0,16.0,-0.48721797242335024
13.0,2.0,17.0,-0.7133394948681246
13.0,2.0,18.0,-0.8873493410441232
13.0,2.0,19.0,-0.9635950870536157
13.0,2.0,20.0,-0.7990123877115459
13.0,2.0,21.0,-0.7905394799963982
13.0,2.0,22.0,-0.7617887850076002
13.0,2.0,23.0,-0.8526767072072706
14.0,1.0,1.0,-0.0029583822938262136
14.0,1.0,2.0,-0.03898344586591543
14.0,1.0,3.0,-0.03524696079224229
14.0,1.0,4.0,-0.08608206743586971
14.0,1.0,5.0,-0.20948892040057865
14.0,1.0,6.0,-0.40448847181405756
14.0,1.0,7.0,-0.4858744561313533
14.0,1.0,8.0,-0.5286099885026221
14.0,1.0,9.0,-0.5254636540608517
14.0,1.0,10.0,-0.4482250643166434
14.0,1.0,11.0,-0.5546304374651083
14.0,1.0,12.0,-0.5410055661279445
14.0,1.0,13.0,-0.42818311957594624
14.0,1.0,14.0,-0.35363205173151757
14.0,1.0,15.0,-0.4054080903536264
14.0,1.0,16.0,-0.3285764636470361
14.0,1.0,17.0,-0.4336564830874214
14.0,1.0,18.0,-0.558920146173018
14.0,1.0,19.0,-0.478413529043405
14.0,1.0,20.0,-0.46744776075667166
14.0,1.0,21.0,-0.5488434932932551
14.0,1.0,22.0,-0.8527855221680333
14.0,1.0,23.0,-1.003456769392899
14.0,2.0,1.0,0.305812924210515
14.0,2.0,2.0,0.4033638824140928
14.0,2.0,3.0,0.20781764298801828
14.0,2.0,4.0,-0.013474899028745713
14.0,2.0,5.0,-0.16608814320921497
14.0,2.0,6.0,-0.2618321208845645
14.0,2.0,7.0,-0.27532400996744016
14.0,2.0,8.0,-0.40556009307455165
14.0,2.0,9.0,-0.46092867999893106
14.0,2.0,10.0,-0.4471017625640921
14.0,2.0,11.0,-0.5620684738386109
14.0,2.0,12.0,-0.5318142887045277
14.0,2.0,13.0,-0.4230017485851987
14.0,2.0,14.0,-0.35325649529612974
14.0,2.0,15.0,-0.4544858714768642
14.0,2.0,16.0,-0.3695938945660265
14.0,2.0,17.0,-0.24281466199200155
14.0,2.0,18.0,0.06864065139691762
14.0,2.0,19.0,0.3302268540435663
14.0,2.0,20.0,0.4575519110679868
14.0,2.0,21.0,0.6056813108636617
14.0,2.0,22.0,0.8339235847159341
14.0,2.0,23.0,0.939213842690078
15.0,1.0,1.0,0.6086825604942165
15.0,1.0,2.0,0.9503244682456901
15.0,1.0,3.0,1.136200962403174
15.0,1.0,4.0,1.048404472378089
15.0,1.0,5.0,0.7132714443990031
15.0,1.0,6.0,0.17939606660150698
15.0,1.0,7.0,-0.37068865063578527
15.0,1.0,8.0,-0.5496051872534092
15.0,1.0,9.0,-0.5149788894933567
15.0,1.0,10.0,-0.4895308318114949
15.0,1.0,11.0,-0.49236712610375644
15.0,1.0,12.0,-0.4975115683296155
15.0,1.0,13.0,-0.4665096427645146
15.0,1.0,14.0,-0.38538932114480073
15.0,1.0,15.0,-0.3817330130305551
15.0,1.0,16.0,-0.3316669320351872
15.0,1.0,17.0,-0.47947737276978086
15.0,1.0,18.0,-0.4453495573545649
15.0,1.0,19.0,-0.33455978354211435
15.0,1.0,20.0,-0.13006062641463342
15.0,1.0,21.0,0.004191538749086853
15.0,1.0,22.0,-0.09982716180870231
15.0,1.0,23.0,-0.21766861513736843
15.0,2.0,1.0,-0.2810693193283529
15.0,2.0,2.0,-0.41170182443555065
15.0,2.0,3.0,-0.41299503677362503
15.0,2.0,4.0,-0.3468840292638786
15.0,2.0,5.0,-0.3115429461579478
15.0,2.0,6.0,-0.35800036154169507
15.0,2.0,7.0,-0.4643348006608841
15.0,2.0,8.0,-0.4074909108535367
15.0,2.0,9.0,-0.49710579085094203
15.0,2.0,10.0,-0.5284956296217955
15.0,2.0,11.0,-0.5732057714919654
15.0,2.0,12.0,-0.43402224458240646
15.0,2.0,13.0,-0.4447207112433014
15.0,2.0,14.0,-0.42012402453636294
15.0,2.0,15.0,-0.48699124816619777
15.0,2.0,16.0,-0.4323237485484283
15.0,2.0,17.0,-0.2546897160646063
15.0,2.0,18.0,0.07018395064019596
15.0,2.0,19.0,0.33082370781494036
15.0,2.0,20.0,0.50660310014077
15.0,2.0,21.0,0.5389151042859344
15.0,2.0,22.0,0.7942582452260439
15.0,2.0,23.0,0.9041977509042567
16.0,1.0,1.0,0.3459947666698695
16.0,1.0,2.0,0.5732786878291115
16.0,1.0,3.0,0.633464921771444
16.0,1.0,4.0,0.6529236592706917
16.0,1.0,5.0,0.5339372181218562
16.0,1.0,6.0,0.21017431785559568
16.0,1.0,7.0,-0.29178069246865124
16.0,1.0,8.0,-0.4524512595985135
16.0,1.0,9.0,-0.4936585016025798
16.0,1.0,10.0,-0.43604639530130257
16.0,1.0,11.0,-0.3340207631727067
16.0,1.0,12.0,-0.2749864976276975
16.0,1.0,13.0,-0.41230360475456
16.0,1.0,14.0,-0.3863954240981397
16.0,1.0,15.0,-0.28953179826038533
16.0,1.0,16.0,-0.2227287923667463
16.0,1.0,17.0,0.1785951563679813
16.0,1.0,18.0,0.4906784679208804
16.0,1.0,19.0,0.6368812823703074
16.0,1.0,20.0,0.5454477899131567
16.0,1.0,21.0,0.3022765252712196
16.0,1.0,22.0,0.0012688231705351902
16.0,1.0,23.0,-0.033326429800945294
16.0,2.0,1.0,0.06686942700680962
16.0,2.0,2.0,0.021460292003362854
16.0,2.0,3.0,-0.15518692037290333
16.0,2.0,4.0,-0.36560467980505995
16.0,2.0,5.0,-0.4576925066255763
16.0,2.0,6.0,-0.46474636946923564
16.0,2.0,7.0,-0.47211429888465556
16.0,2.0,8.0,-0.4752772428929882
16.0,2.0,9.0,-0.3981981597261437
16.0,2.0,10.0,-0.45397843284059314
16.0,2.0,11.0,-0.4380693267215313
16.0,2.0,12.0,-0.322109025819696
16.0,2.0,13.0,-0.4273083079794107
16.0,2.0,14.0,-0.42537189760027666
16.0,2.0,15.0,-0.40480433423255613
16.0,2.0,16.0,-0.5111932205423593
16.0,2.0,17.0,-0.887405976203662
16.0,2.0,18.0,-0.9858710193147276
16.0,2.0,19.0,-0.8601857038527315
16.0,2.0,20.0,-0.752265199680433
16.0,2.0,21.0,-0.5482623554651719
16.0,2.0,22.0,-0.6742584798897758
16.0,2.0,23.0,-0.7766652489330699
17.0,1.0,1.0,0.15447623177819453
17.0,1.0,2.0,0.29899164450743604
17.0,1.0,3.0,0.5336808385484276
17.0,1.0,4.0,0.5765865022069232
17.0,1.0,5.0,0.5091618175362504
17.0,1.0,6.0,0.10810836877748731
17.0,1.0,7.0,-0.319014540695897
17.0,1.0,8.0,-0.5580238084304584
17.0,1.0,9.0,-0.5301739229744745
17.0,1.0,10.0,-0.48893430680246863
17.0,1.0,11.0,-0.42916472839086306
17.0,1.0,12.0,-0.38287461961732017
17.0,1.0,13.0,-0.41138094743007525
17.0,1.0,14.0,-0.4160843566471376
17.0,1.0,15.0,-0.47915652199718545
17.0,1.0,16.0,-0.4947466437012064
17.0,1.0,17.0,-0.7499122106419336
17.0,1.0,18.0,-0.7386454134839076
17.0,1.0,19.0,-0.48451932716664675
17.0,1.0,20.0,-0.10394325444183194
17.0,1.0,21.0,0.08153514136103404
17.0,1.0,22.0,0.11531557564356938
17.0,1.0,23.0,0.10755740778937951
17.0,2.0,1.0,-0.3784472822051972
17.0,2.0,2.0,-0.5465301408784126
17.0,2.0,3.0,-0.5677356929893704
17.0,2.0,4.0,-0.4708060492857289
17.0,2.0,5.0,-0.24529473174225988
17.0,2.0,6.0,-0.2503078236498084
17.0,2.0,7.0,-0.34430321625402194
17.0,2.0,8.0,-0.39474331339903296
17.0,2.0,9.0,-0.46293687524541843
17.0,2.0,10.0,-0.5246609388763108
17.0,2.0,11.0,-0.4926505261614834
17.0,2.0,12.0,-0.3806598463395142
17.0,2.0,13.0,-0.3907723352668525
17.0,2.0,14.0,-0.41048332594512027
17.0,2.0,15.0,-0.4801298224236891
17.0,2.0,16.0,-0.37344969662576466
17.0,2.0,17.0,-0.08663753974164884
17.0,2.0,18.0,0.2831894693530977
17.0,2.0,19.0,0.6262525360974622
17.0,2.0,20.0,0.9927375662468666
17.0,2.0,21.0,1.0994608132711674
17.0,2.0,22.0,1.3613313472283841
17.0,2.0,23.0,1.51386797451545
18.0,1.0,1.0,0.2632607884761502
18.0,1.0,2.0,0.4872924732342353
18.0,1.0,3.0,0.5239622178746159
18.0,1.0,4.0,0.3272207314214108
18.0,1.0,5.0,-0.005807742726222351
18.0,1.0,6.0,-0.36649217587715843
18.0,1.0,7.0,-0.555625442674993
18.0,1.0,8.0,-0.5462985195993318
18.0,1.0,9.0,-0.5130602886008121
18.0,1.0,10.0,-0.502058762803579
18.0,1.0,11.0,-0.46183381097683995
18.0,1.0,12.0,-0.4982655250699441
18.0,1.0,13.0,-0.4919757750103234
18.0,1.0,14.0,-0.40370379224581365
18.0,1.0,15.0,-0.3532289577740615
18.0,1.0,16.0,-0.16879911467731612
18.0,1.0,17.0,-0.040808788640097675
18.0,1.0,18.0,0.02821538408573939
18.0,1.0,19.0,0.038320024660323894
18.0,1.0,20.0,0.021305113797384756
18.0,1.0,21.0,0.07285589892315147
18.0,1.0,22.0,0.08216673327758373
18.0,1.0,23.0,0.03785622589117558
18.0,2.0,1.0,0.36021428614118556
18.0,2.0,2.0,0.6975827962872734
18.0,2.0,3.0,0.8705220627996315
18.0,2.0,4.0,0.7021569133753661
18.0,2.0,5.0,0.4980838378635939
18.0,2.0,6.0,0.05463044354942068
18.0,2.0,7.0,-0.29130479764019873
18.0,2.0,8.0,-0.3835349574412272
18.0,2.0,9.0,-0.42901070884721587
18.0,2.0,10.0,-0.5301563946769533
18.0,2.0,11.0,-0.444842323680058
18.0,2.0,12.0,-0.36299827119212774
18.0,2.0,13.0,-0.4391510280502987
18.0,2.0,14.0,-0.4264881880231689
18.0,2.0,15.0,-0.5082060908089759
18.0,2.0,16.0,-0.5416048503989601
18.0,2.0,17.0,-0.8688718528552392
18.0,2.0,18.0,-0.924184457764391
18.0,2.0,19.0,-0.9178509423194537
18.0,2.0,20.0,-1.1406545095706082
18.0,2.0,21.0,-1.3882674157994859
18.0,2.0,22.0,-1.6464002427671542
18.0,2.0,23.0,-1.790726646969281
19.0,1.0,1.0,-0.7355106725788114
19.0,1.0,2.0,-1.1414750025027134
19.0,1.0,3.0,-1.2032172679549884
19.0,1.0,4.0,-1.1748640059370685
19.0,1.0,5.0,-1.098910193462823
19.0,1.0,6.0,-0.8981773275579108
19.0,1.0,7.0,-0.5461117137129302
19.0,1.0,8.0,-0.4021570663919993
19.0,1.0,9.0,-0.44890001348800895
19.0,1.0,10.0,-0.41800062110316105
19.0,1.0,11.0,-0.33452422919376906
19.0,1.0,12.0,-0.42003459145104766
19.0,1.0,13.0,-0.45889526489812543
19.0,1.0,14.0,-0.4617484427740612
19.0,1.0,15.0,-0.32142450830760133
19.0,1.0,16.0,-0.1415770575894948
19.0,1.0,17.0,0.3015624950887734
19.0,1.0,18.0,0.7450044417009065
19.0,1.0,19.0,0.9066824279341532
19.0,1.0,20.0,0.866764047284412
19.0,1.0,21.0,0.7513686975254124
19.0,1.0,22.0,0.8012101450530241
19.0,1.0,23.0,0.9044363629648391
19.0,2.0,1.0,-0.09165145688538281
19.0,2.0,2.0,-0.1255571896418773
19.0,2.0,3.0,-0.042359491868769326
19.0,2.0,4.0,0.03867898484216967
19.0,2.0,5.0,-0.024127207423020252
19.0,2.0,6.0,-0.09077971480292245
19.0,2.0,7.0,-0.3166640360109079
19.0,2.0,8.0,-0.4635946496717103
19.0,2.0,9.0,-0.5715556472138396
19.0,2.0,10.0,-0.5369417633388716
19.0,2.0,11.0,-0.42078351435753086
19.0,2.0,12.0,-0.3785698886343811
19.0,2.0,13.0,-0.42480980701445425
19.0,2.0,14.0,-0.4871624776381212
19.0,2.0,15.0,-0.4274279159205791
19.0,2.0,16.0,-0.4121175351999033
19.0,2.0,17.0,-0.4438338160626547
19.0,2.0,18.0,-0.4345403642391599
19.0,2.0,19.0,-0.4454475256248483
19.0,2.0,20.0,-0.4007812830934952
19.0,2.0,21.0,-0.23020157949848444
19.0,2.0,22.0,-0.1367624712284504
19.0,2.0,23.0,-0.052795758909285874
20.0,1.0,1.0,0.5685099060356985
20.0,1.0,2.0,0.7838438625249549
20.0,1.0,3.0,0.6694514783554364
20.0,1.0,4.0,0.6337093566439277
20.0,1.0,5.0,0.4058217993925348
20.0,1.0,6.0,-0.053443430345417715
20.0,1.0,7.0,-0.41688623941651515
20.0,1.0,8.0,-0.5059812834045451
20.0,1.0,9.0,-0.48598940374889427
20.0,1.0,10.0,-0.44997930153704796
20.0,1.0,11.0,-0.4257622853888381
20.0,1.0,12.0,-0.3938808088171983
20.0,1.0,13.0,-0.36168877821093925
20.0,1.0,14.0,-0.35876866661595425
20.0,1.0,15.0,-0.32751008130473375
20.0,1.0,16.0,-0.1573415769587933
20.0,1.0,17.0,0.12165109435637364
20.0,1.0,18.0,0.2641392366479357
20.0,1.0,19.0,0.2652129222214764
20.0,1.0,20.0,0.2574430515405395
20.0,1.0,21.0,0.22065346120327334
20.0,1.0,22.0,0.33517936778600427
20.0,1.0,23.0,0.4838930051448769
20.0,2.0,1.0,0.14032803130549157
20.0,2.0,2.0,0.13871465924638432
20.0,2.0,3.0,-0.05638609905835561
20.0,2.0,4.0,-0.3364405105884639
20.0,2.0,5.0,-0.5637893769074221
20.0,2.0,6.0,-0.5475252498699271
20.0,2.0,7.0,-0.46343877482054113
20.0,2.0,8.0,-0.37274087669029526
20.0,2.0,9.0,-0.40712895290236545
20.0,2.0,10.0,-0.5727082309941731
20.0,2.0,11.0,-0.5379459960659001
20.0,2.0,12.0,-0.4225092848277248
20.0,2.0,13.0,-0.31639935818200793
20.0,2.0,14.0,-0.3522828182071541
20.0,2.0,15.0,-0.3994191340776909
20.0,2.0,16.0,-0.3407283518150465
20.0,2.0,17.0,0.003147456705556067
20.0,2.0,18.0,0.3718278730656585
20.0,2.0,19.0,0.6747742502455326
20.0,2.0,20.0,0.6821574110669789
20.0,2.0,21.0,0.7763939975589145
20.0,2.0,22.0,0.9608493258605685
20.0,2.0,23.0,1.083396673724315
21.0,1.0,1.0,-0.1786643999157818
21.0,1.0,2.0,-0.33735511738522717
21.0,1.0,3.0,-0.5107859494298801
21.0,1.0,4.0,-0.574043362692581
21.0,1.0,5.0,-0.5082728322307153
21.0,1.0,6.0,-0.34818308178099394
21.0,1.0,7.0,-0.18898185023972355
21.0,1.0,8.0,-0.13034042604092164
21.0,1.0,9.0,-0.0855371810842794
21.0,1.0,10.0,-0.3153014835888894
21.0,1.0,11.0,-0.43358342084226575
21.0,1.0,12.0,-0.5211824159268895
21.0,1.0,13.0,-0.44350488904066415
21.0,1.0,14.0,-0.37230632891174203
21.0,1.0,15.0,-0.3624729720980757
21.0,1.0,16.0,-0.446155774328152
21.0,1.0,17.0,-0.7512944388246231
21.0,1.0,18.0,-0.9237928743561825
21.0,1.0,19.0,-0.9238624456715379
21.0,1.0,20.0,-0.6791342506216782
21.0,1.0,21.0,-0.49388322181104216
21.0,1.0,22.0,-0.31226454057353686
21.0,1.0,23.0,-0.23214601230696705
21.0,2.0,1.0,0.21444034056661498
21.0,2.0,2.0,0.3712502514005951
21.0,2.0,3.0,0.4639254463063077
21.0,2.0,4.0,0.4170365485099237
21.0,2.0,5.0,0.47229692165844733
21.0,2.0,6.0,0.6436919984590563
21.0,2.0,7.0,0.6558732408772249
21.0,2.0,8.0,0.7301299438364802
21.0,2.0,9.0,0.7495806146378257
21.0,2.0,10.0,0.7554351086559159
21.0,2.0,11.0,0.4030177196711386
21.0,2.0,12.0,-0.08939428096957037
21.0,2.0,13.0,-0.2505529341014
21.0,2.0,14.0,-0.3428852111607684
21.0,2.0,15.0,-0.36413826822443957
21.0,2.0,16.0,-0.3560903246834946
21.0,2.0,17.0,0.06440387941117544
21.0,2.0,18.0,0.5460048157412899
21.0,2.0,19.0,0.8431684955892826
21.0,2.0,20.0,0.8702979715672321
21.0,2.0,21.0,1.2196147314814463
21.0,2.0,22.0,1.5107613497986592
21.0,2.0,23.0,1.668546809085031
22.0,1.0,1.0,-0.0842853557475139
22.0,1.0,2.0,-0.20941571034957934
22.0,1.0,3.0,-0.28526324537320513
22.0,1.0,4.0,-0.20003798991646224
22.0,1.0,5.0,-0.14911244157310666
22.0,1.0,6.0,-0.13879840552202466
22.0,1.0,7.0,-0.1346665808099657
22.0,1.0,8.0,-0.20538027317352678
22.0,1.0,9.0,-0.223439462214576
22.0,1.0,10.0,-0.2839978551622581
22.0,1.0,11.0,-0.3783879886601015
22.0,1.0,12.0,-0.511437903710448
22.0,1.0,13.0,-0.4649968905827927
22.0,1.0,14.0,-0.4492866242882802
22.0,1.0,15.0,-0.3965924505675613
22.0,1.0,16.0,-0.3331819975398787
22.0,1.0,17.0,-0.1599183145632549
22.0,1.0,18.0,-0.06208675429470876
22.0,1.0,19.0,0.010553052955026157
22.0,1.0,20.0,-0.11983616256421174
22.0,1.0,21.0,-0.40032781779912435
22.0,1.0,22.0,-0.6013662537967471
22.0,1.0,23.0,-0.655583731996852
22.0,2.0,1.0,0.3128187592043478
22.0,2.0,2.0,0.64506746849742
22.0,2.0,3.0,0.7021188902025725
22.0,2.0,4.0,0.8223774384507693
22.0,2.0,5.0,0.7605957878393372
22.0,2.0,6.0,0.6516013371226848
22.0,2.0,7.0,0.640476451323268
22.0,2.0,8.0,0.7032772154186598
22.0,2.0,9.0,0.6172359323108624
22.0,2.0,10.0,0.5388180273790762
22.0,2.0,11.0,0.38745423516464095
22.0,2.0,12.0,-0.11341376365681917
22.0,2.0,13.0,-0.35280368821676533
22.0,2.0,14.0,-0.44259852884452655
22.0,2.0,15.0,-0.46015083722098954
22.0,2.0,16.0,-0.3388964379301255
22.0,2.0,17.0,-0.005794916536454567
22.0,2.0,18.0,0.37386082948180316
22.0,2.0,19.0,0.7035720307564985
22.0,2.0,20.0,0.69805021140633
22.0,2.0,21.0,0.5962391770332618
22.0,2.0,22.0,0.791507555918095
22.0,2.0,23.0,0.9254626636985616
23.0,1.0,1.0,-0.17475550422265404
23.0,1.0,2.0,-0.2104083238918825
23.0,1.0,3.0,-0.27311583111913923
23.0,1.0,4.0,-0.3721469435019766
23.0,1.0,5.0,-0.3655705833975031
23.0,1.0,6.0,-0.2747485989907088
23.0,1.0,7.0,-0.11214738863272343
23.0,1.0,8.0,-0.14608973793946434
23.0,1.0,9.0,-0.23892858921003549
23.0,1.0,10.0,-0.28538930845239785
23.0,1.0,11.0,-0.31834573125520316
23.0,1.0,12.0,-0.454823129882199
23.0,1.0,13.0,-0.48079126373738146
23.0,1.0,14.0,-0.3957411022411868
23.0,1.0,15.0,-0.4385476052141767
23.0,1.0,16.0,-0.4888561159643818
23.0,1.0,17.0,-0.6074844753359295
23.0,1.0,18.0,-0.5856630014870019
23.0,1.0,19.0,-0.46106321557043967
23.0,1.0,20.0,-0.24348719956341794
23.0,1.0,21.0,-0.19923072104924638
23.0,1.0,22.0,-0.2326725126591751
23.0,1.0,23.0,-0.332522649989218
23.0,2.0,1.0,-0.014205964755095737
23.0,2.0,2.0,0.07535776675185976
23.0,2.0,3.0,0.36934893205151864
23.0,2.0,4.0,0.6518845046164757
23.0,2.0,5.0,0.7851218778830981
23.0,2.0,6.0,0.9073428507950736
23.0,2.0,7.0,0.6491414788339915
23.0,2.0,8.0,0.6811489486756216
23.0,2.0,9.0,0.7032853703810532
23.0,2.0,10.0,0.6817004196778321
23.0,2.0,11.0,0.41299124957791145
23.0,2.0,12.0,-0.1376689786907378
23.0,2.0,13.0,-0.30265466132354685
23.0,2.0,14.0,-0.2886225847047581
23.0,2.0,15.0,-0.35627350109280986
23.0,2.0,16.0,-0.3114432919382263
23.0,2.0,17.0,-0.03960526853648134
23.0,2.0,18.0,0.25767338270419915
23.0,2.0,19.0,0.2306806346093684
23.0,2.0,20.0,0.24158496429449175
23.0,2.0,21.0,0.22254264834128396
23.0,2.0,22.0,0.39181620946740403
23.0,2.0,23.0,0.5273330318260478
24.0,1.0,1.0,0.591211138554326
24.0,1.0,2.0,0.9115729181079445
24.0,1.0,3.0,0.8052707301789448
24.0,1.0,4.0,0.6920065170052406
24.0,1.0,5.0,0.6080518992043653
24.0,1.0,6.0,0.40888167378249096
24.0,1.0,7.0,0.11195387886185133
24.0,1.0,8.0,-0.09890568312739599
24.0,1.0,9.0,-0.14289240614132603
24.0,1.0,10.0,-0.22183290597925998
24.0,1.0,11.0,-0.4130115102083248
24.0,1.0,12.0,-0.5201388549939654
24.0,1.0,13.0,-0.4342814094114606
24.0,1.0,14.0,-0.44115738469573257
24.0,1.0,15.0,-0.42301072673781137
24.0,1.0,16.0,-0.4989625720447919
24.0,1.0,17.0,-0.7420013131230702
24.0,1.0,18.0,-0.8852608360461259
24.0,1.0,19.0,-0.9009641443341867
24.0,1.0,20.0,-0.9046577278667475
24.0,1.0,21.0,-0.8403686835051509
24.0,1.0,22.0,-0.8899513389365519
24.0,1.0,23.0,-0.9869308243568304
24.0,2.0,1.0,-0.046039060847690265
24.0,2.0,2.0,-0.020846495756026248
24.0,2.0,3.0,0.10938214022123204
24.0,2.0,4.0,0.3769711262058612
24.0,2.0,5.0,0.5036237744701042
24.0,2.0,6.0,0.7940051942658435
24.0,2.0,7.0,0.6553549466928144
24.0,2.0,8.0,0.6463823250950862
24.0,2.0,9.0,0.666952623936111
24.0,2.0,10.0,0.6473623369224767
24.0,2.0,11.0,0.3200760664456051
24.0,2.0,12.0,-0.1659218146281975
24.0,2.0,13.0,-0.27531411863159055
24.0,2.0,14.0,-0.39224186739662326
24.0,2.0,15.0,-0.4375655986222045
24.0,2.0,16.0,-0.4877048404439272
24.0,2.0,17.0,-0.6182586112734485
24.0,2.0,18.0,-0.6398192021415134
24.0,2.0,19.0,-0.46423854343120324
24.0,2.0,20.0,-0.5224886640712995
24.0,2.0,21.0,-0.5872229774392488
24.0,2.0,22.0,-0.7925404040075797
24.0,2.0,23.0,-0.915256218161911
25.0,1.0,1.0,-0.28957534927799927
25.0,1.0,2.0,-0.39083825929799354
25.0,1.0,3.0,-0.4052503274970062
25.0,1.0,4.0,-0.47942429850123847
25.0,1.0,5.0,-0.5528023106824856
25.0,1.0,6.0,-0.3570587554627249
25.0,1.0,7.0,-0.19988942111952926
25.0,1.0,8.0,-0.127687650538757
25.0,1.0,9.0,-0.23812924045781397
25.0,1.0,10.0,-0.36993460435654796
25.0,1.0,11.0,-0.5084869701531176
25.0,1.0,12.0,-0.6049037517070835
25.0,1.0,13.0,-0.6316731883713236
25.0,1.0,14.0,-0.45425219275739415
25.0,1.0,15.0,-0.33675320691640315
25.0,1.0,16.0,-0.1891954910969314
25.0,1.0,17.0,0.009540258916820598
25.0,1.0,18.0,0.261355154329217
25.0,1.0,19.0,0.3342433245862027
25.0,1.0,20.0,0.31952864963787686
25.0,1.0,21.0,0.094826511546624
25.0,1.0,22.0,-0.09535038801257159
25.0,1.0,23.0,-0.10337954587121567
25.0,2.0,1.0,0.047241909370874566
25.0,2.0,2.0,0.10833826094649313
25.0,2.0,3.0,0.3115270455604638
25.0,2.0,4.0,0.3857387834309941
25.0,2.0,5.0,0.4973978244036596
25.0,2.0,6.0,0.6018287920799108
25.0,2.0,7.0,0.7208223772623555
25.0,2.0,8.0,0.7143273471828231
25.0,2.0,9.0,0.6256667269762534
25.0,2.0,10.0,0.6221392677529889
25.0,2.0,11.0,0.37171039034464
25.0,2.0,12.0,-0.07266685504487326
25.0,2.0,13.0,-0.2986860183771464
25.0,2.0,14.0,-0.37358725742431365
25.0,2.0,15.0,-0.415360130590056
25.0,2.0,16.0,-0.37006463708291587
25.0,2.0,17.0,-0.5137127209214667
25.0,2.0,18.0,-0.7521894910244794
25.0,2.0,19.0,-0.871862067121682
25.0,2.0,20.0,-0.8788262776932606
25.0,2.0,21.0,-0.920912071478207
25.0,2.0,22.0,-0.9356417858379316
25.0,2.0,23.0,-0.981978622454818
26.0,1.0,1.0,-0.4087533923952406
26.0,1.0,2.0,-0.7210075085178342
26.0,1.0,3.0,-0.9090259464206404
26.0,1.0,4.0,-1.0986009240596655
26.0,1.0,5.0,-1.135256065878803
26.0,1.0,6.0,-0.8621511187178303
26.0,1.0,7.0,-0.35107665058943
26.0,1.0,8.0,-0.2101277037143397
26.0,1.0,9.0,-0.2013110071490001
26.0,1.0,10.0,-0.19299028050178552
26.0,1.0,11.0,-0.28426171977648523
26.0,1.0,12.0,-0.36332973822880693
26.0,1.0,13.0,-0.382405608705839
26.0,1.0,14.0,-0.3947542481863556
26.0,1.0,15.0,-0.4262982187445179
26.0,1.0,16.0,-0.2610030152609275
26.0,1.0,17.0,-0.07412181651217696
26.0,1.0,18.0,0.09745927437697666
26.0,1.0,19.0,0.33431674039900666
26.0,1.0,20.0,0.6262130555051931
26.0,1.0,21.0,0.7723315959583931
26.0,1.0,22.0,0.691255547044216
26.0,1.0,23.0,0.7504633864150669
26.0,2.0,1.0,0.22042161289819007
26.0,2.0,2.0,0.356144894569675
26.0,2.0,3.0,0.367832701589754
26.0,2.0,4.0,0.4042275643673478
26.0,2.0,5.0,0.5176233926536769
26.0,2.0,6.0,0.5695715691754267
26.0,2.0,7.0,0.5174205546690789
26.0,2.0,8.0,0.530159481892478
26.0,2.0,9.0,0.5297480201165184
26.0,2.0,10.0,0.5009336103050954
26.0,2.0,11.0,0.3525590352624401
26.0,2.0,12.0,-0.08459588424377265
26.0,2.0,13.0,-0.31154186410700935
26.0,2.0,14.0,-0.4475258843643203
26.0,2.0,15.0,-0.5736746677074068
26.0,2.0,16.0,-0.562120803225416
26.0,2.0,17.0,-0.6466857240285511
26.0,2.0,18.0,-0.6424430615464369
26.0,2.0,19.0,-0.5453983689640753
26.0,2.0,20.0,-0.4391723807011934
26.0,2.0,21.0,-0.22557912444236483
26.0,2.0,22.0,-0.13403042203007484
26.0,2.0,23.0,-0.24852332038408273
27.0,1.0,1.0,0.4095799853680066
27.0,1.0,2.0,0.559409004714764
27.0,1.0,3.0,0.3920749255971698
27.0,1.0,4.0,0.30239466439023266
27.0,1.0,5.0,0.17159368074359543
27.0,1.0,6.0,0.02518882893676336
27.0,1.0,7.0,-0.17238134547731748
27.0,1.0,8.0,-0.26743228565507604
27.0,1.0,9.0,-0.20270690409648917
27.0,1.0,10.0,-0.24990270159212513
27.0,1.0,11.0,-0.3635534419060032
27.0,1.0,12.0,-0.5420760185874448
27.0,1.0,13.0,-0.5485700899098467
27.0,1.0,14.0,-0.3276065858398918
27.0,1.0,15.0,-0.28612051779058995
27.0,1.0,16.0,-0.3029673279337215
27.0,1.0,17.0,-0.19414299114615094
27.0,1.0,18.0,-0.03156409365918725
27.0,1.0,19.0,0.1358280700558065
27.0,1.0,20.0,0.33586409006812945
27.0,1.0,21.0,0.508692137457268
27.0,1.0,22.0,0.5529916669915627
27.0,1.0,23.0,0.540561371743408
27.0,2.0,1.0,-0.3452526574449682
27.0,2.0,2.0,-0.48032281288529816
27.0,2.0,3.0,-0.381541830113396
27.0,2.0,4.0,-0.27931534464931496
27.0,2.0,5.0,-0.040617929749740066
27.0,2.0,6.0,0.4422847869228544
27.0,2.0,7.0,0.7200869278403743
27.0,2.0,8.0,0.6847158291676346
27.0,2.0,9.0,0.6649356675350995
27.0,2.0,10.0,0.6639525218903443
27.0,2.0,11.0,0.39297791035715923
27.0,2.0,12.0,-0.03436198527629295
27.0,2.0,13.0,-0.32349598584185196
27.0,2.0,14.0,-0.3004336576120125
27.0,2.0,15.0,-0.41685795780191454
27.0,2.0,16.0,-0.5666261777775001
27.0,2.0,17.0,-0.7251822419201112
27.0,2.0,18.0,-0.6941875225411068
27.0,2.0,19.0,-0.87403571679502
27.0,2.0,20.0,-1.0314065755384272
27.0,2.0,21.0,-1.2155499753813226
27.0,2.0,22.0,-1.4770639889040316
27.0,2.0,23.0,-1.6338560771400774
28.0,1.0,1.0,-0.49559887134505376
28.0,1.0,2.0,-0.7621502877778678
28.0,1.0,3.0,-0.7727529094281433
28.0,1.0,4.0,-0.7292292939514412
28.0,1.0,5.0,-0.7157387859959965
28.0,1.0,6.0,-0.4885653018162461
28.0,1.0,7.0,-0.2491937586716034
28.0,1.0,8.0,-0.19438758541273876
28.0,1.0,9.0,-0.22309524189893826
28.0,1.0,10.0,-0.27474126285878475
28.0,1.0,11.0,-0.3742154968320262
28.0,1.0,12.0,-0.539914619270058
28.0,1.0,13.0,-0.5051463957933325
28.0,1.0,14.0,-0.3719708803997969
28.0,1.0,15.0,-0.24074113594116137
28.0,1.0,16.0,-0.11799420652859902
28.0,1.0,17.0,-0.13624719059515122
28.0,1.0,18.0,-0.22842955789703825
28.0,1.0,19.0,-0.4584828392304409
28.0,1.0,20.0,-0.6490495565922746
28.0,1.0,21.0,-0.5852207479733611
28.0,1.0,22.0,-0.6296482658929113
28.0,1.0,23.0,-0.7180638638401685
28.0,2.0,1.0,-0.13699978933871057
28.0,2.0,2.0,-0.04671122873143204
28.0,2.0,3.0,0.10534456624612376
28.0,2.0,4.0,0.1656411788198784
28.0,2.0,5.0,0.30440952221413053
28.0,2.0,6.0,0.5260107847991015
28.0,2.0,7.0,0.7292107292508533
28.0,2.0,8.0,0.741400548014538
28.0,2.0,9.0,0.7801793665187692
28.0,2.0,10.0,0.6591848757351226
28.0,2.0,11.0,0.40376867361683233
28.0,2.0,12.0,-0.10784577670177999
28.0,2.0,13.0,-0.32953040507915915
28.0,2.0,14.0,-0.37182563943027147
28.0,2.0,15.0,-0.42283597782445753
28.0,2.0,16.0,-0.44836494394686777
28.0,2.0,17.0,-0.38267442250246303
28.0,2.0,18.0,-0.2019648735826164
28.0,2.0,19.0,-0.0031073626854860614
28.0,2.0,20.0,0.11760157727125835
28.0,2.0,21.0,0.19223006094574605
28.0,2.0,22.0,0.11203839579424435
28.0,2.0,23.0,0.10912831631687714
29.0,1.0,1.0,-0.5344499182936596
29.0,1.0,2.0,-0.8513741281447315
29.0,1.0,3.0,-0.7723739777410935
29.0,1.0,4.0,-0.6010703365585648
29.0,1.0,5.0,-0.5351423052316853
29.0,1.0,6.0,-0.33958221117983123
29.0,1.0,7.0,-0.18838340364910594
29.0,1.0,8.0,-0.19050861857429913
29.0,1.0,9.0,-0.2529209014158028
29.0,1.0,10.0,-0.362393676360004
29.0,1.0,11.0,-0.4029153759817426
29.0,1.0,12.0,-0.48015001148009506
29.0,1.0,13.0,-0.5319599254912348
29.0,1.0,14.0,-0.4844046078655844
29.0,1.0,15.0,-0.49147695614359094
29.0,1.0,16.0,-0.47357759132695015
29.0,1.0,17.0,-0.44307689038348347
29.0,1.0,18.0,-0.609276843872105
29.0,1.0,19.0,-0.8066525262075025
29.0,1.0,20.0,-0.9876692753716083
29.0,1.0,21.0,-1.078915924389731
29.0,1.0,22.0,-1.2953668783766559
29.0,1.0,23.0,-1.3880190466322664
29.0,2.0,1.0,0.2812019233414177
29.0,2.0,2.0,0.5252942243036154
29.0,2.0,3.0,0.6147956306206535
29.0,2.0,4.0,0.6066430497072157
29.0,2.0,5.0,0.545398850863311
29.0,2.0,6.0,0.5316928965247126
29.0,2.0,7.0,0.6386141987440076
29.0,2.0,8.0,0.6542917769354206
29.0,2.0,9.0,0.7093298344768375
29.0,2.0,10.0,0.5906385964662014
29.0,2.0,11.0,0.42696852101358496
29.0,2.0,12.0,-0.014070866033777362
29.0,2.0,13.0,-0.26965867286922635
29.0,2.0,14.0,-0.4096751045156917
29.0,2.0,15.0,-0.4699697739568791
29.0,2.0,16.0,-0.3788337233506314
29.0,2.0,17.0,-0.1735698342901453
29.0,2.0,18.0,-0.1506851558941317
29.0,2.0,19.0,0.03376825371833752
29.0,2.0,20.0,0.4468648405424481
29.0,2.0,21.0,0.7302895012882634
29.0,2.0,22.0,0.8965043019967959
29.0,2.0,23.0,1.0272939430559014
30.0,1.0,1.0,0.31202325806931636
30.0,1.0,2.0,0.5005436058015703
30.0,1.0,3.0,0.5639636047861988
30.0,1.0,4.0,0.6455980055974472
30.0,1.0,5.0,0.5680808221539474
30.0,1.0,6.0,0.6031680188961798
30.0,1.0,7.0,0.39040865492171895
30.0,1.0,8.0,0.16083181154225834
30.0,1.0,9.0,-0.07860447066778296
30.0,1.0,10.0,-0.22561207644267411
30.0,1.0,11.0,-0.30769721920313253
30.0,1.0,12.0,-0.5130381299007714
30.0,1.0,13.0,-0.521757971197463
30.0,1.0,14.0,-0.49547566237811796
30.0,1.0,15.0,-0.4169068951943179
30.0,1.0,16.0,-0.2457631391205735
30.0,1.0,17.0,0.0027194715699285616
30.0,1.0,18.0,0.36615166564677254
30.0,1.0,19.0,0.673718610664735
30.0,1.0,20.0,0.8069961369288381
30.0,1.0,21.0,1.0721958322355054
30.0,1.0,22.0,1.4653027628836883
30.0,1.0,23.0,1.5653591364784645
30.0,2.0,1.0,-0.09254642144712635
30.0,2.0,2.0,-0.15702251866478698
30.0,2.0,3.0,0.03044667948967356
30.0,2.0,4.0,0.1833004108669756
30.0,2.0,5.0,0.3860460690990839
30.0,2.0,6.0,0.6813039728152668
30.0,2.0,7.0,0.7930740998871829
30.0,2.0,8.0,0.810359321460367
30.0,2.0,9.0,0.7221766275841055
30.0,2.0,10.0,0.5739970317221785
30.0,2.0,11.0,0.443787213733777
30.0,2.0,12.0,-0.0454136074015639
30.0,2.0,13.0,-0.2887444203425131
30.0,2.0,14.0,-0.44904870448707435
30.0,2.0,15.0,-0.478867649097087
30.0,2.0,16.0,-0.4426730741214197
30.0,2.0,17.0,-0.35106088329890917
30.0,2.0,18.0,-0.11759711910989575
30.0,2.0,19.0,0.05430740955316255
30.0,2.0,20.0,0.20094072237555666
30.0,2.0,21.0,0.26868725854647046
30.0,2.0,22.0,0.3387895569436924
30.0,2.0,23.0,0.35214880011908556
31.0,1.0,1.0,0.10601431089788582
31.0,1.0,2.0,0.1363636998735105
31.0,1.0,3.0,0.12701030533216792
31.0,1.0,4.0,0.09761520059768015
31.0,1.0,5.0,0.11828868551081613
31.0,1.0,6.0,0.03794039942017114
31.0,1.0,7.0,-0.0759198452571399
31.0,1.0,8.0,-0.08232014705848678
31.0,1.0,9.0,-0.11867357970054122
31.0,1.0,10.0,-0.10902792918529172
31.0,1.0,11.0,0.012278157116133318
31.0,1.0,12.0,0.29989423519618896
31.0,1.0,13.0,0.40647094026048636
31.0,1.0,14.0,0.39885494177656955
31.0,1.0,15.0,0.33680302184623306
31.0,1.0,16.0,0.27733583616662577
31.0,1.0,17.0,0.13660739226226853
31.0,1.0,18.0,0.13133919292795637
31.0,1.0,19.0,0.13875364799596746
31.0,1.0,20.0,0.2660490573854068
31.0,1.0,21.0,0.22719664123914315
31.0,1.0,22.0,0.36204934360791197
31.0,1.0,23.0,0.45223085929022955
31.0,2.0,1.0,0.7731405594653336
31.0,2.0,2.0,1.2490728264700417
31.0,2.0,3.0,1.2864007264291109
31.0,2.0,4.0,1.2944556447280569
31.0,2.0,5.0,1.283408612850638
31.0,2.0,6.0,0.9842899041753286
31.0,2.0,7.0,0.7816598527167539
31.0,2.0,8.0,0.68837428787572
31.0,2.0,9.0,0.7625832423737385
31.0,2.0,10.0,0.6399737884191005
31.0,2.0,11.0,0.6557053524092913
31.0,2.0,12.0,0.535593309180638
31.0,2.0,13.0,0.526628791118845
31.0,2.0,14.0,0.5713780241746811
31.0,2.0,15.0,0.5136863162769539
31.0,2.0,16.0,0.5836241582928505
31.0,2.0,17.0,0.7271305954449837
31.0,2.0,18.0,0.8385793661125102
31.0,2.0,19.0,0.8800728527601457
31.0,2.0,20.0,0.9270971211389388
31.0,2.0,21.0,0.7871468592377572
31.0,2.0,22.0,0.8656591622214166
31.0,2.0,23.0,0.9280409673816149
32.0,1.0,1.0,-0.5551515189971492
32.0,1.0,2.0,-0.8422975941559332
32.0,1.0,3.0,-0.8052350113793296
32.0,1.0,4.0,-0.892041204148072
32.0,1.0,5.0,-0.8065265759227861
32.0,1.0,6.0,-0.49767197784292877
32.0,1.0,7.0,-0.25144820611841895
32.0,1.0,8.0,-0.21279955455444502
32.0,1.0,9.0,-0.20022468202895433
32.0,1.0,10.0,-0.1679678490573638
32.0,1.0,11.0,-0.04255274987504258
32.0,1.0,12.0,0.34332105625676984
32.0,1.0,13.0,0.35883870210526186
32.0,1.0,14.0,0.42068582408056465
32.0,1.0,15.0,0.5389282990372478
32.0,1.0,16.0,0.5928219470466017
32.0,1.0,17.0,0.7496337854993131
32.0,1.0,18.0,0.8876301512592933
32.0,1.0,19.0,0.8549304878106085
32.0,1.0,20.0,1.0496827189215743
32.0,1.0,21.0,1.213602254631632
32.0,1.0,22.0,1.3103071161978004
32.0,1.0,23.0,1.4617829809110818
32.0,2.0,1.0,0.21520945747610665
32.0,2.0,2.0,0.2730491534993749
32.0,2.0,3.0,0.3163057649889289
32.0,2.0,4.0,0.5170308474413878
32.0,2.0,5.0,0.6407539666554615
32.0,2.0,6.0,0.7250733620088515
32.0,2.0,7.0,0.8136888135976041
32.0,2.0,8.0,0.7961341937578619
32.0,2.0,9.0,0.6348806452589008
32.0,2.0,10.0,0.5662266244589195
32.0,2.0,11.0,0.5209039971898088
32.0,2.0,12.0,0.4844571229295214
32.0,2.0,13.0,0.42985305848519767
32.0,2.0,14.0,0.49131009775725853
32.0,2.0,15.0,0.6010147914460938
32.0,2.0,16.0,0.5744047749598306
32.0,2.0,17.0,0.5835647621755723
32.0,2.0,18.0,0.5063665912602339
32.0,2.0,19.0,0.3245895928419499
32.0,2.0,20.0,0.38570810789096993
32.0,2.0,21.0,0.4369337214676472
32.0,2.0,22.0,0.474964000954776
32.0,2.0,23.0,0.5679446117209634
33.0,1.0,1.0,0.5602621873931449
33.0,1.0,2.0,0.8096106873637349
33.0,1.0,3.0,0.8646380229239431
33.0,1.0,4.0,0.9840585655676863
33.0,1.0,5.0,1.0015897405575995
33.0,1.0,6.0,0.6146636808515465
33.0,1.0,7.0,0.14877596277121055
33.0,1.0,8.0,-0.034476481644985915
33.0,1.0,9.0,-0.143815175435474
33.0,1.0,10.0,-0.22474955598575563
33.0,1.0,11.0,-0.1776361840827267
33.0,1.0,12.0,0.12940240666239863
33.0,1.0,13.0,0.3064263231531193
33.0,1.0,14.0,0.3363510745498054
33.0,1.0,15.0,0.39298125199366973
33.0,1.0,16.0,0.31971891328192337
33.0,1.0,17.0,0.29829039623149955
33.0,1.0,18.0,0.13983365884159168
33.0,1.0,19.0,-0.029150778268256194
33.0,1.0,20.0,-0.08952100518941418
33.0,1.0,21.0,0.11792146819295755
33.0,1.0,22.0,0.3300453482296053
33.0,1.0,23.0,0.3822832922096636
33.0,2.0,1.0,0.11745265817295122
33.0,2.0,2.0,0.2519210725920698
33.0,2.0,3.0,0.23934965389968957
33.0,2.0,4.0,0.3247400411912588
33.0,2.0,5.0,0.4107211710327292
33.0,2.0,6.0,0.5588287016427661
33.0,2.0,7.0,0.6308353464619461
33.0,2.0,8.0,0.5775736203036157
33.0,2.0,9.0,0.7100494937340132
33.0,2.0,10.0,0.6643933269356875
33.0,2.0,11.0,0.5839126459819658
33.0,2.0,12.0,0.5789755879051153
33.0,2.0,13.0,0.5083646612878628
33.0,2.0,14.0,0.47994583164213567
33.0,2.0,15.0,0.5534065921361336
33.0,2.0,16.0,0.4712481061358523
33.0,2.0,17.0,0.5635609997744624
33.0,2.0,18.0,0.4475250807609964
33.0,2.0,19.0,0.2960876754618544
33.0,2.0,20.0,0.32678789560314975
33.0,2.0,21.0,0.41755528148825405
33.0,2.0,22.0,0.3994011290022809
33.0,2.0,23.0,0.4176233628414274
34.0,1.0,1.0,0.4108282768094117
34.0,1.0,2.0,0.6201060791785142
34.0,1.0,3.0,0.5667742711455491
34.0,1.0,4.0,0.33296202746069636
34.0,1.0,5.0,0.15540756216479445
34.0,1.0,6.0,-0.08004482823271575
34.0,1.0,7.0,-0.165579623893546
34.0,1.0,8.0,-0.16060280163555776
34.0,1.0,9.0,-0.15711844897870902
34.0,1.0,10.0,-0.23060212552291467
34.0,1.0,11.0,-0.0656101913829239
34.0,1.0,12.0,0.3154063817034297
34.0,1.0,13.0,0.33471700026178525
34.0,1.0,14.0,0.38000548006867396
34.0,1.0,15.0,0.3849294314569186
34.0,1.0,16.0,0.35716890916967275
34.0,1.0,17.0,0.49625621166676803
34.0,1.0,18.0,0.5224883324050724
34.0,1.0,19.0,0.5452965131863403
34.0,1.0,20.0,0.6584218096061604
34.0,1.0,21.0,0.6657492221656477
34.0,1.0,22.0,0.6220067549685531
34.0,1.0,23.0,0.5968124972424084
34.0,2.0,1.0,-0.2245666691436923
34.0,2.0,2.0,-0.35233111272632506
34.0,2.0,3.0,-0.1878013953888748
34.0,2.0,4.0,0.07289904763788266
34.0,2.0,5.0,0.459419072796695
34.0,2.0,6.0,0.7157709079855202
34.0,2.0,7.0,0.7443923997234049
34.0,2.0,8.0,0.7021348936716848
34.0,2.0,9.0,0.7025151185404501
34.0,2.0,10.0,0.6672230499908811
34.0,2.0,11.0,0.5001724853310953
34.0,2.0,12.0,0.4153539163376396
34.0,2.0,13.0,0.38516057446368956
34.0,2.0,14.0,0.4484231233692125
34.0,2.0,15.0,0.48168524033150273
34.0,2.0,16.0,0.46987429167178507
34.0,2.0,17.0,0.7706345846211013
34.0,2.0,18.0,0.9770376580341662
34.0,2.0,19.0,1.0282410204940216
34.0,2.0,20.0,1.181418560394295
34.0,2.0,21.0,1.276127448064671
34.0,2.0,22.0,1.4352250950456154
34.0,2.0,23.0,1.5957327384927869
35.0,1.0,1.0,0.2915343242422815
35.0,1.0,2.0,0.45816281182899676
35.0,1.0,3.0,0.48868216860944325
35.0,1.0,4.0,0.5607163287015907
35.0,1.0,5.0,0.6171567278573643
35.0,1.0,6.0,0.5044171173587539
35.0,1.0,7.0,0.14596732480476465
35.0,1.0,8.0,-0.040390183884014066
35.0,1.0,9.0,-0.22249634918311964
35.0,1.0,10.0,-0.31205697670099275
35.0,1.0,11.0,-0.16449768792949254
35.0,1.0,12.0,0.04511870417192677
35.0,1.0,13.0,0.27057085350979304
35.0,1.0,14.0,0.32930186587498733
35.0,1.0,15.0,0.30080033098753994
35.0,1.0,16.0,0.06286706742836158
35.0,1.0,17.0,-0.3648489124306931
35.0,1.0,18.0,-0.6013513461576887
35.0,1.0,19.0,-0.7043663578819731
35.0,1.0,20.0,-0.8383011969433505
35.0,1.0,21.0,-0.8840986880565536
35.0,1.0,22.0,-1.043628317326111
35.0,1.0,23.0,-1.1637940115422238
35.0,2.0,1.0,0.352412239343226
35.0,2.0,2.0,0.4391307157697407
35.0,2.0,3.0,0.4153717015298351
35.0,2.0,4.0,0.44777180165088737
35.0,2.0,5.0,0.4234608226698187
35.0,2.0,6.0,0.4866832989792461
35.0,2.0,7.0,0.5719726678899532
35.0,2.0,8.0,0.6304009202807932
35.0,2.0,9.0,0.5702585078228091
35.0,2.0,10.0,0.5775618833013318
35.0,2.0,11.0,0.5120325028494009
35.0,2.0,12.0,0.4687769392883217
35.0,2.0,13.0,0.4978918636630284
35.0,2.0,14.0,0.5334794556842345
35.0,2.0,15.0,0.6136613515541374
35.0,2.0,16.0,0.46156262348408666
35.0,2.0,17.0,0.30915145694124674
35.0,2.0,18.0,0.070531196845189
35.0,2.0,19.0,-0.07462548160379633
35.0,2.0,20.0,0.01271384632979246
35.0,2.0,21.0,0.2941659075418496
35.0,2.0,22.0,0.38183595076408416
35.0,2.0,23.0,0.33580152085735915
36.0,1.0,1.0,-0.022450385899312204
36.0,1.0,2.0,0.005299049911639953
36.0,1.0,3.0,0.049352209447528175
36.0,1.0,4.0,-0.01555639210199681
36.0,1.0,5.0,-0.022478136393091493
36.0,1.0,6.0,-0.01895576114080228
36.0,1.0,7.0,-0.10492381154978178
36.0,1.0,8.0,-0.16438348841608913
36.0,1.0,9.0,-0.1468450826552632
36.0,1.0,10.0,-0.03262926180989074
36.0,1.0,11.0,0.1318610685330973
36.0,1.0,12.0,0.33353022022914863
36.0,1.0,13.0,0.4316193035424262
36.0,1.0,14.0,0.29746887488108315
36.0,1.0,15.0,0.25805255351114986
36.0,1.0,16.0,0.395082322940334
36.0,1.0,17.0,0.6234758812284426
36.0,1.0,18.0,0.8167994102728603
36.0,1.0,19.0,0.7351021480566362
36.0,1.0,20.0,0.8734105490975611
36.0,1.0,21.0,1.0981356347909008
36.0,1.0,22.0,1.4083311566228145
36.0,1.0,23.0,1.5613571559166985
36.0,2.0,1.0,-0.2296896588182945
36.0,2.0,2.0,-0.3191727164692447
36.0,2.0,3.0,-0.19513230570067186
36.0,2.0,4.0,-0.039625375130005254
36.0,2.0,5.0,0.2228655323438238
36.0,2.0,6.0,0.4979837331225648
36.0,2.0,7.0,0.6795719448633074
36.0,2.0,8.0,0.7700664922846348
36.0,2.0,9.0,0.6746154691270166
36.0,2.0,10.0,0.741617859295297
36.0,2.0,11.0,0.7085963330247088
36.0,2.0,12.0,0.5106131705272638
36.0,2.0,13.0,0.5327244538900786
36.0,2.0,14.0,0.3993713190607345
36.0,2.0,15.0,0.37909684187455406
36.0,2.0,16.0,0.5271859922427401
36.0,2.0,17.0,0.4488829334034898
36.0,2.0,18.0,0.5156462783620496
36.0,2.0,19.0,0.4621611644553818
36.0,2.0,20.0,0.42422079136186686
36.0,2.0,21.0,0.38782669463966085
36.0,2.0,22.0,0.3500088421749869
36.0,2.0,23.0,0.38595399988574874
37.0,1.0,1.0,0.26933253754787245
37.0,1.0,2.0,0.3708733875497488
37.0,1.0,3.0,0.5458648228641525
37.0,1.0,4.0,0.5703696786562349
37.0,1.0,5.0,0.5519183953300418
37.0,1.0,6.0,0.28468206296427684
37.0,1.0,7.0,0.016159603806476058
37.0,1.0,8.0,-0.14013880929153685
37.0,1.0,9.0,-0.16010324309204615
37.0,1.0,10.0,-0.06937890613986139
37.0,1.0,11.0,0.0497649689788315
37.0,1.0,12.0,0.39903719561149775
37.0,1.0,13.0,0.5168646865170544
37.0,1.0,14.0,0.4587001707061973
37.0,1.0,15.0,0.3661430572862674
37.0,1.0,16.0,0.22877758654003663
37.0,1.0,17.0,-0.15306326197403747
37.0,1.0,18.0,-0.5246718466662105
37.0,1.0,19.0,-0.8218960455590966
37.0,1.0,20.0,-0.9408122110626362
37.0,1.0,21.0,-1.1658832698031816
37.0,1.0,22.0,-1.5312035370662684
37.0,1.0,23.0,-1.6578807462810516
37.0,2.0,1.0,0.2952745317826359
37.0,2.0,2.0,0.4959689910158457
37.0,2.0,3.0,0.6189266661120528
37.0,2.0,4.0,0.765302270703418
37.0,2.0,5.0,0.8281517912599513
37.0,2.0,6.0,0.7867286108789942
37.0,2.0,7.0,0.6674515611979098
37.0,2.0,8.0,0.5986341113323624
37.0,2.0,9.0,0.4610937882973647
37.0,2.0,10.0,0.5101579209610759
37.0,2.0,11.0,0.49232942041998307
37.0,2.0,12.0,0.4269222112768279
37.0,2.0,13.0,0.48756567266484213
37.0,2.0,14.0,0.5089845515714743
37.0,2.0,15.0,0.5208736211042994
37.0,2.0,16.0,0.5350621724023004
37.0,2.0,17.0,0.6438990810748317
37.0,2.0,18.0,0.7511970482336199
37.0,2.0,19.0,0.5878599970740962
37.0,2.0,20.0,0.2961275858860402
37.0,2.0,21.0,0.07128318083165565
37.0,2.0,22.0,-0.13390764670572622
37.0,2.0,23.0,-0.22986990884387065
38.0,1.0,1.0,-0.05309244627470024
38.0,1.0,2.0,-0.11008686665292333
38.0,1.0,3.0,-0.230314584168659
38.0,1.0,4.0,-0.3626960069647402
38.0,1.0,5.0,-0.39925719348164057
38.0,1.0,6.0,-0.35225926588891737
38.0,1.0,7.0,-0.2326826464483788
38.0,1.0,8.0,-0.2057154631179695
38.0,1.0,9.0,-0.23846732235288318
38.0,1.0,10.0,-0.1869416059821778
38.0,1.0,11.0,-0.04235926359781285
38.0,1.0,12.0,0.2833952845939361
38.0,1.0,13.0,0.4359814102670247
38.0,1.0,14.0,0.3882795474461367
38.0,1.0,15.0,0.3919070518335831
38.0,1.0,16.0,0.42835834467184725
38.0,1.0,17.0,0.6887920971891426
38.0,1.0,18.0,0.9276662213828306
38.0,1.0,19.0,0.9252523021633672
38.0,1.0,20.0,0.8837272009227084
38.0,1.0,21.0,1.11310877200387
38.0,1.0,22.0,1.468959273575176
38.0,1.0,23.0,1.6405751593948188
38.0,2.0,1.0,0.34918098252795654
38.0,2.0,2.0,0.503318367848983
38.0,2.0,3.0,0.5212157555213548
38.0,2.0,4.0,0.5287929965616843
38.0,2.0,5.0,0.6666390058244218
38.0,2.0,6.0,0.7708777537821034
38.0,2.0,7.0,0.7368879221629979
38.0,2.0,8.0,0.7265568675467947
38.0,2.0,9.0,0.6835829175933796
38.0,2.0,10.0,0.7630798748290895
38.0,2.0,11.0,0.6620850948093209
38.0,2.0,12.0,0.5789347558216962
38.0,2.0,13.0,0.5489817121449384
38.0,2.0,14.0,0.46763273523606375
38.0,2.0,15.0,0.4733797494270353
38.0,2.0,16.0,0.404243467209024
38.0,2.0,17.0,0.21059696877953432
38.0,2.0,18.0,0.18525312569864782
38.0,2.0,19.0,0.10254405664682027
38.0,2.0,20.0,-0.02817484721206186
38.0,2.0,21.0,0.060033044403693434
38.0,2.0,22.0,0.14174597655178808
38.0,2.0,23.0,0.10109272732571438
39.0,1.0,1.0,0.01539092564231334
39.0,1.0,2.0,-0.07836715181594378
39.0,1.0,3.0,-0.2636049897615912
39.0,1.0,4.0,-0.1953857116359558
39.0,1.0,5.0,-0.1549523191116421
39.0,1.0,6.0,-0.08713337087997274
39.0,1.0,7.0,-0.02855592415143533
39.0,1.0,8.0,-0.0832084964236758
39.0,1.0,9.0,-0.16819686928828656
39.0,1.0,10.0,-0.22991898960325705
39.0,1.0,11.0,-0.09645292696930345
39.0,1.0,12.0,0.2736533256851409
39.0,1.0,13.0,0.38853409609461714
39.0,1.0,14.0,0.41261207124155247
39.0,1.0,15.0,0.3494107932478815
39.0,1.0,16.0,0.35662130215200494
39.0,1.0,17.0,0.38935999346597194
39.0,1.0,18.0,0.38150350209564304
39.0,1.0,19.0,0.3209101391219299
39.0,1.0,20.0,0.38676086609488475
39.0,1.0,21.0,0.42531126221923227
39.0,1.0,22.0,0.6165831129186284
39.0,1.0,23.0,0.7571733456184027
39.0,2.0,1.0,0.5000937508162375
39.0,2.0,2.0,0.7367868138740505
39.0,2.0,3.0,0.8185581378950589
39.0,2.0,4.0,0.832966379169031
39.0,2.0,5.0,0.8564282533776828
39.0,2.0,6.0,0.7191353337531807
39.0,2.0,7.0,0.7013192610037691
39.0,2.0,8.0,0.6412072707069372
39.0,2.0,9.0,0.6618895687530895
39.0,2.0,10.0,0.6845489598328166
39.0,2.0,11.0,0.5393229119760266
39.0,2.0,12.0,0.45696252402918214
39.0,2.0,13.0,0.4153398737042638
39.0,2.0,14.0,0.5067475199026931
39.0,2.0,15.0,0.5197960686952564
39.0,2.0,16.0,0.680423539424391
39.0,2.0,17.0,0.918875598672951
39.0,2.0,18.0,0.9553873785302625
39.0,2.0,19.0,0.8505557600232856
39.0,2.0,20.0,0.8204145163521921
39.0,2.0,21.0,0.7891554383991438
39.0,2.0,22.0,0.8194696507546317
39.0,2.0,23.0,0.9045893889907041
40.0,1.0,1.0,0.042336332117823734
40.0,1.0,2.0,0.015989778637253465
40.0,1.0,3.0,-0.04872749205235826
40.0,1.0,4.0,-0.08787428951599661
40.0,1.0,5.0,-0.0484892528171282
40.0,1.0,6.0,-0.019043522578429672
40.0,1.0,7.0,-0.09935969250190058
40.0,1.0,8.0,-0.2127330519178324
40.0,1.0,9.0,-0.2453150416753991
40.0,1.0,10.0,-0.2254253538786225
40.0,1.0,11.0,-0.05463405404932425
40.0,1.0,12.0,0.3611265804994082
40.0,1.0,13.0,0.44458815559687564
40.0,1.0,14.0,0.4071281619367312
40.0,1.0,15.0,0.30734581418251217
40.0,1.0,16.0,0.03588491904905252
40.0,1.0,17.0,-0.5588805517744113
40.0,1.0,18.0,-0.8449430819467822
40.0,1.0,19.0,-0.6567366057971088
40.0,1.0,20.0,-0.2875543668054598
40.0,1.0,21.0,0.16878956916850146
40.0,1.0,22.0,0.38014057831363834
40.0,1.0,23.0,0.40130116482256145
40.0,2.0,1.0,0.030759836345992955
40.0,2.0,2.0,-0.0356541161457446
40.0,2.0,3.0,-0.10017717504121325
40.0,2.0,4.0,-0.05099636757825513
40.0,2.0,5.0,0.0014365276667919276
40.0,2.0,6.0,0.2559251263017126
40.0,2.0,7.0,0.5201202188540942
40.0,2.0,8.0,0.7037688523314363
40.0,2.0,9.0,0.7845763991724626
40.0,2.0,10.0,0.8383830932131201
40.0,2.0,11.0,0.7165252615272413
40.0,2.0,12.0,0.5035679500925655
40.0,2.0,13.0,0.48294973409989284
40.0,2.0,14.0,0.5022826551177676
40.0,2.0,15.0,0.5179260243329658
40.0,2.0,16.0,0.4744855696947001
40.0,2.0,17.0,0.5141424408577743
40.0,2.0,18.0,0.46137233080868867
40.0,2.0,19.0,0.3155205161755312
40.0,2.0,20.0,0.11311882702741662
40.0,2.0,21.0,0.195303901365826
40.0,2.0,22.0,0.14161675161830728
40.0,2.0,23.0,0.22520278395812302
41.0,1.0,1.0,-0.33426873852069894
41.0,1.0,2.0,-0.4829896132320007
41.0,1.0,3.0,-0.5155119976930143
41.0,1.0,4.0,-0.6378427848058258
41.0,1.0,5.0,-0.6175498163560146
41.0,1.0,6.0,-0.29340320477053383
41.0,1.0,7.0,0.33880818385707445
41.0,1.0,8.0,0.6370289487040017
41.0,1.0,9.0,0.6027084224541879
41.0,1.0,10.0,0.572635473361382
41.0,1.0,11.0,0.5327559657768934
41.0,1.0,12.0,0.40229414658394047
41.0,1.0,13.0,0.4833048244107315
41.0,1.0,14.0,0.44223018202266606
41.0,1.0,15.0,0.44879771933671037
41.0,1.0,16.0,0.31888806100550515
41.0,1.0,17.0,0.21800048837871905
41.0,1.0,18.0,0.18505821620114074
41.0,1.0,19.0,0.1436961351203919
41.0,1.0,20.0,0.18932639800210138
41.0,1.0,21.0,0.40674775016022674
41.0,1.0,22.0,0.7314418125549698
41.0,1.0,23.0,0.8697942879530479
41.0,2.0,1.0,0.2793448358929633
41.0,2.0,2.0,0.3907617900630668
41.0,2.0,3.0,0.18942637761529713
41.0,2.0,4.0,-0.06600141392087892
41.0,2.0,5.0,-0.20956018443612795
41.0,2.0,6.0,-0.3188491658060855
41.0,2.0,7.0,-0.36049612217912613
41.0,2.0,8.0,-0.4288816793659438
41.0,2.0,9.0,-0.44381812830098394
41.0,2.0,10.0,-0.3742521951821391
41.0,2.0,11.0,-0.06411740632162873
41.0,2.0,12.0,0.2859387415466681
41.0,2.0,13.0,0.467873287642616
41.0,2.0,14.0,0.4978340935769726
41.0,2.0,15.0,0.5724934292093077
41.0,2.0,16.0,0.49608898597343465
41.0,2.0,17.0,0.6235704012932427
41.0,2.0,18.0,0.7174552938267421
41.0,2.0,19.0,0.7369153566840186
41.0,2.0,20.0,0.7489974829938874
41.0,2.0,21.0,0.6929488782440721
41.0,2.0,22.0,0.9155307571822289
41.0,2.0,23.0,1.0294988663760916
42.0,1.0,1.0,-0.010736447380020813
42.0,1.0,2.0,0.025840666072060002
42.0,1.0,3.0,0.1339427129700859
42.0,1.0,4.0,0.2099787959208328
42.0,1.0,5.0,0.2156298762660095
42.0,1.0,6.0,0.3028480648498039
42.0,1.0,7.0,0.4927401196383107
42.0,1.0,8.0,0.6034151909109535
42.0,1.0,9.0,0.5815930381419075
42.0,1.0,10.0,0.6437683308124179
42.0,1.0,11.0,0.7077486811129381
42.0,1.0,12.0,0.6255911751380633
42.0,1.0,13.0,0.5794251225186826
42.0,1.0,14.0,0.5407579298234119
42.0,1.0,15.0,0.43719508168657784
42.0,1.0,16.0,0.38074780378133527
42.0,1.0,17.0,0.5732152214829719
42.0,1.0,18.0,0.6586309972101886
42.0,1.0,19.0,0.6295640545620828
42.0,1.0,20.0,0.3628780644481402
42.0,1.0,21.0,0.14212543375126677
42.0,1.0,22.0,0.064341609450427
42.0,1.0,23.0,0.08270630248617462
42.0,2.0,1.0,-0.40062418606592004
42.0,2.0,2.0,-0.6304229948905976
42.0,2.0,3.0,-0.7743342106466967
42.0,2.0,4.0,-0.837338730498331
42.0,2.0,5.0,-0.7713238472151643
42.0,2.0,6.0,-0.8572471636822959
42.0,2.0,7.0,-0.6441362844904898
42.0,2.0,8.0,-0.31766815252889447
42.0,2.0,9.0,-0.12757227011181052
42.0,2.0,10.0,0.044191616989019085
42.0,2.0,11.0,0.23072078823355383
42.0,2.0,12.0,0.34837830809772224
42.0,2.0,13.0,0.43108063321149626
42.0,2.0,14.0,0.4771343401425048
42.0,2.0,15.0,0.3966142394111068
42.0,2.0,16.0,0.23694318275511572
42.0,2.0,17.0,-0.024495421787644484
42.0,2.0,18.0,-0.2112818165025771
42.0,2.0,19.0,-0.09686687077884423
42.0,2.0,20.0,0.11166307638971407
42.0,2.0,21.0,0.12857256392321384
42.0,2.0,22.0,0.22302843052553842
42.0,2.0,23.0,0.32953932185130513
43.0,1.0,1.0,0.057459813969235246
43.0,1.0,2.0,0.11474608106229811
43.0,1.0,3.0,0.021967842249430818
43.0,1.0,4.0,0.12094256250575795
43.0,1.0,5.0,0.21960852389825283
43.0,1.0,6.0,0.3407609160937917
43.0,1.0,7.0,0.4259187817919228
43.0,1.0,8.0,0.543343344504073
43.0,1.0,9.0,0.5658613820127892
43.0,1.0,10.0,0.46218574542906904
43.0,1.0,11.0,0.5976879545843978
43.0,1.0,12.0,0.6284620846680108
43.0,1.0,13.0,0.45452658917195066
43.0,1.0,14.0,0.3427609429201105
43.0,1.0,15.0,0.3577389901137075
43.0,1.0,16.0,0.3632006212489729
43.0,1.0,17.0,0.42612246824127775
43.0,1.0,18.0,0.4392408016364713
43.0,1.0,19.0,0.4258495783541455
43.0,1.0,20.0,0.3312822590936011
43.0,1.0,21.0,0.06415201519793444
43.0,1.0,22.0,-0.10909646192900029
43.0,1.0,23.0,-0.11365125931484248
43.0,2.0,1.0,-0.38181323575836706
43.0,2.0,2.0,-0.5089159631006686
43.0,2.0,3.0,-0.3701590205913521
43.0,2.0,4.0,-0.2727189326258596
43.0,2.0,5.0,-0.1957815773870398
43.0,2.0,6.0,-0.27498557869778045
43.0,2.0,7.0,-0.3169003569738735
43.0,2.0,8.0,-0.31331889742916375
43.0,2.0,9.0,-0.33354980338727236
43.0,2.0,10.0,-0.18933879320626837
43.0,2.0,11.0,0.05581956126498024
43.0,2.0,12.0,0.33331473665080585
43.0,2.0,13.0,0.3869398187194099
43.0,2.0,14.0,0.3871201015444692
43.0,2.0,15.0,0.49158313408811033
43.0,2.0,16.0,0.5183470445578479
43.0,2.0,17.0,0.47495803947457027
43.0,2.0,18.0,0.2960126363796316
43.0,2.0,19.0,0.02643276601846382
43.0,2.0,20.0,-0.12172698571164277
43.0,2.0,21.0,-0.2558608630157195
43.0,2.0,22.0,-0.31611710724209463
43.0,2.0,23.0,-0.32502188316936453
44.0,1.0,1.0,-0.4200081699787458
44.0,1.0,2.0,-0.64845234737077
44.0,1.0,3.0,-0.6418583445142619
44.0,1.0,4.0,-0.5979908162163995
44.0,1.0,5.0,-0.4029279578897984
44.0,1.0,6.0,-0.0007870038139503719
44.0,1.0,7.0,0.46389209048433055
44.0,1.0,8.0,0.6427760535128464
44.0,1.0,9.0,0.8302142741427674
44.0,1.0,10.0,0.8378513663202541
44.0,1.0,11.0,0.6672909893443303
44.0,1.0,12.0,0.4664119332612541
44.0,1.0,13.0,0.39927885618636016
44.0,1.0,14.0,0.42504449366679836
44.0,1.0,15.0,0.3554929523057088
44.0,1.0,16.0,0.30802317146846997
44.0,1.0,17.0,0.20565797656631576
44.0,1.0,18.0,0.03849550074824275
44.0,1.0,19.0,0.07795322656051014
44.0,1.0,20.0,0.17253552840166728
44.0,1.0,21.0,0.14728823168181135
44.0,1.0,22.0,0.16586626309414704
44.0,1.0,23.0,0.09629157176184572
44.0,2.0,1.0,-0.40685936446289345
44.0,2.0,2.0,-0.7493936607194628
44.0,2.0,3.0,-0.7014186887868766
44.0,2.0,4.0,-0.7437894669595063
44.0,2.0,5.0,-0.8274020477365196
44.0,2.0,6.0,-0.7689650698797315
44.0,2.0,7.0,-0.34894337492104704
44.0,2.0,8.0,-0.20037451550814644
44.0,2.0,9.0,-0.1698070679940278
44.0,2.0,10.0,-0.09460138739619472
44.0,2.0,11.0,0.003892804456387017
44.0,2.0,12.0,0.2494033626939748
44.0,2.0,13.0,0.36611119222643845
44.0,2.0,14.0,0.48248131319895055
44.0,2.0,15.0,0.47601102706009485
44.0,2.0,16.0,0.5584525573905236
44.0,2.0,17.0,0.5645844640933287
44.0,2.0,18.0,0.452598611496141
44.0,2.0,19.0,0.49395871322318513
44.0,2.0,20.0,0.5478595272907485
44.0,2.0,21.0,0.7306506913246099
44.0,2.0,22.0,0.9097941160733733
44.0,2.0,23.0,1.0635805344548166
45.0,1.0,1.0,-0.4480144816349773
45.0,1.0,2.0,-0.6858569290952095
45.0,1.0,3.0,-0.8644119786308986
45.0,1.0,4.0,-1.0845630321354658
45.0,1.0,5.0,-0.9075485269308514
45.0,1.0,6.0,-0.37080188676679415
45.0,1.0,7.0,0.2487200018587248
45.0,1.0,8.0,0.5630555215734381
45.0,1.0,9.0,0.686420616160453
45.0,1.0,10.0,0.7740691534118525
45.0,1.0,11.0,0.6662679300197768
45.0,1.0,12.0,0.5154599228277132
45.0,1.0,13.0,0.4732710160125443
45.0,1.0,14.0,0.43656977413456316
45.0,1.0,15.0,0.4300619485049347
45.0,1.0,16.0,0.30506823542890577
45.0,1.0,17.0,-0.028705521681555796
45.0,1.0,18.0,-0.4302612249358387
45.0,1.0,19.0,-0.6079005114415174
45.0,1.0,20.0,-0.6221266191179194
45.0,1.0,21.0,-0.5473883752604396
45.0,1.0,22.0,-0.5731023285945113
45.0,1.0,23.0,-0.5846715919423868
45.0,2.0,1.0,-0.14643528183478816
45.0,2.0,2.0,-0.23403015898338975
45.0,2.0,3.0,-0.3335920039991373
45.0,2.0,4.0,-0.43026116249451524
45.0,2.0,5.0,-0.4252931602951332
45.0,2.0,6.0,-0.4149771182099351
45.0,2.0,7.0,-0.3591249309879677
45.0,2.0,8.0,-0.24050809678992532
45.0,2.0,9.0,-0.1370623191352835
45.0,2.0,10.0,-0.02483377453737942
45.0,2.0,11.0,0.08221497242905397
45.0,2.0,12.0,0.20127124621802928
45.0,2.0,13.0,0.3662128550488067
45.0,2.0,14.0,0.4453885520444785
45.0,2.0,15.0,0.5530770000397132
45.0,2.0,16.0,0.4717533796801123
45.0,2.0,17.0,0.1527324383790554
45.0,2.0,18.0,-0.17604200137125992
45.0,2.0,19.0,-0.377111897089904
45.0,2.0,20.0,-0.5909723966641365
45.0,2.0,21.0,-0.8465402978623069
45.0,2.0,22.0,-1.1505085381198203
45.0,2.0,23.0,-1.3231847862392796
46.0,1.0,1.0,-0.27094127579152594
46.0,1.0,2.0,-0.3712136548156961
46.0,1.0,3.0,-0.3673429893982224
46.0,1.0,4.0,-0.36865561997003127
46.0,1.0,5.0,-0.2434561202318905
46.0,1.0,6.0,0.1344164799778451
46.0,1.0,7.0,0.48500399574171293
46.0,1.0,8.0,0.6786376788935992
46.0,1.0,9.0,0.8124491019519411
46.0,1.0,10.0,0.7685695546050986
46.0,1.0,11.0,0.5956239197455612
46.0,1.0,12.0,0.5476572860569842
46.0,1.0,13.0,0.4897633508677242
46.0,1.0,14.0,0.42035031811292617
46.0,1.0,15.0,0.35251119116418983
46.0,1.0,16.0,0.25422605875906773
46.0,1.0,17.0,0.16526678687830662
46.0,1.0,18.0,0.08165939023950064
46.0,1.0,19.0,-0.0027970846717174746
46.0,1.0,20.0,-0.18419940585236036
46.0,1.0,21.0,-0.39694878899163627
46.0,1.0,22.0,-0.521046775843191
46.0,1.0,23.0,-0.5984960693940572
46.0,2.0,1.0,0.26929099901032993
46.0,2.0,2.0,0.34557505433172414
46.0,2.0,3.0,0.31241040302516154
46.0,2.0,4.0,0.3647505472119296
46.0,2.0,5.0,0.28613666155660117
46.0,2.0,6.0,0.11195999579319327
46.0,2.0,7.0,-0.04267125866869805
46.0,2.0,8.0,-0.09653512604153366
46.0,2.0,9.0,-0.06237555635794847
46.0,2.0,10.0,0.010555931078915436
46.0,2.0,11.0,0.12853339005697303
46.0,2.0,12.0,0.3294257536389589
46.0,2.0,13.0,0.4310316922251779
46.0,2.0,14.0,0.46076552666465737
46.0,2.0,15.0,0.4676434692350394
46.0,2.0,16.0,0.44064644062116387
46.0,2.0,17.0,0.4682849519775456
46.0,2.0,18.0,0.4313210153881779
46.0,2.0,19.0,0.25089847724934694
46.0,2.0,20.0,0.22601757913707543
46.0,2.0,21.0,0.38621953053165536
46.0,2.0,22.0,0.44041439297425405
46.0,2.0,23.0,0.5178840685143028
47.0,1.0,1.0,-0.2996250349258512
47.0,1.0,2.0,-0.4308833346116345
47.0,1.0,3.0,-0.44944481934468145
47.0,1.0,4.0,-0.29599145413060557
47.0,1.0,5.0,-0.0029495664691443113
47.0,1.0,6.0,0.3508488252378079
47.0,1.0,7.0,0.6181565541310243
47.0,1.0,8.0,0.7017575567855705
47.0,1.0,9.0,0.7142896603873321
47.0,1.0,10.0,0.7583852175139821
47.0,1.0,11.0,0.7184539875026389
47.0,1.0,12.0,0.5659144553843027
47.0,1.0,13.0,0.5261465681326526
47.0,1.0,14.0,0.45805471798349917
47.0,1.0,15.0,0.34797175005103786
47.0,1.0,16.0,0.3601520396024603
47.0,1.0,17.0,0.38319250787553294
47.0,1.0,18.0,0.2749189516431148
47.0,1.0,19.0,0.16578216298217327
47.0,1.0,20.0,-0.1255292610963434
47.0,1.0,21.0,-0.4020081957397607
47.0,1.0,22.0,-0.600145508018889
47.0,1.0,23.0,-0.6900655312827902
47.0,2.0,1.0,-0.20609209293015776
47.0,2.0,2.0,-0.37467261073914976
47.0,2.0,3.0,-0.31893609705761805
47.0,2.0,4.0,-0.39544042711528393
47.0,2.0,5.0,-0.5031177858982004
47.0,2.0,6.0,-0.3168251819340816
47.0,2.0,7.0,-0.12051047260781314
47.0,2.0,8.0,-0.10236807461867445
47.0,2.0,9.0,-0.0788907616291035
47.0,2.0,10.0,-0.0911874075163663
47.0,2.0,11.0,0.08780923814886203
47.0,2.0,12.0,0.2830429089379807
47.0,2.0,13.0,0.42427287758722904
47.0,2.0,14.0,0.47810784889209657
47.0,2.0,15.0,0.45378737369797856
47.0,2.0,16.0,0.4842526754763358
47.0,2.0,17.0,0.6474654929203028
47.0,2.0,18.0,0.6448486895394653
47.0,2.0,19.0,0.639479899531809
47.0,2.0,20.0,0.7446886312025702
47.0,2.0,21.0,0.8002380132893339
47.0,2.0,22.0,0.8729302891379429
47.0,2.0,23.0,0.9591021951316591
48.0,1.0,1.0,-0.6324569702952053
48.0,1.0,2.0,-0.8699974199596615
48.0,1.0,3.0,-0.7685959886360745
48.0,1.0,4.0,-0.43949435611192417
48.0,1.0,5.0,-0.29814581441414617
48.0,1.0,6.0,0.06841160523405788
48.0,1.0,7.0,0.4236243072017682
48.0,1.0,8.0,0.6071472210682356
48.0,1.0,9.0,0.6517904358519582
48.0,1.0,10.0,0.6699442368258871
48.0,1.0,11.0,0.6880286625579444
48.0,1.0,12.0,0.6406639702797767
48.0,1.0,13.0,0.5081257076910051
48.0,1.0,14.0,0.4843496289657061
48.0,1.0,15.0,0.3603071820429817
48.0,1.0,16.0,0.05475643864490582
48.0,1.0,17.0,-0.2776030515074294
48.0,1.0,18.0,-0.26938617032330886
48.0,1.0,19.0,-0.4104209661637453
48.0,1.0,20.0,-0.6456501777956934
48.0,1.0,21.0,-0.9352594680646266
48.0,1.0,22.0,-0.9938053839204459
48.0,1.0,23.0,-0.9636524679964249
48.0,2.0,1.0,-0.15728545651443385
48.0,2.0,2.0,-0.24061511111877573
48.0,2.0,3.0,-0.39346590273349125
48.0,2.0,4.0,-0.5616768819441339
48.0,2.0,5.0,-0.6662708007986023
48.0,2.0,6.0,-0.5123857215052732
48.0,2.0,7.0,-0.27708231563634117
48.0,2.0,8.0,-0.1366482511380675
48.0,2.0,9.0,-0.13774290523353472
48.0,2.0,10.0,-0.06965110345766898
48.0,2.0,11.0,0.09959909945208265
48.0,2.0,12.0,0.2969839851915529
48.0,2.0,13.0,0.410619206124336
48.0,2.0,14.0,0.5477953412559026
48.0,2.0,15.0,0.5855769446416297
48.0,2.0,16.0,0.5251996804709884
48.0,2.0,17.0,0.5242710463234892
48.0,2.0,18.0,0.32803648473449254
48.0,2.0,19.0,0.21276987005687242
48.0,2.0,20.0,0.06243933800636978
48.0,2.0,21.0,-0.33027070209367626
48.0,2.0,22.0,-0.712071916352165
48.0,2.0,23.0,-0.8888751085485798
49.0,1.0,1.0,0.3444001627198829
49.0,1.0,2.0,0.4859278817553983
49.0,1.0,3.0,0.6117418895451399
49.0,1.0,4.0,0.7601016257753975
49.0,1.0,5.0,0.8141724523062326
49.0,1.0,6.0,0.7088423747444238
49.0,1.0,7.0,0.5796271356927029
49.0,1.0,8.0,0.7060713999857944
49.0,1.0,9.0,0.7147689659862665
49.0,1.0,10.0,0.5627365046812545
49.0,1.0,11.0,0.5219230827115937
49.0,1.0,12.0,0.44361943817436006
49.0,1.0,13.0,0.3830765395873791
49.0,1.0,14.0,0.3722599758384195
49.0,1.0,15.0,0.34255921904956194
49.0,1.0,16.0,0.21664959085549484
49.0,1.0,17.0,-0.08865737177087492
49.0,1.0,18.0,-0.5134658866928316
49.0,1.0,19.0,-0.7343222683379562
49.0,1.0,20.0,-0.9661478048333615
49.0,1.0,21.0,-1.0987562135061504
49.0,1.0,22.0,-1.259805843692495
49.0,1.0,23.0,-1.4161366475212
49.0,2.0,1.0,-0.4537754896280223
49.0,2.0,2.0,-0.656196983487263
49.0,2.0,3.0,-0.8364419611930289
49.0,2.0,4.0,-0.8659724091806259
49.0,2.0,5.0,-0.7916569925642696
49.0,2.0,6.0,-0.5911710188879115
49.0,2.0,7.0,-0.3664727217174648
49.0,2.0,8.0,-0.2559861538314827
49.0,2.0,9.0,-0.12386685802632515
49.0,2.0,10.0,-0.025849899887111505
49.0,2.0,11.0,0.10425307369856972
49.0,2.0,12.0,0.28918651879273777
49.0,2.0,13.0,0.3863848714300593
49.0,2.0,14.0,0.5048205348852984
49.0,2.0,15.0,0.6155493343139192
49.0,2.0,16.0,0.7785762136403395
49.0,2.0,17.0,0.9153422687357385
49.0,2.0,18.0,0.8353894672222221
49.0,2.0,19.0,0.6013908364094908
49.0,2.0,20.0,0.3305744899279852
49.0,2.0,21.0,0.0253926498515133
49.0,2.0,22.0,-0.1048128796348703
49.0,2.0,23.0,-0.15825025796690848
50.0,1.0,1.0,0.24539429430525186
50.0,1.0,2.0,0.38768131303507636
50.0,1.0,3.0,0.4123184129241698
50.0,1.0,4.0,0.4684405241156901
50.0,1.0,5.0,0.583613226521767
50.0,1.0,6.0,0.5855925006536523
50.0,1.0,7.0,0.7743545471442045
50.0,1.0,8.0,0.8186101544053703
50.0,1.0,9.0,0.7513192073230286
50.0,1.0,10.0,0.7746382423967288
50.0,1.0,11.0,0.7868350382727823
50.0,1.0,12.0,0.6491204938200678
50.0,1.0,13.0,0.5411869091459628
50.0,1.0,14.0,0.4022650183180732
50.0,1.0,15.0,0.34425298006200067
50.0,1.0,16.0,0.3209190477842126
50.0,1.0,17.0,0.17180696835943246
50.0,1.0,18.0,0.12302119552973667
50.0,1.0,19.0,0.21862334604049205
50.0,1.0,20.0,0.02820611071654205
50.0,1.0,21.0,-0.3140956719942357
50.0,1.0,22.0,-0.603456668198381
50.0,1.0,23.0,-0.8019291368435683
50.0,2.0,1.0,0.6399134500427287
50.0,2.0,2.0,0.9981940235273414
50.0,2.0,3.0,1.050178983208825
50.0,2.0,4.0,0.9460953729904545
50.0,2.0,5.0,0.6875623029673689
50.0,2.0,6.0,0.2044424043328314
50.0,2.0,7.0,-0.13451683965994568
50.0,2.0,8.0,-0.23338374282085694
50.0,2.0,9.0,-0.15624114067539482
50.0,2.0,10.0,-0.002698917771387925
50.0,2.0,11.0,0.19552982930385532
50.0,2.0,12.0,0.3218899941630024
50.0,2.0,13.0,0.36196872838408467
50.0,2.0,14.0,0.35678802243665036
50.0,2.0,15.0,0.4538112671690779
50.0,2.0,16.0,0.627338684196209
50.0,2.0,17.0,0.7064074426177162
50.0,2.0,18.0,0.7287389512642388
50.0,2.0,19.0,0.5516933259067479
50.0,2.0,20.0,0.3533019776900247
50.0,2.0,21.0,0.24544995132800673
50.0,2.0,22.0,0.28591998843832617
50.0,2.0,23.0,0.32622432072313584
51.0,1.0,1.0,-0.1405060760172609
51.0,1.0,2.0,-0.18237483520976633
51.0,1.0,3.0,0.09246906480550364
51.0,1.0,4.0,0.3088398498547643
51.0,1.0,5.0,0.3896808597680821
51.0,1.0,6.0,0.5144922110916684
51.0,1.0,7.0,0.5751167334849786
51.0,1.0,8.0,0.6358437838471632
51.0,1.0,9.0,0.6452387077106868
51.0,1.0,10.0,0.6752466731548875
51.0,1.0,11.0,0.5652847881600901
51.0,1.0,12.0,0.5217864562502808
51.0,1.0,13.0,0.45221071856817446
51.0,1.0,14.0,0.4137023521455515
51.0,1.0,15.0,0.34790548575155045
51.0,1.0,16.0,0.21121301233267822
51.0,1.0,17.0,-0.09435724469794092
51.0,1.0,18.0,-0.23191748821639302
51.0,1.0,19.0,-0.3205184070802451
51.0,1.0,20.0,-0.24677395835912613
51.0,1.0,21.0,-0.03554050287757073
51.0,1.0,22.0,0.02051268343190034
51.0,1.0,23.0,-0.013271486062113048
51.0,2.0,1.0,-0.4049047494700558
51.0,2.0,2.0,-0.6434836175003268
51.0,2.0,3.0,-0.7823858815098778
51.0,2.0,4.0,-0.8044460540104267
51.0,2.0,5.0,-0.7951439412177064
51.0,2.0,6.0,-0.6744894648747192
51.0,2.0,7.0,-0.49642875738669445
51.0,2.0,8.0,-0.3970086679168991
51.0,2.0,9.0,-0.28552653648042414
51.0,2.0,10.0,-0.18426715726844609
51.0,2.0,11.0,0.013964939395101702
51.0,2.0,12.0,0.30270493802137516
51.0,2.0,13.0,0.41292466509347203
51.0,2.0,14.0,0.45978956417966443
51.0,2.0,15.0,0.45613060856773063
51.0,2.0,16.0,0.38729822192583896
51.0,2.0,17.0,0.16237917682253164
51.0,2.0,18.0,-0.19140301449128866
51.0,2.0,19.0,-0.3447795683782152
51.0,2.0,20.0,-0.4786428595776514
51.0,2.0,21.0,-0.5882554712617565
51.0,2.0,22.0,-0.6806856981203119
51.0,2.0,23.0,-0.781100949248999
52.0,1.0,1.0,0.4438244382431553
52.0,1.0,2.0,0.7199836720991751
52.0,1.0,3.0,0.8372592333514345
52.0,1.0,4.0,0.7137331141568438
52.0,1.0,5.0,0.7988021888271178
52.0,1.0,6.0,0.8106622230504906
52.0,1.0,7.0,0.7884630725861099
52.0,1.0,8.0,0.7892604166600333
52.0,1.0,9.0,0.7433510011701939
52.0,1.0,10.0,0.7002391715926767
52.0,1.0,11.0,0.55934575216768
52.0,1.0,12.0,0.587757564721267
52.0,1.0,13.0,0.5282113950453021
52.0,1.0,14.0,0.5255875477963957
52.0,1.0,15.0,0.5194977910823515
52.0,1.0,16.0,0.5730134506273558
52.0,1.0,17.0,0.8135530109328211
52.0,1.0,18.0,0.8241131494688552
52.0,1.0,19.0,0.6638134566650351
52.0,1.0,20.0,0.6676430191175733
52.0,1.0,21.0,0.7879872994884138
52.0,1.0,22.0,0.9945292586227404
52.0,1.0,23.0,1.098508246669373
52.0,2.0,1.0,-0.19066712806790503
52.0,2.0,2.0,-0.2851459857165628
52.0,2.0,3.0,-0.3090655210292077
52.0,2.0,4.0,-0.29789436835351446
52.0,2.0,5.0,-0.31180428965220314
52.0,2.0,6.0,-0.34444491997711063
52.0,2.0,7.0,-0.3398002476587968
52.0,2.0,8.0,-0.28667875350415284
52.0,2.0,9.0,-0.13306387466101763
52.0,2.0,10.0,-0.004286899142083458
52.0,2.0,11.0,0.09843385702476103
52.0,2.0,12.0,0.334214560195587
52.0,2.0,13.0,0.434909304449172
52.0,2.0,14.0,0.5075409491400182
52.0,2.0,15.0,0.5252709346306589
52.0,2.0,16.0,0.4253982678940379
52.0,2.0,17.0,0.1276374326677319
52.0,2.0,18.0,-0.169288222597696
52.0,2.0,19.0,-0.2624896168864797
52.0,2.0,20.0,-0.30909207317925086
52.0,2.0,21.0,-0.43500807503751826
52.0,2.0,22.0,-0.5540190858067758
52.0,2.0,23.0,-0.7256506768547905
53.0,1.0,1.0,-0.07007920293617927
53.0,1.0,2.0,-0.09053052094795117
53.0,1.0,3.0,0.07130069959274107
53.0,1.0,4.0,0.10928595600965137
53.0,1.0,5.0,0.28930236656237335
53.0,1.0,6.0,0.484963124959779
53.0,1.0,7.0,0.6658998640516852
53.0,1.0,8.0,0.7373992967604464
53.0,1.0,9.0,0.7284652333052437
53.0,1.0,10.0,0.7789625672497713
53.0,1.0,11.0,0.7134235225793784
53.0,1.0,12.0,0.5438462445698012
53.0,1.0,13.0,0.5289894063626436
53.0,1.0,14.0,0.4280863296685456
53.0,1.0,15.0,0.43867307574493203
53.0,1.0,16.0,0.464244768621434
53.0,1.0,17.0,0.5395343128704644
53.0,1.0,18.0,0.5272814864013783
53.0,1.0,19.0,0.179784797375406
53.0,1.0,20.0,-0.24735381043797336
53.0,1.0,21.0,-0.5450518284560952
53.0,1.0,22.0,-0.65628815592608
53.0,1.0,23.0,-0.7578633331875472
53.0,2.0,1.0,-0.3268019861875447
53.0,2.0,2.0,-0.47439231643217405
53.0,2.0,3.0,-0.44466018140921715
53.0,2.0,4.0,-0.40004500171525226
53.0,2.0,5.0,-0.49834708689347296
53.0,2.0,6.0,-0.33955021721036444
53.0,2.0,7.0,-0.2263047214512488
53.0,2.0,8.0,-0.16815274716740694
53.0,2.0,9.0,-0.03327965635978439
53.0,2.0,10.0,0.01685279174993367
53.0,2.0,11.0,0.10259177431041631
53.0,2.0,12.0,0.2582701873020973
53.0,2.0,13.0,0.42381003979312604
53.0,2.0,14.0,0.3988429454999167
53.0,2.0,15.0,0.42795088952283283
53.0,2.0,16.0,0.44512292027536166
53.0,2.0,17.0,0.23028085716808916
53.0,2.0,18.0,-0.04145997506239973
53.0,2.0,19.0,-0.22974340247302233
53.0,2.0,20.0,-0.24817983682088723
53.0,2.0,21.0,-0.21174734479889532
53.0,2.0,22.0,-0.15082916809756503
53.0,2.0,23.0,-0.12863219411256152
54.0,1.0,1.0,0.22677945168721153
54.0,1.0,2.0,0.35707024121685427
54.0,1.0,3.0,0.4466007701784933
54.0,1.0,4.0,0.6493723249988707
54.0,1.0,5.0,0.8071605888748571
54.0,1.0,6.0,0.7123124450234852
54.0,1.0,7.0,0.6811788609502429
54.0,1.0,8.0,0.7462754035051421
54.0,1.0,9.0,0.7487117590300909
54.0,1.0,10.0,0.6796540086595544
54.0,1.0,11.0,0.6540803318053795
54.0,1.0,12.0,0.5604202525764698
54.0,1.0,13.0,0.5413215898791631
54.0,1.0,14.0,0.451367783902186
54.0,1.0,15.0,0.3976764401595775
54.0,1.0,16.0,0.3969681072535743
54.0,1.0,17.0,0.533923443000023
54.0,1.0,18.0,0.4153922106220769
54.0,1.0,19.0,0.2903030953295542
54.0,1.0,20.0,0.07369865337919235
54.0,1.0,21.0,0.07325692610688765
54.0,1.0,22.0,0.19274191454142087
54.0,1.0,23.0,0.2738348036130329
54.0,2.0,1.0,-0.30988735530044703
54.0,2.0,2.0,-0.4620210177233581
54.0,2.0,3.0,-0.5563028627555743
54.0,2.0,4.0,-0.4752555189916462
54.0,2.0,5.0,-0.42220901484678963
54.0,2.0,6.0,-0.3161958457289904
54.0,2.0,7.0,-0.20608488502188801
54.0,2.0,8.0,-0.11371556215769603
54.0,2.0,9.0,-0.01614148082459466
54.0,2.0,10.0,-0.00975044492770963
54.0,2.0,11.0,0.06358391184242564
54.0,2.0,12.0,0.2596146136899148
54.0,2.0,13.0,0.4884755271736947
54.0,2.0,14.0,0.5030615357620162
54.0,2.0,15.0,0.49037477679983626
54.0,2.0,16.0,0.4904222238198572
54.0,2.0,17.0,0.3192699191355332
54.0,2.0,18.0,0.027630053459316586
54.0,2.0,19.0,-0.16576235991474342
54.0,2.0,20.0,-0.38804067436811096
54.0,2.0,21.0,-0.6728393201809422
54.0,2.0,22.0,-0.797511073975981
54.0,2.0,23.0,-0.8603155019143724
55.0,1.0,1.0,0.025134685688203037
55.0,1.0,2.0,-0.024199374481814376
55.0,1.0,3.0,-0.2823925975433281
55.0,1.0,4.0,-0.278418851671171
55.0,1.0,5.0,-0.014851580885948717
55.0,1.0,6.0,0.39294305979993
55.0,1.0,7.0,0.6478892516298593
55.0,1.0,8.0,0.7248547422506486
55.0,1.0,9.0,0.6288885087197599
55.0,1.0,10.0,0.6819719613211767
55.0,1.0,11.0,0.7137307811573748
55.0,1.0,12.0,0.6107648049161841
55.0,1.0,13.0,0.5621457757018605
55.0,1.0,14.0,0.5127471648664141
55.0,1.0,15.0,0.39123908913091787
55.0,1.0,16.0,0.4375973505581568
55.0,1.0,17.0,0.6577472390868815
55.0,1.0,18.0,0.6551943346914929
55.0,1.0,19.0,0.32041644079925924
55.0,1.0,20.0,-0.031733379198406624
55.0,1.0,21.0,-0.2101067799037473
55.0,1.0,22.0,-0.30632547330358406
55.0,1.0,23.0,-0.33960270011287275
55.0,2.0,1.0,-0.523332849200906
55.0,2.0,2.0,-0.8288778580411262
55.0,2.0,3.0,-0.8338066299838292
55.0,2.0,4.0,-0.8157310266915104
55.0,2.0,5.0,-0.6045337561141388
55.0,2.0,6.0,-0.5184066107413803
55.0,2.0,7.0,-0.3714076855567891
55.0,2.0,8.0,-0.2656048873414221
55.0,2.0,9.0,-0.23180898916910822
55.0,2.0,10.0,-0.18754231388722378
55.0,2.0,11.0,-0.09124843201701756
55.0,2.0,12.0,0.16123857725770566
55.0,2.0,13.0,0.3429952028487369
55.0,2.0,14.0,0.43001132381460677
55.0,2.0,15.0,0.38354116952308376
55.0,2.0,16.0,0.40026121451632973
55.0,2.0,17.0,0.4014715551093403
55.0,2.0,18.0,0.4190489509457247
55.0,2.0,19.0,0.4907794984647099
55.0,2.0,20.0,0.8546252490565016
55.0,2.0,21.0,1.333104992513369
55.0,2.0,22.0,1.643440298053278
55.0,2.0,23.0,1.7387845644088653
56.0,1.0,1.0,-0.12246828217926096
56.0,1.0,2.0,-0.11744145778879292
56.0,1.0,3.0,-0.14108934694590664
56.0,1.0,4.0,-0.16633668729772882
56.0,1.0,5.0,-0.05179205050926099
56.0,1.0,6.0,0.20443107804521224
56.0,1.0,7.0,0.5618862907425878
56.0,1.0,8.0,0.6408297322624018
56.0,1.0,9.0,0.7077714510196969
56.0,1.0,10.0,0.6324917235670444
56.0,1.0,11.0,0.6364879015003122
56.0,1.0,12.0,0.5471358236107986
56.0,1.0,13.0,0.5054731353382107
56.0,1.0,14.0,0.41185983858217656
56.0,1.0,15.0,0.428184341161416
56.0,1.0,16.0,0.42510768792322273
56.0,1.0,17.0,0.41739834034556295
56.0,1.0,18.0,0.21638070034357157
56.0,1.0,19.0,0.058298201915837594
56.0,1.0,20.0,0.01262738326514083
56.0,1.0,21.0,-0.1476546344529243
56.0,1.0,22.0,-0.22404169151441206
56.0,1.0,23.0,-0.2519866763465556
56.0,2.0,1.0,-0.5251812575660104
56.0,2.0,2.0,-0.7772517417555141
56.0,2.0,3.0,-0.900852322435925
56.0,2.0,4.0,-0.8636451397676634
56.0,2.0,5.0,-0.8806178622696929
56.0,2.0,6.0,-0.7792537315244905
56.0,2.0,7.0,-0.6707734414287245
56.0,2.0,8.0,-0.45672694289697335
56.0,2.0,9.0,-0.39842361655890146
56.0,2.0,10.0,-0.2879763227795116
56.0,2.0,11.0,-0.0019414860962308643
56.0,2.0,12.0,0.27388961748893054
56.0,2.0,13.0,0.4273781385088265
56.0,2.0,14.0,0.40977465077346936
56.0,2.0,15.0,0.4507621906818645
56.0,2.0,16.0,0.2604938274754871
56.0,2.0,17.0,-0.14259745735049534
56.0,2.0,18.0,-0.5888052867939115
56.0,2.0,19.0,-0.721958513224711
56.0,2.0,20.0,-0.9509897010713153
56.0,2.0,21.0,-1.1209755965970531
56.0,2.0,22.0,-1.324172748646905
56.0,2.0,23.0,-1.4912720872052028
57.0,1.0,1.0,0.035517423461385235
57.0,1.0,2.0,0.02938472370063142
57.0,1.0,3.0,0.01758766298820459
57.0,1.0,4.0,0.10721642060518782
57.0,1.0,5.0,0.38189529735296635
57.0,1.0,6.0,0.6535775533585333
57.0,1.0,7.0,0.744841653222712
57.0,1.0,8.0,0.7002246500565309
57.0,1.0,9.0,0.7466431462757762
57.0,1.0,10.0,0.8116689200924598
57.0,1.0,11.0,0.842562567690227
57.0,1.0,12.0,0.6560944315341293
57.0,1.0,13.0,0.49223960777502984
57.0,1.0,14.0,0.4191827610102134
57.0,1.0,15.0,0.4500148549829068
57.0,1.0,16.0,0.5328731351758784
57.0,1.0,17.0,0.7274476481096002
57.0,1.0,18.0,0.8078801536470565
57.0,1.0,19.0,0.8744523053478033
57.0,1.0,20.0,0.7672259637579175
57.0,1.0,21.0,0.6209164596865209
57.0,1.0,22.0,0.5266084367988524
57.0,1.0,23.0,0.415132095901605
57.0,2.0,1.0,-0.517170619052895
57.0,2.0,2.0,-0.9773625893913552
57.0,2.0,3.0,-1.062225671904447
57.0,2.0,4.0,-0.8382517442735175
57.0,2.0,5.0,-0.7331200158307988
57.0,2.0,6.0,-0.5653199170284834
57.0,2.0,7.0,-0.3837525972831246
57.0,2.0,8.0,-0.2716547303580982
57.0,2.0,9.0,-0.16154894683643553
57.0,2.0,10.0,-0.05742786939716927
57.0,2.0,11.0,0.11459646432225322
57.0,2.0,12.0,0.29866469081346136
57.0,2.0,13.0,0.3589913576974453
57.0,2.0,14.0,0.4073461999707567
57.0,2.0,15.0,0.45111384285529826
57.0,2.0,16.0,0.43874625054976685
57.0,2.0,17.0,0.385549758755082
57.0,2.0,18.0,0.40558551944822535
57.0,2.0,19.0,0.28766728268814806
57.0,2.0,20.0,-0.04319471123906555
57.0,2.0,21.0,-0.32632857146873556
57.0,2.0,22.0,-0.304160707876448
57.0,2.0,23.0,-0.20886836771934286
58.0,1.0,1.0,-0.162223495298689
58.0,1.0,2.0,-0.23226916669216505
58.0,1.0,3.0,-0.3331481673268271
58.0,1.0,4.0,-0.26834642761313454
58.0,1.0,5.0,-0.04987882642518124
58.0,1.0,6.0,0.19929771860643183
58.0,1.0,7.0,0.43323341259438675
58.0,1.0,8.0,0.627689871353078
58.0,1.0,9.0,0.6515402821797841
58.0,1.0,10.0,0.5708076597955939
58.0,1.0,11.0,0.6247152056448868
58.0,1.0,12.0,0.5515568390233802
58.0,1.0,13.0,0.5014606820543479
58.0,1.0,14.0,0.46358833989548226
58.0,1.0,15.0,0.3578730903155799
58.0,1.0,16.0,0.17937024418017578
58.0,1.0,17.0,0.0002597744495436908
58.0,1.0,18.0,0.0005930448575170102
58.0,1.0,19.0,0.15044920140701434
58.0,1.0,20.0,0.19166656372692475
58.0,1.0,21.0,0.29465716109765866
58.0,1.0,22.0,0.46584359225579874
58.0,1.0,23.0,0.5279986107926381
58.0,2.0,1.0,-0.44052124672392867
58.0,2.0,2.0,-0.7490238450868616
58.0,2.0,3.0,-0.8080676468628138
58.0,2.0,4.0,-0.8985133444923834
58.0,2.0,5.0,-1.0230552040781273
58.0,2.0,6.0,-0.9074157785002531
58.0,2.0,7.0,-0.6556920252536362
58.0,2.0,8.0,-0.5342328169043624
58.0,2.0,9.0,-0.3438627668917528
58.0,2.0,10.0,-0.12518479247620837
58.0,2.0,11.0,0.040903376134005284
58.0,2.0,12.0,0.23923099478441512
58.0,2.0,13.0,0.39318288281395464
58.0,2.0,14.0,0.5000656313252796
58.0,2.0,15.0,0.5397182287277332
58.0,2.0,16.0,0.5145152786957458
58.0,2.0,17.0,0.6796571547192323
58.0,2.0,18.0,0.7704579985740722
58.0,2.0,19.0,0.7013087603069827
58.0,2.0,20.0,0.6029504609777381
58.0,2.0,21.0,0.7113849160731639
58.0,2.0,22.0,0.6794062612955665
58.0,2.0,23.0,0.6027300438987299
59.0,1.0,1.0,-0.3698092307164753
59.0,1.0,2.0,-0.44652561081882924
59.0,1.0,3.0,-0.35113452883289875
59.0,1.0,4.0,-0.3979837390269588
59.0,1.0,5.0,-0.35364043920739174
59.0,1.0,6.0,-0.18192727399459874
59.0,1.0,7.0,0.2574022113065335
59.0,1.0,8.0,0.5135396399348149
59.0,1.0,9.0,0.67107918075541
59.0,1.0,10.0,0.791166337782467
59.0,1.0,11.0,0.7688659847888395
59.0,1.0,12.0,0.6091467826244558
59.0,1.0,13.0,0.44825591638255063
59.0,1.0,14.0,0.35758413588061644
59.0,1.0,15.0,0.37044092221342423
59.0,1.0,16.0,0.29589549095059636
59.0,1.0,17.0,0.15711475542729078
59.0,1.0,18.0,-0.040657344504401526
59.0,1.0,19.0,-0.16205024265651938
59.0,1.0,20.0,-0.2888371841555533
59.0,1.0,21.0,-0.568888878625734
59.0,1.0,22.0,-1.0462088158657044
59.0,1.0,23.0,-1.2239815980102584
59.0,2.0,1.0,0.11372572164516898
59.0,2.0,2.0,0.0910108088926971
59.0,2.0,3.0,-0.14864265183828684
59.0,2.0,4.0,-0.3430070442379087
59.0,2.0,5.0,-0.5675626124553104
59.0,2.0,6.0,-0.7101885352986933
59.0,2.0,7.0,-0.5120728989855269
59.0,2.0,8.0,-0.3796223168631565
59.0,2.0,9.0,-0.1303992431275993
59.0,2.0,10.0,-0.011347207666380824
59.0,2.0,11.0,0.1465770315218711
59.0,2.0,12.0,0.3319882503464508
59.0,2.0,13.0,0.3824767379516061
59.0,2.0,14.0,0.45375707612744254
59.0,2.0,15.0,0.5806810873345474
59.0,2.0,16.0,0.6320570307932254
59.0,2.0,17.0,0.7857819790102526
59.0,2.0,18.0,0.5813509197989913
59.0,2.0,19.0,0.18070407324346313
59.0,2.0,20.0,-0.23427079211579133
59.0,2.0,21.0,-0.5020511528333441
59.0,2.0,22.0,-0.7896738876905142
59.0,2.0,23.0,-0.8800662021514235
60.0,1.0,1.0,-0.16374451882080895
60.0,1.0,2.0,-0.3268265897054719
60.0,1.0,3.0,-0.41538509963893916
60.0,1.0,4.0,-0.35236109713968095
60.0,1.0,5.0,0.0013068462484409618
60.0,1.0,6.0,0.4939435013427853
60.0,1.0,7.0,0.6350822962739001
60.0,1.0,8.0,0.7420501407433914
60.0,1.0,9.0,0.7487431548842586
60.0,1.0,10.0,0.7486098207016817
60.0,1.0,11.0,0.6468064533067265
60.0,1.0,12.0,0.5955736434492942
60.0,1.0,13.0,0.5248833146914962
60.0,1.0,14.0,0.45825468770737166
60.0,1.0,15.0,0.4255468923576336
60.0,1.0,16.0,0.4094219038402524
60.0,1.0,17.0,0.37950904194872637
60.0,1.0,18.0,0.24904199316730818
60.0,1.0,19.0,0.06242252520022953
60.0,1.0,20.0,-0.13533020488842978
60.0,1.0,21.0,-0.1666169361348795
60.0,1.0,22.0,-0.1908922221085933
60.0,1.0,23.0,-0.2426714735747471
60.0,2.0,1.0,0.08136091333760881
60.0,2.0,2.0,0.13067509016901308
60.0,2.0,3.0,0.25889382851981124
60.0,2.0,4.0,0.3362458765236079
60.0,2.0,5.0,0.13605828941099748
60.0,2.0,6.0,-0.061224719010094436
60.0,2.0,7.0,-0.13677559818750756
60.0,2.0,8.0,-0.12217218482842473
60.0,2.0,9.0,0.013269503995803074
60.0,2.0,10.0,0.09156835131283582
60.0,2.0,11.0,0.13351435269405965
60.0,2.0,12.0,0.37147590512246936
60.0,2.0,13.0,0.4560112946825258
60.0,2.0,14.0,0.4926330148477282
60.0,2.0,15.0,0.5039479363875253
60.0,2.0,16.0,0.4822219536042062
60.0,2.0,17.0,0.3416482716570802
60.0,2.0,18.0,0.04971863772392182
60.0,2.0,19.0,-0.20712755811969838
60.0,2.0,20.0,-0.4655763467335634
60.0,2.0,21.0,-0.6323582318812924
60.0,2.0,22.0,-0.7696524512477099
60.0,2.0,23.0,-0.8950694066120607
