1.0,1.0,1.0,0.0650945393967437
1.0,1.0,2.0,0.2307838273906834
1.0,1.0,3.0,0.510307850636737
1.0,1.0,4.0,0.5625657825180874
1.0,1.0,5.0,0.9560980917725721
1.0,1.0,6.0,-0.09337293266946536
1.0,1.0,7.0,-2.137359279073438
1.0,1.0,8.0,-2.8217226042217396
1.0,1.0,9.0,-2.616784605317666
1.0,1.0,10.0,-2.5697297297183956
1.0,1.0,11.0,-2.4925085909930997
1.0,2.0,1.0,-1.2363511538734955
1.0,2.0,2.0,-1.9874526775122852
1.0,2.0,3.0,-1.699169850686431
1.0,2.0,4.0,-2.19467968581371
1.0,2.0,5.0,-2.34532665887567
1.0,2.0,6.0,-0.11710765194950935
1.0,2.0,7.0,1.0564149466523738
1.0,2.0,8.0,0.9399727474063985
1.0,2.0,9.0,1.121241337410446
1.0,2.0,10.0,1.1394894401211746
1.0,2.0,11.0,1.1496326939029793
2.0,1.0,1.0,-0.08232418908033326
2.0,1.0,2.0,0.41267791445933677
2.0,1.0,3.0,0.48056650857584066
2.0,1.0,4.0,0.6647011104390452
2.0,1.0,5.0,0.6653406620866164
2.0,1.0,6.0,0.9115313245359373
2.0,1.0,7.0,0.9546805562703715
2.0,1.0,8.0,1.0370003499362823
2.0,1.0,9.0,1.0509835356426271
2.0,1.0,10.0,1.052494697427614
2.0,1.0,11.0,1.2170441123973
2.0,2.0,1.0,-1.4693007605453055
2.0,2.0,2.0,-1.9376556967607796
2.0,2.0,3.0,-2.1224267066583384
2.0,2.0,4.0,-2.0332171144727726
2.0,2.0,5.0,-2.630759285915819
2.0,2.0,6.0,-2.4642708676871896
2.0,2.0,7.0,-2.6874544163659553
2.0,2.0,8.0,-2.5983405507484
2.0,2.0,9.0,-2.4856411184138345
2.0,2.0,10.0,-2.6830808612142913
2.0,2.0,11.0,-2.7320943473099657
3.0,1.0,1.0,0.05784570653441348
3.0,1.0,2.0,0.28480473747191387
3.0,1.0,3.0,0.5177048294936004
3.0,1.0,4.0,0.5794388725754328
3.0,1.0,5.0,0.7848169904634811
3.0,1.0,6.0,0.8079426932288334
3.0,1.0,7.0,0.949036260813278
3.0,1.0,8.0,1.009635962751467
3.0,1.0,9.0,1.0745093775774004
3.0,1.0,10.0,1.0790199276779902
3.0,1.0,11.0,1.1687447059602603
3.0,2.0,1.0,-1.5654140939656698
3.0,2.0,2.0,-2.07571134619855
3.0,2.0,3.0,-2.099773243407185
3.0,2.0,4.0,-2.172712724224018
3.0,2.0,5.0,-2.3026785878972613
3.0,2.0,6.0,-2.5018299798710215
3.0,2.0,7.0,-2.6265002670737525
3.0,2.0,8.0,-2.8028018864849993
3.0,2.0,9.0,-2.7606689555335953
3.0,2.0,10.0,-2.9617177335575158
3.0,2.0,11.0,-2.7950599482821628
4.0,1.0,1.0,-0.4293264950781917
4.0,1.0,2.0,0.40074984820982407
4.0,1.0,3.0,0.5111169087999242
4.0,1.0,4.0,0.6587255150339093
4.0,1.0,5.0,0.7288567247683769
4.0,1.0,6.0,0.8728407270616861
4.0,1.0,7.0,0.8626753338903698
4.0,1.0,8.0,0.9980127370243832
4.0,1.0,9.0,1.0686439795614806
4.0,1.0,10.0,1.098802005411797
4.0,1.0,11.0,1.0304133110384628
4.0,2.0,1.0,-1.6049004331885195
4.0,2.0,2.0,-1.9219102542583133
4.0,2.0,3.0,-1.613611633009636
4.0,2.0,4.0,-2.499914990686259
4.0,2.0,5.0,-2.4498852010513446
4.0,2.0,6.0,-2.4608964340332924
4.0,2.0,7.0,-1.9813856607533897
4.0,2.0,8.0,-2.3960861214415012
4.0,2.0,9.0,-2.6075202969424423
4.0,2.0,10.0,-2.953829384997498
4.0,2.0,11.0,-2.8097056894882977
5.0,1.0,1.0,0.051536705014055634
5.0,1.0,2.0,0.0477151461671168
5.0,1.0,3.0,0.5619435443003887
5.0,1.0,4.0,0.6766408500374088
5.0,1.0,5.0,0.6748674005236375
5.0,1.0,6.0,0.8457223478518479
5.0,1.0,7.0,0.9271107939164452
5.0,1.0,8.0,1.048795679732468
5.0,1.0,9.0,1.0260330869451673
5.0,1.0,10.0,1.1720228339673033
5.0,1.0,11.0,1.105649360679528
5.0,2.0,1.0,-1.2964848971387541
5.0,2.0,2.0,-1.670493979891802
5.0,2.0,3.0,-2.23084820400479
5.0,2.0,4.0,-2.6201530921078677
5.0,2.0,5.0,-2.4368859234379894
5.0,2.0,6.0,-2.456350255867608
5.0,2.0,7.0,-2.2704291871533933
5.0,2.0,8.0,-2.646728694239373
5.0,2.0,9.0,-2.6154758682601424
5.0,2.0,10.0,-2.30450511114044
5.0,2.0,11.0,-2.651942405047778
6.0,1.0,1.0,-0.12064882793052595
6.0,1.0,2.0,0.32634949600442476
6.0,1.0,3.0,0.46914245904991525
6.0,1.0,4.0,0.7234429641699691
6.0,1.0,5.0,0.7441919996946373
6.0,1.0,6.0,0.8553263784563013
6.0,1.0,7.0,0.9569136009638722
6.0,1.0,8.0,0.9846445580563219
6.0,1.0,9.0,1.091836984804898
6.0,1.0,10.0,1.0347112396860545
6.0,1.0,11.0,1.2053036458452826
6.0,2.0,1.0,-1.1427375603941945
6.0,2.0,2.0,-1.886508215824361
6.0,2.0,3.0,-2.118796384590059
6.0,2.0,4.0,-1.9196346204160286
6.0,2.0,5.0,-2.0160162651793923
6.0,2.0,6.0,-2.7256663091304354
6.0,2.0,7.0,-2.550531583408603
6.0,2.0,8.0,-2.700983836435426
6.0,2.0,9.0,-2.6725172661738683
6.0,2.0,10.0,-2.9893446329556985
6.0,2.0,11.0,-2.3610667007023722
7.0,1.0,1.0,-0.08347198823527383
7.0,1.0,2.0,0.29422830892557705
7.0,1.0,3.0,0.42093317342264597
7.0,1.0,4.0,0.6765015873826119
7.0,1.0,5.0,0.7693613515235624
7.0,1.0,6.0,0.8951032657723761
7.0,1.0,7.0,0.9326233002134723
7.0,1.0,8.0,0.9096497830057672
7.0,1.0,9.0,1.1083091137405228
7.0,1.0,10.0,1.0813336933258133
7.0,1.0,11.0,1.1502071998676264
7.0,2.0,1.0,-1.2670226246619434
7.0,2.0,2.0,-1.582682857457162
7.0,2.0,3.0,-2.0804631496959876
7.0,2.0,4.0,-2.4143377991428134
7.0,2.0,5.0,-2.503292638938607
7.0,2.0,6.0,-2.6792559111924166
7.0,2.0,7.0,-2.3103059207101864
7.0,2.0,8.0,-2.566654299781248
7.0,2.0,9.0,-2.5817343631865297
7.0,2.0,10.0,-2.480115814342967
7.0,2.0,11.0,-2.7357755422161727
8.0,1.0,1.0,0.013201821599344256
8.0,1.0,2.0,0.36367100978837236
8.0,1.0,3.0,0.5115567759944988
8.0,1.0,4.0,0.6605732873876173
8.0,1.0,5.0,0.6416170757105413
8.0,1.0,6.0,0.9211257690925986
8.0,1.0,7.0,0.9285104395483985
8.0,1.0,8.0,0.9774672453499749
8.0,1.0,9.0,1.0183901055085933
8.0,1.0,10.0,1.1225051947683713
8.0,1.0,11.0,1.0706844724804172
8.0,2.0,1.0,-1.1694917406456748
8.0,2.0,2.0,-1.6297158170174317
8.0,2.0,3.0,-2.0361991092897997
8.0,2.0,4.0,-2.045632546704632
8.0,2.0,5.0,-1.858760164717672
8.0,2.0,6.0,-2.0831923297860517
8.0,2.0,7.0,-2.410073548952254
8.0,2.0,8.0,-2.444051730125899
8.0,2.0,9.0,-2.9546416114771374
8.0,2.0,10.0,-2.9265026871616735
8.0,2.0,11.0,-2.851435886929806
9.0,1.0,1.0,-0.11304679264257161
9.0,1.0,2.0,0.3270355462636377
9.0,1.0,3.0,0.4377412344499288
9.0,1.0,4.0,0.6125268686914844
9.0,1.0,5.0,0.7360801142408742
9.0,1.0,6.0,0.9057682803165009
9.0,1.0,7.0,0.8894231742782678
9.0,1.0,8.0,1.0347147239394348
9.0,1.0,9.0,1.042201372324595
9.0,1.0,10.0,1.1591015437119685
9.0,1.0,11.0,1.1039184745820052
9.0,2.0,1.0,-1.4996705677400433
9.0,2.0,2.0,-2.073065820480497
9.0,2.0,3.0,-2.1069160913230656
9.0,2.0,4.0,-1.8131919594050063
9.0,2.0,5.0,-2.0591837108252973
9.0,2.0,6.0,-2.7682819769164526
9.0,2.0,7.0,-2.5736723029162656
9.0,2.0,8.0,-2.5321876724723063
9.0,2.0,9.0,-2.484453241455608
9.0,2.0,10.0,-2.475674536705963
9.0,2.0,11.0,-2.898583021121794
10.0,1.0,1.0,0.032365500299907306
10.0,1.0,2.0,0.3041993933280803
10.0,1.0,3.0,0.5088240738827667
10.0,1.0,4.0,0.6481141166859556
10.0,1.0,5.0,0.7785852060300913
10.0,1.0,6.0,0.9008416698305002
10.0,1.0,7.0,0.932045144489892
10.0,1.0,8.0,1.024535614348903
10.0,1.0,9.0,1.1301565418363024
10.0,1.0,10.0,1.095186528374872
10.0,1.0,11.0,1.1916047464285862
10.0,2.0,1.0,-1.012803820802311
10.0,2.0,2.0,-2.463618098343895
10.0,2.0,3.0,-2.0485220866285228
10.0,2.0,4.0,-2.063076957050395
10.0,2.0,5.0,-2.550127349841063
10.0,2.0,6.0,-2.282112436688709
10.0,2.0,7.0,-2.5765797833243815
10.0,2.0,8.0,-2.7640323026291522
10.0,2.0,9.0,-2.7868933008082197
10.0,2.0,10.0,-3.0368374438699797
10.0,2.0,11.0,-2.615037234467488
11.0,1.0,1.0,0.031116713289418195
11.0,1.0,2.0,0.36025943095493324
11.0,1.0,3.0,0.40590872950690327
11.0,1.0,4.0,0.7338991297475947
11.0,1.0,5.0,0.8188179546343775
11.0,1.0,6.0,0.7390694554428111
11.0,1.0,7.0,0.9644219736798917
11.0,1.0,8.0,0.9924323505808386
11.0,1.0,9.0,1.0464641957514798
11.0,1.0,10.0,1.0882092868138287
11.0,1.0,11.0,1.1817094728179074
11.0,2.0,1.0,-1.3500931350455536
11.0,2.0,2.0,-1.95910861363521
11.0,2.0,3.0,-1.872530365050792
11.0,2.0,4.0,-1.9272938967333109
11.0,2.0,5.0,-2.5130602424410036
11.0,2.0,6.0,-2.343411710093459
11.0,2.0,7.0,-2.310448763689318
11.0,2.0,8.0,-2.4737344356666497
11.0,2.0,9.0,-2.545003412482224
11.0,2.0,10.0,-3.4267726468787796
11.0,2.0,11.0,-2.787044982964792
12.0,1.0,1.0,-0.16582378406953885
12.0,1.0,2.0,0.29694674250542685
12.0,1.0,3.0,0.4592014593717245
12.0,1.0,4.0,0.6605957637089778
12.0,1.0,5.0,0.8419236157486417
12.0,1.0,6.0,0.7790373232411906
12.0,1.0,7.0,0.943193450221201
12.0,1.0,8.0,1.028831658330625
12.0,1.0,9.0,1.0264180136039243
12.0,1.0,10.0,1.1506449153878284
12.0,1.0,11.0,1.0543415939760739
12.0,2.0,1.0,-1.1043550926495789
12.0,2.0,2.0,-1.7375750316264134
12.0,2.0,3.0,-2.0482624551984143
12.0,2.0,4.0,-2.001281072660418
12.0,2.0,5.0,-2.5793294634156894
12.0,2.0,6.0,-2.5105844835557933
12.0,2.0,7.0,-2.684129589655126
12.0,2.0,8.0,-2.93258634377291
12.0,2.0,9.0,-2.22607001145418
12.0,2.0,10.0,-3.038691201488388
12.0,2.0,11.0,-2.6124527605216743
13.0,1.0,1.0,-0.14228275814966698
13.0,1.0,2.0,0.29593734626130724
13.0,1.0,3.0,0.5873437500484048
13.0,1.0,4.0,0.6888600963565752
13.0,1.0,5.0,0.74540742071056
13.0,1.0,6.0,0.8762008788533567
13.0,1.0,7.0,0.8594834045787245
13.0,1.0,8.0,1.0684057356915984
13.0,1.0,9.0,1.0137843378982043
13.0,1.0,10.0,1.1582520969059902
13.0,1.0,11.0,1.0645290580753446
13.0,2.0,1.0,-1.1484724748249906
13.0,2.0,2.0,-1.7035781375283459
13.0,2.0,3.0,-2.1701412165169995
13.0,2.0,4.0,-2.140381685890696
13.0,2.0,5.0,-2.535811789434467
13.0,2.0,6.0,-2.586033202035329
13.0,2.0,7.0,-2.134186522846671
13.0,2.0,8.0,-3.4911144724852066
13.0,2.0,9.0,-2.4305550411624917
13.0,2.0,10.0,-2.571290436185468
13.0,2.0,11.0,-2.636344342262616
14.0,1.0,1.0,-0.11170693512379283
14.0,1.0,2.0,0.26014911412889025
14.0,1.0,3.0,0.4389188605854163
14.0,1.0,4.0,0.7338661410455259
14.0,1.0,5.0,0.6409173594493481
14.0,1.0,6.0,0.9014375962631256
14.0,1.0,7.0,0.8386570994198073
14.0,1.0,8.0,1.0350185752349448
14.0,1.0,9.0,1.0643039659310303
14.0,1.0,10.0,1.1573041982957613
14.0,1.0,11.0,1.2447856492471991
14.0,2.0,1.0,-1.5016990081268802
14.0,2.0,2.0,-1.7565933448051823
14.0,2.0,3.0,-1.7849505587188605
14.0,2.0,4.0,-2.2036257460814297
14.0,2.0,5.0,-2.1369243938243816
14.0,2.0,6.0,-2.1908812352207856
14.0,2.0,7.0,-2.7910082686278446
14.0,2.0,8.0,-2.674092992235267
14.0,2.0,9.0,-2.7734948375677155
14.0,2.0,10.0,-2.3026547854613244
14.0,2.0,11.0,-2.9087318525012993
15.0,1.0,1.0,-0.464323166801434
15.0,1.0,2.0,0.45762564314756515
15.0,1.0,3.0,0.3366634236948903
15.0,1.0,4.0,0.6508446188795625
15.0,1.0,5.0,0.7498286648643236
15.0,1.0,6.0,0.8176332610973359
15.0,1.0,7.0,0.7758050622747181
15.0,1.0,8.0,1.0629796596045562
15.0,1.0,9.0,0.9529520460851914
15.0,1.0,10.0,1.1444574983935196
15.0,1.0,11.0,1.1393422251744931
15.0,2.0,1.0,-1.3655284037750648
15.0,2.0,2.0,-1.533945335184265
15.0,2.0,3.0,-2.094544648478523
15.0,2.0,4.0,-2.319338846186219
15.0,2.0,5.0,-2.459336347358783
15.0,2.0,6.0,-2.4857351444870517
15.0,2.0,7.0,-2.5318194884858123
15.0,2.0,8.0,-2.892067967218043
15.0,2.0,9.0,-3.054490204659421
15.0,2.0,10.0,-2.3639574176239364
15.0,2.0,11.0,-2.551093909728072
16.0,1.0,1.0,-0.19071974192715332
16.0,1.0,2.0,0.2037911626206063
16.0,1.0,3.0,0.5901147073677314
16.0,1.0,4.0,0.6017654536166951
16.0,1.0,5.0,0.7962131832678704
16.0,1.0,6.0,0.8251007410503802
16.0,1.0,7.0,0.985913528175825
16.0,1.0,8.0,1.0524334382763252
16.0,1.0,9.0,1.068890491271007
16.0,1.0,10.0,1.0684702857695594
16.0,1.0,11.0,1.0892627547400697
16.0,2.0,1.0,-1.2754840273877626
16.0,2.0,2.0,-1.6853117723988769
16.0,2.0,3.0,-2.021927442950201
16.0,2.0,4.0,-2.565001539158339
16.0,2.0,5.0,-2.345092200209814
16.0,2.0,6.0,-2.227840800946365
16.0,2.0,7.0,-2.5492176719215083
16.0,2.0,8.0,-2.382170214696291
16.0,2.0,9.0,-2.9546063494657324
16.0,2.0,10.0,-2.815107585898807
16.0,2.0,11.0,-2.541707252140061
17.0,1.0,1.0,-0.33377599347390347
17.0,1.0,2.0,0.3773912896633972
17.0,1.0,3.0,0.43133716632911867
17.0,1.0,4.0,0.6103388376744782
17.0,1.0,5.0,0.726534639127374
17.0,1.0,6.0,0.8722515178556463
17.0,1.0,7.0,0.9335980109783846
17.0,1.0,8.0,1.0638337755791198
17.0,1.0,9.0,1.0762430446546172
17.0,1.0,10.0,1.092408741722538
17.0,1.0,11.0,1.2102496486882615
17.0,2.0,1.0,-1.3825013005252529
17.0,2.0,2.0,-2.0989443973545137
17.0,2.0,3.0,-1.8232723491706215
17.0,2.0,4.0,-2.265503034238725
17.0,2.0,5.0,-2.514702548207958
17.0,2.0,6.0,-2.666669215925898
17.0,2.0,7.0,-2.720728175310771
17.0,2.0,8.0,-2.3928703999329772
17.0,2.0,9.0,-2.1754925475602107
17.0,2.0,10.0,-2.9290959998631902
17.0,2.0,11.0,-2.525787029467193
18.0,1.0,1.0,-0.23779565647365408
18.0,1.0,2.0,0.39585975586232797
18.0,1.0,3.0,0.5551176724834835
18.0,1.0,4.0,0.6177663677034128
18.0,1.0,5.0,0.8363967968752165
18.0,1.0,6.0,0.8428387970959046
18.0,1.0,7.0,0.9277198649136971
18.0,1.0,8.0,1.0282190271851943
18.0,1.0,9.0,1.0400451836179518
18.0,1.0,10.0,1.1574155438664142
18.0,1.0,11.0,1.0955503998365654
18.0,2.0,1.0,-1.459899091407187
18.0,2.0,2.0,-2.049971005541989
18.0,2.0,3.0,-2.004667988217253
18.0,2.0,4.0,-1.909987934910787
18.0,2.0,5.0,-2.2249030830677468
18.0,2.0,6.0,-2.131150799481183
18.0,2.0,7.0,-2.6416424638934544
18.0,2.0,8.0,-2.4648325058814655
18.0,2.0,9.0,-2.5895876509465188
18.0,2.0,10.0,-2.5704825533963063
18.0,2.0,11.0,-2.7168362606168808
19.0,1.0,1.0,-0.028214896933869568
19.0,1.0,2.0,0.33802945881085644
19.0,1.0,3.0,0.4336825710208282
19.0,1.0,4.0,0.6305305560749919
19.0,1.0,5.0,0.8159502928444107
19.0,1.0,6.0,0.8322140430243382
19.0,1.0,7.0,0.9497495005105102
19.0,1.0,8.0,1.0078822513684114
19.0,1.0,9.0,1.0165584987323015
19.0,1.0,10.0,1.1462238683110306
19.0,1.0,11.0,1.161707782034262
19.0,2.0,1.0,-1.2780749867888772
19.0,2.0,2.0,-2.0333665847646993
19.0,2.0,3.0,-2.078993364706124
19.0,2.0,4.0,-1.949801176062383
19.0,2.0,5.0,-2.2029661334463957
19.0,2.0,6.0,-2.571757683058496
19.0,2.0,7.0,-2.3797721700135095
19.0,2.0,8.0,-2.8514534465841264
19.0,2.0,9.0,-3.1118271125532386
19.0,2.0,10.0,-2.4241853543632463
19.0,2.0,11.0,-2.3366843054086144
20.0,1.0,1.0,-0.3582873313811974
20.0,1.0,2.0,0.2189083775054381
20.0,1.0,3.0,0.5851001326359124
20.0,1.0,4.0,0.5390499379650857
20.0,1.0,5.0,0.7393402477859363
20.0,1.0,6.0,0.8779269186311923
20.0,1.0,7.0,0.877283935932143
20.0,1.0,8.0,0.9941316776671629
20.0,1.0,9.0,0.9698623931269059
20.0,1.0,10.0,1.1702570590086934
20.0,1.0,11.0,1.0927851753832285
20.0,2.0,1.0,-1.324705883576502
20.0,2.0,2.0,-1.8373461841981495
20.0,2.0,3.0,-1.9382280318261895
20.0,2.0,4.0,-2.3111230404085177
20.0,2.0,5.0,-2.726979808831571
20.0,2.0,6.0,-2.504287904112094
20.0,2.0,7.0,-2.4226255590504513
20.0,2.0,8.0,-2.553167652570254
20.0,2.0,9.0,-2.839165938875445
20.0,2.0,10.0,-3.0251581521004343
20.0,2.0,11.0,-2.7728183162289928
21.0,1.0,1.0,-0.17677987408206539
21.0,1.0,2.0,0.3687480849827792
21.0,1.0,3.0,0.4706191345590446
21.0,1.0,4.0,0.7772742092568552
21.0,1.0,5.0,0.701850585310589
21.0,1.0,6.0,0.8539229170137089
21.0,1.0,7.0,0.9428160715082009
21.0,1.0,8.0,0.9723541657669166
21.0,1.0,9.0,0.9808038274596991
21.0,1.0,10.0,1.1313166235924894
21.0,1.0,11.0,1.147936847480449
21.0,2.0,1.0,-1.2433522900864564
21.0,2.0,2.0,-1.8776804398370641
21.0,2.0,3.0,-2.2742955091381813
21.0,2.0,4.0,-2.510003517329094
21.0,2.0,5.0,-2.2047633280687773
21.0,2.0,6.0,-1.8875450047491726
21.0,2.0,7.0,-2.516851841987589
21.0,2.0,8.0,-2.721783130703046
21.0,2.0,9.0,-2.9135677934058943
21.0,2.0,10.0,-2.9490656192450686
21.0,2.0,11.0,-3.138071690131528
22.0,1.0,1.0,-0.16497612471863216
22.0,1.0,2.0,0.2772037045448377
22.0,1.0,3.0,0.5633323417052474
22.0,1.0,4.0,0.6944297730299125
22.0,1.0,5.0,0.6566717196641432
22.0,1.0,6.0,0.9511471356874517
22.0,1.0,7.0,0.8616979257407333
22.0,1.0,8.0,0.9764680000331429
22.0,1.0,9.0,1.0914101940796466
22.0,1.0,10.0,1.0505145190173792
22.0,1.0,11.0,1.2125769350475466
22.0,2.0,1.0,-1.522215864556009
22.0,2.0,2.0,-2.33988268149483
22.0,2.0,3.0,-2.1544230132023343
22.0,2.0,4.0,-2.156012440714042
22.0,2.0,5.0,-2.3652672128737295
22.0,2.0,6.0,-2.294009359782007
22.0,2.0,7.0,-2.601162025763768
22.0,2.0,8.0,-2.568579718608951
22.0,2.0,9.0,-2.528620388814455
22.0,2.0,10.0,-2.755404731692594
22.0,2.0,11.0,-2.275890438090152
23.0,1.0,1.0,0.05226285137067853
23.0,1.0,2.0,0.251324972656561
23.0,1.0,3.0,0.464724601393007
23.0,1.0,4.0,0.6487446343506524
23.0,1.0,5.0,0.7723608400311677
23.0,1.0,6.0,0.8212448609429903
23.0,1.0,7.0,0.8526866691695739
23.0,1.0,8.0,0.9483012209054298
23.0,1.0,9.0,1.162479050536456
23.0,1.0,10.0,1.1871752835145446
23.0,1.0,11.0,1.0531822721951272
23.0,2.0,1.0,-1.3124637054117918
23.0,2.0,2.0,-1.6604694009296808
23.0,2.0,3.0,-1.915987334936361
23.0,2.0,4.0,-2.4637809263506263
23.0,2.0,5.0,-1.7474369884526926
23.0,2.0,6.0,-2.3375332399031565
23.0,2.0,7.0,-2.775881922934298
23.0,2.0,8.0,-2.6146927980843033
23.0,2.0,9.0,-2.4655351939070127
23.0,2.0,10.0,-2.7209281451049674
23.0,2.0,11.0,-2.4762169946206023
24.0,1.0,1.0,0.03128627674951698
24.0,1.0,2.0,0.27209477806554283
24.0,1.0,3.0,0.4946725489825883
24.0,1.0,4.0,0.6272519904837517
24.0,1.0,5.0,0.7669596298307326
24.0,1.0,6.0,0.8654878644882453
24.0,1.0,7.0,0.994330661797928
24.0,1.0,8.0,1.063658441538934
24.0,1.0,9.0,0.9986172429984926
24.0,1.0,10.0,1.158669306583385
24.0,1.0,11.0,1.1322186936777745
24.0,2.0,1.0,-1.2327038209145924
24.0,2.0,2.0,-2.00301953568592
24.0,2.0,3.0,-1.738451089274498
24.0,2.0,4.0,-2.2052909359762984
24.0,2.0,5.0,-2.7518161640762235
24.0,2.0,6.0,-1.9282334863977408
24.0,2.0,7.0,-2.465954663672222
24.0,2.0,8.0,-2.6140211260889723
24.0,2.0,9.0,-2.650600324003063
24.0,2.0,10.0,-2.3241488072124032
24.0,2.0,11.0,-2.3009033430805315
25.0,1.0,1.0,-0.0319544913553206
25.0,1.0,2.0,0.12282591672375862
25.0,1.0,3.0,0.4916658166628156
25.0,1.0,4.0,0.6213526792189631
25.0,1.0,5.0,0.7061989682707666
25.0,1.0,6.0,0.850540641832635
25.0,1.0,7.0,0.894841046831323
25.0,1.0,8.0,1.0360022085998697
25.0,1.0,9.0,1.066774612917959
25.0,1.0,10.0,1.087443918359957
25.0,1.0,11.0,1.1603854937603382
25.0,2.0,1.0,-1.7773320870964107
25.0,2.0,2.0,-1.624967360903728
25.0,2.0,3.0,-2.003070930520616
25.0,2.0,4.0,-2.0739576403461286
25.0,2.0,5.0,-2.44735757480258
25.0,2.0,6.0,-2.418687285637558
25.0,2.0,7.0,-2.6732197863384237
25.0,2.0,8.0,-2.681494299356611
25.0,2.0,9.0,-2.5961078493487895
25.0,2.0,10.0,-2.646580211438494
25.0,2.0,11.0,-2.5585618928463196
26.0,1.0,1.0,-0.21961401780090142
26.0,1.0,2.0,0.2672871082810771
26.0,1.0,3.0,0.5157885894625238
26.0,1.0,4.0,0.6403491075146722
26.0,1.0,5.0,0.7159275668306051
26.0,1.0,6.0,0.8758157436030832
26.0,1.0,7.0,0.9204102910455253
26.0,1.0,8.0,1.041503386815711
26.0,1.0,9.0,1.0282110631486587
26.0,1.0,10.0,1.0818438727306494
26.0,1.0,11.0,1.2280442878438589
26.0,2.0,1.0,-1.0943054607249827
26.0,2.0,2.0,-1.5188940365503087
26.0,2.0,3.0,-2.096124615957345
26.0,2.0,4.0,-2.5410881820367117
26.0,2.0,5.0,-2.1363036679598517
26.0,2.0,6.0,-2.1092405850448297
26.0,2.0,7.0,-2.691603464657368
26.0,2.0,8.0,-2.126763603432032
26.0,2.0,9.0,-2.299748808577692
26.0,2.0,10.0,-2.362845935972022
26.0,2.0,11.0,-2.6416090357787403
27.0,1.0,1.0,0.02853339138793418
27.0,1.0,2.0,0.2517822641648742
27.0,1.0,3.0,0.59054336007468
27.0,1.0,4.0,0.6998291489479432
27.0,1.0,5.0,0.7135067847711425
27.0,1.0,6.0,0.8534637812427318
27.0,1.0,7.0,0.8548768183341638
27.0,1.0,8.0,0.9675139029630275
27.0,1.0,9.0,1.146541789822858
27.0,1.0,10.0,1.070746478252381
27.0,1.0,11.0,1.1028488776216807
27.0,2.0,1.0,-1.441471802311969
27.0,2.0,2.0,-1.8032061823083754
27.0,2.0,3.0,-1.711909480963981
27.0,2.0,4.0,-2.1313694246553956
27.0,2.0,5.0,-2.423534246074241
27.0,2.0,6.0,-2.2615251665115705
27.0,2.0,7.0,-2.5257299223387024
27.0,2.0,8.0,-2.4403414136761357
27.0,2.0,9.0,-2.3408362701747882
27.0,2.0,10.0,-2.5586510360887504
27.0,2.0,11.0,-2.738931578881683
28.0,1.0,1.0,-0.1506795246158276
28.0,1.0,2.0,0.4602409836787428
28.0,1.0,3.0,0.5429835389336771
28.0,1.0,4.0,0.6857154633168354
28.0,1.0,5.0,0.7790750762486908
28.0,1.0,6.0,0.7772096065941598
28.0,1.0,7.0,0.9045916820606088
28.0,1.0,8.0,0.9663772598012255
28.0,1.0,9.0,1.0020737222519154
28.0,1.0,10.0,1.1188057378632585
28.0,1.0,11.0,1.2627761518647898
28.0,2.0,1.0,-1.3423922557854462
28.0,2.0,2.0,-1.7902915687152807
28.0,2.0,3.0,-2.0815221836649758
28.0,2.0,4.0,-2.0447196802646905
28.0,2.0,5.0,-2.486457144670258
28.0,2.0,6.0,-2.149650324665385
28.0,2.0,7.0,-2.3708464317162723
28.0,2.0,8.0,-2.7046629235203032
28.0,2.0,9.0,-2.305503975598764
28.0,2.0,10.0,-2.6184096928136418
28.0,2.0,11.0,-2.6013596090302733
29.0,1.0,1.0,-0.1411032436282706
29.0,1.0,2.0,0.1901644557944157
29.0,1.0,3.0,0.4186402809766521
29.0,1.0,4.0,0.5785697417788979
29.0,1.0,5.0,0.9407983486607608
29.0,1.0,6.0,0.7678806078387501
29.0,1.0,7.0,1.027372639339336
29.0,1.0,8.0,0.9968859284878342
29.0,1.0,9.0,1.12117772177615
29.0,1.0,10.0,1.1191289729934448
29.0,1.0,11.0,1.2345472958699284
29.0,2.0,1.0,-1.231048614224924
29.0,2.0,2.0,-1.1912601076892777
29.0,2.0,3.0,-2.053849993991347
29.0,2.0,4.0,-1.7034046005674777
29.0,2.0,5.0,-2.366656457781276
29.0,2.0,6.0,-2.161335854280519
29.0,2.0,7.0,-2.550459152052231
29.0,2.0,8.0,-2.4070131800494825
29.0,2.0,9.0,-2.8037702666867723
29.0,2.0,10.0,-2.815952393776344
29.0,2.0,11.0,-2.3535745971942204
30.0,1.0,1.0,0.15348070509835313
30.0,1.0,2.0,0.17949484434765767
30.0,1.0,3.0,0.4865678991268443
30.0,1.0,4.0,0.6467151022028099
30.0,1.0,5.0,0.8144810463874717
30.0,1.0,6.0,0.8355008631857224
30.0,1.0,7.0,0.903902202342062
30.0,1.0,8.0,1.080240888564449
30.0,1.0,9.0,1.003556907520424
30.0,1.0,10.0,1.0900812271197209
30.0,1.0,11.0,1.2844303594164383
30.0,2.0,1.0,-1.4073069884629763
30.0,2.0,2.0,-1.825304613644608
30.0,2.0,3.0,-1.9729005512096365
30.0,2.0,4.0,-2.1162065088393667
30.0,2.0,5.0,-2.6102585548435284
30.0,2.0,6.0,-2.5326470772576037
30.0,2.0,7.0,-2.5753593256880127
30.0,2.0,8.0,-2.7953543931381812
30.0,2.0,9.0,-2.77575374514998
30.0,2.0,10.0,-2.7561512371738583
30.0,2.0,11.0,-2.395504857097617
31.0,1.0,1.0,-1.4086567021855307
31.0,1.0,2.0,-2.196698212002051
31.0,1.0,3.0,-1.8306966145232304
31.0,1.0,4.0,-2.0886060860664366
31.0,1.0,5.0,-2.620210882497828
31.0,1.0,6.0,-2.2566094331570103
31.0,1.0,7.0,-2.5064076601486187
31.0,1.0,8.0,-2.227814526164842
31.0,1.0,9.0,-2.710804646798358
31.0,1.0,10.0,-2.8042145156660605
31.0,1.0,11.0,-2.3319362381278457
31.0,2.0,1.0,-0.1547344051250993
31.0,2.0,2.0,0.2522912847410546
31.0,2.0,3.0,0.5202487111608634
31.0,2.0,4.0,0.6105291604403742
31.0,2.0,5.0,0.82231448688535
31.0,2.0,6.0,0.8023124537623211
31.0,2.0,7.0,0.9228120067704015
31.0,2.0,8.0,1.0081522259674554
31.0,2.0,9.0,1.0343275381004342
31.0,2.0,10.0,1.1114021671043812
31.0,2.0,11.0,1.0883403634052284
32.0,1.0,1.0,-1.4277718547946734
32.0,1.0,2.0,-1.5718860650526176
32.0,1.0,3.0,-1.8604606231778202
32.0,1.0,4.0,-2.3403737053536355
32.0,1.0,5.0,-2.3156036277579624
32.0,1.0,6.0,-2.1687417279847976
32.0,1.0,7.0,-1.8627925044855993
32.0,1.0,8.0,-2.496597042783894
32.0,1.0,9.0,-2.2277791525762813
32.0,1.0,10.0,-2.501809963510178
32.0,1.0,11.0,-2.5555786238414666
32.0,2.0,1.0,-0.160171326163221
32.0,2.0,2.0,0.2373633057144089
32.0,2.0,3.0,0.4255193648965895
32.0,2.0,4.0,0.6503228550100394
32.0,2.0,5.0,0.7871883777643491
32.0,2.0,6.0,0.7758658116771459
32.0,2.0,7.0,1.0333039253244525
32.0,2.0,8.0,1.0401627226298766
32.0,2.0,9.0,1.1406950656104735
32.0,2.0,10.0,1.1587300668414966
32.0,2.0,11.0,1.1620057997096847
33.0,1.0,1.0,-1.0789787821892576
33.0,1.0,2.0,-1.4336626456530823
33.0,1.0,3.0,-1.9241104215278515
33.0,1.0,4.0,-2.4804738824344454
33.0,1.0,5.0,-2.4526428578008037
33.0,1.0,6.0,-2.432830955457772
33.0,1.0,7.0,-2.0772452509923114
33.0,1.0,8.0,-2.4077883858293267
33.0,1.0,9.0,-2.5996533610444548
33.0,1.0,10.0,-2.8450911975767497
33.0,1.0,11.0,-2.6168985045014597
33.0,2.0,1.0,-0.18746971848664765
33.0,2.0,2.0,0.24153793779391122
33.0,2.0,3.0,0.5067486507238066
33.0,2.0,4.0,0.6746774899751095
33.0,2.0,5.0,0.7749499229085928
33.0,2.0,6.0,0.9492575865574812
33.0,2.0,7.0,0.9727891792513138
33.0,2.0,8.0,1.0052464114825501
33.0,2.0,9.0,0.998078128579493
33.0,2.0,10.0,1.1697208754340003
33.0,2.0,11.0,1.1295485195295305
34.0,1.0,1.0,-1.2968051445817894
34.0,1.0,2.0,-1.6444326043991908
34.0,1.0,3.0,-1.9139536461627678
34.0,1.0,4.0,-2.3026035679892436
34.0,1.0,5.0,-1.7545831245328407
34.0,1.0,6.0,-2.5438156442505933
34.0,1.0,7.0,-2.438416521841306
34.0,1.0,8.0,-2.6210915116028173
34.0,1.0,9.0,-2.7986356645082173
34.0,1.0,10.0,-2.6289883640256617
34.0,1.0,11.0,-2.432315521498953
34.0,2.0,1.0,0.1829265029526409
34.0,2.0,2.0,0.1893487427361983
34.0,2.0,3.0,0.5543566026077763
34.0,2.0,4.0,0.791332178089404
34.0,2.0,5.0,0.6069709869435349
34.0,2.0,6.0,0.8340664503897715
34.0,2.0,7.0,0.9909790166244473
34.0,2.0,8.0,0.9161123058991781
34.0,2.0,9.0,1.042006007049644
34.0,2.0,10.0,1.103559947067747
34.0,2.0,11.0,1.1450325125860379
35.0,1.0,1.0,-1.239586656818859
35.0,1.0,2.0,-1.5670779270243573
35.0,1.0,3.0,-2.1869203397260777
35.0,1.0,4.0,-2.284074368866408
35.0,1.0,5.0,-2.6048719948951606
35.0,1.0,6.0,-2.6134143015761797
35.0,1.0,7.0,-2.438196488840882
35.0,1.0,8.0,-2.377070825560273
35.0,1.0,9.0,-2.4271448989403606
35.0,1.0,10.0,-2.7631699314406353
35.0,1.0,11.0,-2.363492713015342
35.0,2.0,1.0,-0.23876668189181294
35.0,2.0,2.0,0.4251771183445567
35.0,2.0,3.0,0.43235238326121594
35.0,2.0,4.0,0.6841119397465015
35.0,2.0,5.0,0.768456521825311
35.0,2.0,6.0,0.8575479280802143
35.0,2.0,7.0,0.9065852217109723
35.0,2.0,8.0,1.074790638848477
35.0,2.0,9.0,1.0289732612859859
35.0,2.0,10.0,1.1151120596941566
35.0,2.0,11.0,1.1980960784793238
36.0,1.0,1.0,-1.2255817914770615
36.0,1.0,2.0,-3.1854052722837762
36.0,1.0,3.0,-1.5003258373983646
36.0,1.0,4.0,-2.0839613341313874
36.0,1.0,5.0,-2.537026136504365
36.0,1.0,6.0,-2.16486024147506
36.0,1.0,7.0,-2.2484435996770586
36.0,1.0,8.0,-2.196759582122352
36.0,1.0,9.0,-2.9544038729257
36.0,1.0,10.0,-2.6675089720209275
36.0,1.0,11.0,-2.599554754373827
36.0,2.0,1.0,0.008613013584500043
36.0,2.0,2.0,0.44904724312993377
36.0,2.0,3.0,0.3628352173661431
36.0,2.0,4.0,0.6783284729690541
36.0,2.0,5.0,0.8376728458224451
36.0,2.0,6.0,0.8613495204683628
36.0,2.0,7.0,0.8803212185378391
36.0,2.0,8.0,0.9832227550041827
36.0,2.0,9.0,1.0394775913183327
36.0,2.0,10.0,1.0957183947447313
36.0,2.0,11.0,1.157222006717438
37.0,1.0,1.0,-1.327967232714402
37.0,1.0,2.0,-1.8042801468636087
37.0,1.0,3.0,-1.7441950205701615
37.0,1.0,4.0,-2.14634512270247
37.0,1.0,5.0,-1.8913353317708679
37.0,1.0,6.0,-1.9530448146093744
37.0,1.0,7.0,-2.357465726284017
37.0,1.0,8.0,-2.5676483826919294
37.0,1.0,9.0,-2.3895251103711166
37.0,1.0,10.0,-2.5471585295926444
37.0,1.0,11.0,-2.8439481962664592
37.0,2.0,1.0,-0.08675857172345591
37.0,2.0,2.0,0.2467455349712279
37.0,2.0,3.0,0.6137336492620471
37.0,2.0,4.0,0.5327124790570986
37.0,2.0,5.0,0.7993081269633587
37.0,2.0,6.0,0.8159947290076864
37.0,2.0,7.0,0.9217676450233176
37.0,2.0,8.0,1.0748899811482306
37.0,2.0,9.0,1.0181591681223083
37.0,2.0,10.0,1.1583445379228727
37.0,2.0,11.0,1.1639764308057832
38.0,1.0,1.0,-1.2789564338074522
38.0,1.0,2.0,-1.8983024838137614
38.0,1.0,3.0,-1.9776446559429925
38.0,1.0,4.0,-2.063891212838142
38.0,1.0,5.0,-2.2932022292934624
38.0,1.0,6.0,-2.6192692411871024
38.0,1.0,7.0,-2.2025810899639717
38.0,1.0,8.0,-2.5560675358149396
38.0,1.0,9.0,-2.6514548721638445
38.0,1.0,10.0,-2.189435465462345
38.0,1.0,11.0,-2.7136650931140496
38.0,2.0,1.0,-0.13907809399242263
38.0,2.0,2.0,0.21777404822764956
38.0,2.0,3.0,0.588129029597778
38.0,2.0,4.0,0.5405228351959793
38.0,2.0,5.0,0.7812995744229249
38.0,2.0,6.0,0.918502610362476
38.0,2.0,7.0,0.9024414801971444
38.0,2.0,8.0,1.0042135005391333
38.0,2.0,9.0,1.0022041380043454
38.0,2.0,10.0,1.1033627261260162
38.0,2.0,11.0,1.158362304997331
39.0,1.0,1.0,-1.4426194432023418
39.0,1.0,2.0,-2.0939751009441774
39.0,1.0,3.0,-2.0722337355557396
39.0,1.0,4.0,-1.9981392834871141
39.0,1.0,5.0,-2.2272897651722667
39.0,1.0,6.0,-2.623496441201959
39.0,1.0,7.0,-1.9499747260024825
39.0,1.0,8.0,-2.390725329381084
39.0,1.0,9.0,-2.5658101112369027
39.0,1.0,10.0,-2.439198579134124
39.0,1.0,11.0,-2.309713752237244
39.0,2.0,1.0,-0.33052615285630305
39.0,2.0,2.0,0.13299634359118928
39.0,2.0,3.0,0.6033748646846451
39.0,2.0,4.0,0.6541162986778919
39.0,2.0,5.0,0.8299067065534111
39.0,2.0,6.0,0.8135944964839457
39.0,2.0,7.0,0.9836851708840676
39.0,2.0,8.0,0.8791268727613907
39.0,2.0,9.0,1.049833461005688
39.0,2.0,10.0,1.0912923759852617
39.0,2.0,11.0,1.153284101216216
40.0,1.0,1.0,-1.278086049361156
40.0,1.0,2.0,-1.6710650246429763
40.0,1.0,3.0,-1.9163785977947883
40.0,1.0,4.0,-2.2726722509308233
40.0,1.0,5.0,-2.288578048452383
40.0,1.0,6.0,-2.3666256036862356
40.0,1.0,7.0,-2.3161328292421386
40.0,1.0,8.0,-2.849463111797864
40.0,1.0,9.0,-2.332459099466472
40.0,1.0,10.0,-2.6065045400070272
40.0,1.0,11.0,-2.3150677069194256
40.0,2.0,1.0,-0.16261533738543538
40.0,2.0,2.0,0.2653924461547515
40.0,2.0,3.0,0.5163224181998438
40.0,2.0,4.0,0.7297670114686161
40.0,2.0,5.0,0.7003686069578933
40.0,2.0,6.0,0.9171112270440989
40.0,2.0,7.0,0.9001280323658547
40.0,2.0,8.0,0.9358304047319279
40.0,2.0,9.0,1.0821364742376618
40.0,2.0,10.0,1.1419545596199423
40.0,2.0,11.0,1.2077914412491744
41.0,1.0,1.0,-1.1592799144588013
41.0,1.0,2.0,-1.8671732855061391
41.0,1.0,3.0,-1.7413253537681657
41.0,1.0,4.0,-2.1533830446223607
41.0,1.0,5.0,-2.573078093992753
41.0,1.0,6.0,-2.5483010265500843
41.0,1.0,7.0,-2.7974880405712215
41.0,1.0,8.0,-2.450030436852299
41.0,1.0,9.0,-2.370851438122305
41.0,1.0,10.0,-2.634671126777469
41.0,1.0,11.0,-2.1909224850804647
41.0,2.0,1.0,-0.009617739727428251
41.0,2.0,2.0,0.11114219243713479
41.0,2.0,3.0,0.594646319095448
41.0,2.0,4.0,0.5036780529185347
41.0,2.0,5.0,0.8078795001894334
41.0,2.0,6.0,0.8259928891874475
41.0,2.0,7.0,0.9721291942581891
41.0,2.0,8.0,0.9945559565512591
41.0,2.0,9.0,1.032042646598774
41.0,2.0,10.0,1.1640088001180307
41.0,2.0,11.0,1.092489735493231
42.0,1.0,1.0,-1.0445686325969137
42.0,1.0,2.0,-1.9838085398972125
42.0,1.0,3.0,-2.0689073581639827
42.0,1.0,4.0,-1.7543346738469725
42.0,1.0,5.0,-2.1238512299720287
42.0,1.0,6.0,-2.6608231916997283
42.0,1.0,7.0,-2.5115193951956445
42.0,1.0,8.0,-2.716639010046792
42.0,1.0,9.0,-2.408564398090965
42.0,1.0,10.0,-2.946042520975115
42.0,1.0,11.0,-2.244846959631965
42.0,2.0,1.0,-0.025799381160269638
42.0,2.0,2.0,0.3004212662707461
42.0,2.0,3.0,0.5193694932408873
42.0,2.0,4.0,0.730777045520987
42.0,2.0,5.0,0.7318399513820814
42.0,2.0,6.0,0.8750370303659807
42.0,2.0,7.0,0.9640644691883123
42.0,2.0,8.0,1.0016489792170646
42.0,2.0,9.0,0.9827304797059464
42.0,2.0,10.0,1.1718640758288188
42.0,2.0,11.0,1.2215786124825565
43.0,1.0,1.0,-1.1777156499073436
43.0,1.0,2.0,-1.506879312666465
43.0,1.0,3.0,-1.753924238971969
43.0,1.0,4.0,-2.621883047339826
43.0,1.0,5.0,-1.997730496734772
43.0,1.0,6.0,-1.775389543348478
43.0,1.0,7.0,-2.495063770932946
43.0,1.0,8.0,-2.438096255351369
43.0,1.0,9.0,-2.1414450011173987
43.0,1.0,10.0,-2.5601168528578424
43.0,1.0,11.0,-2.6669334958780877
43.0,2.0,1.0,-0.12307670252276595
43.0,2.0,2.0,0.2367548210377434
43.0,2.0,3.0,0.54626983467029
43.0,2.0,4.0,0.4575355886276274
43.0,2.0,5.0,0.7952801770080244
43.0,2.0,6.0,0.8502938779247324
43.0,2.0,7.0,0.9326642494176243
43.0,2.0,8.0,1.0418289479735232
43.0,2.0,9.0,1.069820684860055
43.0,2.0,10.0,1.119848813700602
43.0,2.0,11.0,1.164076632060384
44.0,1.0,1.0,-1.2948874216739483
44.0,1.0,2.0,-1.7451599191008753
44.0,1.0,3.0,-1.9165579514382376
44.0,1.0,4.0,-2.0425479415833383
44.0,1.0,5.0,-2.300700594112748
44.0,1.0,6.0,-2.164151106438034
44.0,1.0,7.0,-2.551225944702007
44.0,1.0,8.0,-2.791950461271542
44.0,1.0,9.0,-2.7139048079666797
44.0,1.0,10.0,-2.9568344793909733
44.0,1.0,11.0,-2.2890719956293872
44.0,2.0,1.0,0.06863061137657657
44.0,2.0,2.0,0.06109113437515952
44.0,2.0,3.0,0.5661525244268166
44.0,2.0,4.0,0.6723720930006868
44.0,2.0,5.0,0.7598393144011731
44.0,2.0,6.0,0.7640520310810657
44.0,2.0,7.0,0.9425279731281758
44.0,2.0,8.0,0.9901439663752098
44.0,2.0,9.0,1.1162883603644245
44.0,2.0,10.0,1.1592745197982324
44.0,2.0,11.0,1.252682901414149
45.0,1.0,1.0,-1.5216050370366323
45.0,1.0,2.0,-1.7416606536178374
45.0,1.0,3.0,-1.867740102608063
45.0,1.0,4.0,-1.902445242084372
45.0,1.0,5.0,-2.3401182216760437
45.0,1.0,6.0,-2.1481842274938994
45.0,1.0,7.0,-2.2253631445473374
45.0,1.0,8.0,-2.0332830057388853
45.0,1.0,9.0,-2.274896155079897
45.0,1.0,10.0,-2.5822357358384025
45.0,1.0,11.0,-2.5048735574736924
45.0,2.0,1.0,-0.30659641260163933
45.0,2.0,2.0,0.39117499241444464
45.0,2.0,3.0,0.4465704757414313
45.0,2.0,4.0,0.6749416835643663
45.0,2.0,5.0,0.8211828520574457
45.0,2.0,6.0,0.8524666232341842
45.0,2.0,7.0,0.8932521231399233
45.0,2.0,8.0,1.0178919030104865
45.0,2.0,9.0,1.1312271576688817
45.0,2.0,10.0,1.115005694974905
45.0,2.0,11.0,1.2365111233767745
46.0,1.0,1.0,-1.34627370181928
46.0,1.0,2.0,-2.1016677036487375
46.0,1.0,3.0,-2.1342421752399323
46.0,1.0,4.0,-2.106340155235075
46.0,1.0,5.0,-2.454468377802696
46.0,1.0,6.0,-2.5496488743983523
46.0,1.0,7.0,-2.584168729604556
46.0,1.0,8.0,-2.5299929442162363
46.0,1.0,9.0,-2.760333434286473
46.0,1.0,10.0,-2.731459599258437
46.0,1.0,11.0,-2.3547321556726044
46.0,2.0,1.0,-0.15570554960700472
46.0,2.0,2.0,0.35109586221162203
46.0,2.0,3.0,0.5423175226556128
46.0,2.0,4.0,0.7351626724298629
46.0,2.0,5.0,0.7121138830689376
46.0,2.0,6.0,0.9317849700546654
46.0,2.0,7.0,1.0022135601157929
46.0,2.0,8.0,0.9423464225192605
46.0,2.0,9.0,1.032009964156309
46.0,2.0,10.0,1.0529523902997016
46.0,2.0,11.0,1.2012727088390127
47.0,1.0,1.0,-1.1774649682459537
47.0,1.0,2.0,-1.6866990247025775
47.0,1.0,3.0,-1.8857828187574428
47.0,1.0,4.0,-1.9905573282680034
47.0,1.0,5.0,-2.4912388296187573
47.0,1.0,6.0,-1.9020058113669984
47.0,1.0,7.0,-2.5518424580456642
47.0,1.0,8.0,-2.584769101363962
47.0,1.0,9.0,-2.7605171509124804
47.0,1.0,10.0,-2.587410889879154
47.0,1.0,11.0,-2.6310520459451636
47.0,2.0,1.0,0.033136688440377045
47.0,2.0,2.0,0.35791112986163126
47.0,2.0,3.0,0.4971291006954623
47.0,2.0,4.0,0.6536265721226984
47.0,2.0,5.0,0.7784346276456507
47.0,2.0,6.0,0.8866652608187333
47.0,2.0,7.0,0.9176428991089909
47.0,2.0,8.0,1.019474826285321
47.0,2.0,9.0,1.094494725069105
47.0,2.0,10.0,1.0939260045591799
47.0,2.0,11.0,1.3316052337061965
48.0,1.0,1.0,-1.4751100657005998
48.0,1.0,2.0,-1.8048123722213139
48.0,1.0,3.0,-2.299453838112705
48.0,1.0,4.0,-1.8008955364911123
48.0,1.0,5.0,-2.5578074849840355
48.0,1.0,6.0,-2.567153328336377
48.0,1.0,7.0,-2.2463964568843364
48.0,1.0,8.0,-2.017507108480798
48.0,1.0,9.0,-2.7071619076033633
48.0,1.0,10.0,-2.6617386555536013
48.0,1.0,11.0,-2.462726803575931
48.0,2.0,1.0,-0.00392757968369526
48.0,2.0,2.0,0.29254631038743595
48.0,2.0,3.0,0.600604042929496
48.0,2.0,4.0,0.6503284127260748
48.0,2.0,5.0,0.668466890215281
48.0,2.0,6.0,0.7747976827359023
48.0,2.0,7.0,0.9369340703416228
48.0,2.0,8.0,0.9435243434303846
48.0,2.0,9.0,1.0065677236913977
48.0,2.0,10.0,1.1845415805166268
48.0,2.0,11.0,1.0695093863945693
49.0,1.0,1.0,-1.2118545505720069
49.0,1.0,2.0,-1.7800913282505129
49.0,1.0,3.0,-1.8796790775621137
49.0,1.0,4.0,-2.8415815360859598
49.0,1.0,5.0,-2.2926975893071897
49.0,1.0,6.0,-2.4983759273211663
49.0,1.0,7.0,-2.2051106259333255
49.0,1.0,8.0,-2.0748899710837514
49.0,1.0,9.0,-2.7428342987470997
49.0,1.0,10.0,-2.2334677506794676
49.0,1.0,11.0,-2.5457250790711723
49.0,2.0,1.0,0.09124859786290707
49.0,2.0,2.0,0.18830514562899028
49.0,2.0,3.0,0.4754384674071367
49.0,2.0,4.0,0.738467113761426
49.0,2.0,5.0,0.7360828528640441
49.0,2.0,6.0,0.932985613164478
49.0,2.0,7.0,0.9214563193168342
49.0,2.0,8.0,0.9657703732819125
49.0,2.0,9.0,1.1074499805141522
49.0,2.0,10.0,1.0721584970073923
49.0,2.0,11.0,1.2615374674135074
50.0,1.0,1.0,-1.226264281162131
50.0,1.0,2.0,-1.4562674433690233
50.0,1.0,3.0,-2.370290564370381
50.0,1.0,4.0,-1.7436918161063548
50.0,1.0,5.0,-2.046574909032011
50.0,1.0,6.0,-2.377858457448656
50.0,1.0,7.0,-2.461951630142616
50.0,1.0,8.0,-2.1486281037672454
50.0,1.0,9.0,-2.6326307516849496
50.0,1.0,10.0,-2.362643141279464
50.0,1.0,11.0,-2.6302541908750974
50.0,2.0,1.0,0.001124185020746726
50.0,2.0,2.0,0.38648087092162126
50.0,2.0,3.0,0.5222169105765765
50.0,2.0,4.0,0.6093103435357998
50.0,2.0,5.0,0.7079906090158475
50.0,2.0,6.0,0.9126136169409867
50.0,2.0,7.0,0.9630456465723569
50.0,2.0,8.0,1.0318861739738554
50.0,2.0,9.0,1.0524280510068198
50.0,2.0,10.0,1.1595100799527873
50.0,2.0,11.0,1.0575373159490447
51.0,1.0,1.0,-1.4240271914648448
51.0,1.0,2.0,-1.9929796782527665
51.0,1.0,3.0,-1.8911568439127795
51.0,1.0,4.0,-2.526194947171229
51.0,1.0,5.0,-2.2881790672810225
51.0,1.0,6.0,-2.0149250358326665
51.0,1.0,7.0,-2.812183239285901
51.0,1.0,8.0,-2.3992371973993873
51.0,1.0,9.0,-2.559565417291727
51.0,1.0,10.0,-2.633468070197471
51.0,1.0,11.0,-2.4642020866244723
51.0,2.0,1.0,-0.12595964589712677
51.0,2.0,2.0,0.15639809264642504
51.0,2.0,3.0,0.4144841449419684
51.0,2.0,4.0,0.6718525157870304
51.0,2.0,5.0,0.7158125160666085
51.0,2.0,6.0,0.8262024765413397
51.0,2.0,7.0,0.9453427555331331
51.0,2.0,8.0,1.0157086086536413
51.0,2.0,9.0,1.1032793028578698
51.0,2.0,10.0,1.0974746373857607
51.0,2.0,11.0,1.175863723582434
52.0,1.0,1.0,-1.1778869040614877
52.0,1.0,2.0,-1.8419490999311174
52.0,1.0,3.0,-2.296081073046453
52.0,1.0,4.0,-2.107941621268862
52.0,1.0,5.0,-2.504310055690548
52.0,1.0,6.0,-2.4734694732505975
52.0,1.0,7.0,-2.6677456760831166
52.0,1.0,8.0,-2.678671762487205
52.0,1.0,9.0,-2.162127777095962
52.0,1.0,10.0,-3.034371594725784
52.0,1.0,11.0,-2.7072615381749863
52.0,2.0,1.0,-0.29628177220520774
52.0,2.0,2.0,0.3625473970434772
52.0,2.0,3.0,0.48207239691790105
52.0,2.0,4.0,0.720679606448959
52.0,2.0,5.0,0.7847371548495123
52.0,2.0,6.0,0.8569249514617686
52.0,2.0,7.0,0.965133723495839
52.0,2.0,8.0,1.046564344425999
52.0,2.0,9.0,1.0862955050857013
52.0,2.0,10.0,1.060781769351605
52.0,2.0,11.0,1.1894922191082038
53.0,1.0,1.0,-1.489844983567698
53.0,1.0,2.0,-2.1422019810759996
53.0,1.0,3.0,-1.9148891400559245
53.0,1.0,4.0,-2.1604267135998607
53.0,1.0,5.0,-2.383481517760713
53.0,1.0,6.0,-2.1707506181541807
53.0,1.0,7.0,-2.2615508864971057
53.0,1.0,8.0,-2.446356521233841
53.0,1.0,9.0,-2.366653027652386
53.0,1.0,10.0,-2.7739937070320404
53.0,1.0,11.0,-3.006943663681807
53.0,2.0,1.0,-0.26950609746734044
53.0,2.0,2.0,0.4798724884610434
53.0,2.0,3.0,0.4982311446919003
53.0,2.0,4.0,0.7314669444199424
53.0,2.0,5.0,0.6951251018409133
53.0,2.0,6.0,0.8785636583601654
53.0,2.0,7.0,0.9042336471613402
53.0,2.0,8.0,1.0055995538702593
53.0,2.0,9.0,1.0502249925218063
53.0,2.0,10.0,1.121207342607209
53.0,2.0,11.0,1.1383438689108798
54.0,1.0,1.0,-1.338585451892877
54.0,1.0,2.0,-1.577620806473933
54.0,1.0,3.0,-2.1650871109267067
54.0,1.0,4.0,-2.00010443398804
54.0,1.0,5.0,-2.3227616311420562
54.0,1.0,6.0,-2.469420111001836
54.0,1.0,7.0,-2.0598332585382577
54.0,1.0,8.0,-2.2449184839158454
54.0,1.0,9.0,-2.615471332982073
54.0,1.0,10.0,-2.394418856620265
54.0,1.0,11.0,-2.348434175460553
54.0,2.0,1.0,-0.42070551892858915
54.0,2.0,2.0,0.2169886362288749
54.0,2.0,3.0,0.4673371433544569
54.0,2.0,4.0,0.5613614601849379
54.0,2.0,5.0,0.729125882232565
54.0,2.0,6.0,0.8060382989163155
54.0,2.0,7.0,0.9139706057342325
54.0,2.0,8.0,0.9955256108359062
54.0,2.0,9.0,1.0610549976223045
54.0,2.0,10.0,1.0931147163561428
54.0,2.0,11.0,1.1090008185658122
55.0,1.0,1.0,-0.9549138694078638
55.0,1.0,2.0,-2.0926397691276395
55.0,1.0,3.0,-1.9531482104705145
55.0,1.0,4.0,-2.2467444658493476
55.0,1.0,5.0,-2.3510620470993095
55.0,1.0,6.0,-2.416587238267108
55.0,1.0,7.0,-2.0359046855240295
55.0,1.0,8.0,-2.4382125006891067
55.0,1.0,9.0,-2.650306552565546
55.0,1.0,10.0,-2.88279753579527
55.0,1.0,11.0,-2.198596942481623
55.0,2.0,1.0,0.0415705182639391
55.0,2.0,2.0,0.25197248526150107
55.0,2.0,3.0,0.46076590583170496
55.0,2.0,4.0,0.6840877505116107
55.0,2.0,5.0,0.7797442909359172
55.0,2.0,6.0,0.864268634537617
55.0,2.0,7.0,0.9028348779693122
55.0,2.0,8.0,1.0013639968982029
55.0,2.0,9.0,0.9825342485129708
55.0,2.0,10.0,1.1532341666023929
55.0,2.0,11.0,1.137556776421128
56.0,1.0,1.0,-1.2548715981328333
56.0,1.0,2.0,-2.139644168767231
56.0,1.0,3.0,-1.6932031078749614
56.0,1.0,4.0,-2.033852199165299
56.0,1.0,5.0,-2.2951010610434643
56.0,1.0,6.0,-2.6788044605534
56.0,1.0,7.0,-2.859333353787456
56.0,1.0,8.0,-2.625406100758003
56.0,1.0,9.0,-2.7658026405891727
56.0,1.0,10.0,-2.8689983158987653
56.0,1.0,11.0,-2.1690525064840687
56.0,2.0,1.0,-0.20719697705347093
56.0,2.0,2.0,0.3265656862196846
56.0,2.0,3.0,0.4744984969166289
56.0,2.0,4.0,0.7250497169048028
56.0,2.0,5.0,0.6648332560700861
56.0,2.0,6.0,0.9153103547118886
56.0,2.0,7.0,0.8919848455777132
56.0,2.0,8.0,0.9278996046641044
56.0,2.0,9.0,1.0300924097664426
56.0,2.0,10.0,1.171891085589872
56.0,2.0,11.0,1.079124435558268
57.0,1.0,1.0,-1.6611889299528104
57.0,1.0,2.0,-1.9949895407986158
57.0,1.0,3.0,-1.738335596709407
57.0,1.0,4.0,-2.5068643669192614
57.0,1.0,5.0,-2.5404084415847663
57.0,1.0,6.0,-2.0661215986435075
57.0,1.0,7.0,-2.398007422480627
57.0,1.0,8.0,-2.7697245733511475
57.0,1.0,9.0,-2.6951194573607213
57.0,1.0,10.0,-2.3838613353698475
57.0,1.0,11.0,-2.513384041917516
57.0,2.0,1.0,-0.23511440599611502
57.0,2.0,2.0,0.29724164441773304
57.0,2.0,3.0,0.46399976378882696
57.0,2.0,4.0,0.7707123154527988
57.0,2.0,5.0,0.7513189838420223
57.0,2.0,6.0,0.8998461789168579
57.0,2.0,7.0,0.8858206087280315
57.0,2.0,8.0,1.0118911891481075
57.0,2.0,9.0,1.0315427839002695
57.0,2.0,10.0,1.0517500533994035
57.0,2.0,11.0,1.1940508357510549
58.0,1.0,1.0,-1.3855048673231294
58.0,1.0,2.0,-2.045917155151835
58.0,1.0,3.0,-1.597629458885692
58.0,1.0,4.0,-1.8193200972815222
58.0,1.0,5.0,-2.28549523417701
58.0,1.0,6.0,-1.9383357206887617
58.0,1.0,7.0,-2.4390391269588174
58.0,1.0,8.0,-2.4835372610577715
58.0,1.0,9.0,-2.7560855559696464
58.0,1.0,10.0,-2.245698818044891
58.0,1.0,11.0,-2.781228895088236
58.0,2.0,1.0,0.12603181416299708
58.0,2.0,2.0,0.1415932200904213
58.0,2.0,3.0,0.47254871064538095
58.0,2.0,4.0,0.5738680158679519
58.0,2.0,5.0,0.8118064040541587
58.0,2.0,6.0,0.758652394000831
58.0,2.0,7.0,0.9712451090912386
58.0,2.0,8.0,1.0823076652034513
58.0,2.0,9.0,1.0701248649625137
58.0,2.0,10.0,1.1234761271129212
58.0,2.0,11.0,1.220837020128636
59.0,1.0,1.0,-1.2546866854937666
59.0,1.0,2.0,-1.6110764101842565
59.0,1.0,3.0,-2.071816053371688
59.0,1.0,4.0,-2.472669916750654
59.0,1.0,5.0,-2.137111466395156
59.0,1.0,6.0,-2.5235225685935183
59.0,1.0,7.0,-2.5445026621998403
59.0,1.0,8.0,-2.632289879707531
59.0,1.0,9.0,-2.3205124176439145
59.0,1.0,10.0,-3.043314014463144
59.0,1.0,11.0,-2.481775090671641
59.0,2.0,1.0,0.04116867817458126
59.0,2.0,2.0,0.24912378976648472
59.0,2.0,3.0,0.5636121143369903
59.0,2.0,4.0,0.618734429873299
59.0,2.0,5.0,0.7286928841050828
59.0,2.0,6.0,0.7691889453957853
59.0,2.0,7.0,0.9924833434185828
59.0,2.0,8.0,1.0430775990426846
59.0,2.0,9.0,1.0661334677099046
59.0,2.0,10.0,1.0385694353916983
59.0,2.0,11.0,1.17504466398532
60.0,1.0,1.0,-1.2751407786171944
60.0,1.0,2.0,-1.8852982327076544
60.0,1.0,3.0,-1.803551923865296
60.0,1.0,4.0,-2.4720510178497506
60.0,1.0,5.0,-2.7919276874444288
60.0,1.0,6.0,-2.341386936338689
60.0,1.0,7.0,-2.9423242738495365
60.0,1.0,8.0,-2.6085490168503824
60.0,1.0,9.0,-2.1757179553641164
60.0,1.0,10.0,-3.1072479401574467
60.0,1.0,11.0,-2.7756892495135905
60.0,2.0,1.0,-0.11977335063408864
60.0,2.0,2.0,0.40531606869570364
60.0,2.0,3.0,0.41009503416445375
60.0,2.0,4.0,0.6965607868276765
60.0,2.0,5.0,0.7876051235278416
60.0,2.0,6.0,0.805832357908817
60.0,2.0,7.0,0.851545772152104
60.0,2.0,8.0,1.0321973306949885
60.0,2.0,9.0,1.0297090682183392
60.0,2.0,10.0,1.1370745719505475
60.0,2.0,11.0,1.202784598061676
