1.0,1.0,1.0,-0.30064947148246984
1.0,1.0,2.0,-0.26442568210136097
1.0,1.0,3.0,-0.1766745346934907
1.0,1.0,4.0,-0.2675128662404818
1.0,1.0,5.0,-0.602125533183495
1.0,1.0,6.0,-0.6357640853182569
1.0,1.0,7.0,-0.5650578005003165
1.0,1.0,8.0,-0.5662981977932461
1.0,1.0,9.0,-0.39494935668851316
1.0,1.0,10.0,-0.023871138245032033
1.0,1.0,11.0,0.35715459086875295
1.0,1.0,12.0,0.4567926075177214
1.0,1.0,13.0,0.3914396719651611
1.0,1.0,14.0,0.2681807431633923
1.0,1.0,15.0,0.10426973105729001
1.0,1.0,16.0,0.2436300826965147
1.0,1.0,17.0,0.4615092298097214
1.0,1.0,18.0,0.852291627335338
1.0,1.0,19.0,0.976567305689181
1.0,1.0,20.0,0.9791781923345492
1.0,1.0,21.0,1.0913150319871063
1.0,2.0,1.0,-0.13947112298963305
1.0,2.0,2.0,-0.23312398644557858
1.0,2.0,3.0,-0.7862922171382266
1.0,2.0,4.0,-1.2280742308347052
1.0,2.0,5.0,-0.8322505531884932
1.0,2.0,6.0,-0.2638871755845864
1.0,2.0,7.0,0.1964715554616105
1.0,2.0,8.0,0.12580642724505453
1.0,2.0,9.0,-0.21221694106805564
1.0,2.0,10.0,-0.6621471532833275
1.0,2.0,11.0,-0.5611524907246411
1.0,2.0,12.0,-0.1473917840408082
1.0,2.0,13.0,0.25557077892824515
1.0,2.0,14.0,0.4010516703229731
1.0,2.0,15.0,0.5403803929601668
1.0,2.0,16.0,0.8384062783719426
1.0,2.0,17.0,0.7992487445113412
1.0,2.0,18.0,0.7497603234187634
1.0,2.0,19.0,0.4704209237275966
1.0,2.0,20.0,0.39839367320302504
1.0,2.0,21.0,0.18338339193519937
2.0,1.0,1.0,0.4364665274791473
2.0,1.0,2.0,0.5785711911211103
2.0,1.0,3.0,0.32472394433762636
2.0,1.0,4.0,-0.08690645963428066
2.0,1.0,5.0,-0.20203965853457784
2.0,1.0,6.0,-0.4583146610648192
2.0,1.0,7.0,-0.48304203257404327
2.0,1.0,8.0,-0.7153713998941237
2.0,1.0,9.0,-0.6909543218010467
2.0,1.0,10.0,-0.3467182998759239
2.0,1.0,11.0,0.25428509119157394
2.0,1.0,12.0,0.5560765456652316
2.0,1.0,13.0,0.47326591702126575
2.0,1.0,14.0,0.25507629203949306
2.0,1.0,15.0,0.08524681938723819
2.0,1.0,16.0,-0.41863067338079424
2.0,1.0,17.0,-0.8541502398938048
2.0,1.0,18.0,-0.7482852162323576
2.0,1.0,19.0,-0.6443581302559819
2.0,1.0,20.0,-0.5761251661248693
2.0,1.0,21.0,-0.19356167101840238
2.0,2.0,1.0,0.5821280229146729
2.0,2.0,2.0,0.8174139382337693
2.0,2.0,3.0,1.0148501145666282
2.0,2.0,4.0,0.8277779202306863
2.0,2.0,5.0,0.6451246455561215
2.0,2.0,6.0,0.43785179992255546
2.0,2.0,7.0,0.26628859364375906
2.0,2.0,8.0,-0.013532488835519559
2.0,2.0,9.0,-0.33296817367381576
2.0,2.0,10.0,-0.6444842833111296
2.0,2.0,11.0,-0.4751089405395648
2.0,2.0,12.0,0.064875676558691
2.0,2.0,13.0,0.3731301378102822
2.0,2.0,14.0,0.5338835768488599
2.0,2.0,15.0,0.6396388810807102
2.0,2.0,16.0,0.2978116945531927
2.0,2.0,17.0,-0.35748715183276
2.0,2.0,18.0,-0.7303091471666269
2.0,2.0,19.0,-0.8011803664923092
2.0,2.0,20.0,-0.900803987972611
2.0,2.0,21.0,-0.6918146873321036
3.0,1.0,1.0,-0.4262939367152644
3.0,1.0,2.0,-0.544855943364169
3.0,1.0,3.0,-0.4753732412724993
3.0,1.0,4.0,-0.21974176611381244
3.0,1.0,5.0,-0.5283012302230135
3.0,1.0,6.0,-0.593866401078354
3.0,1.0,7.0,-0.5236107929416123
3.0,1.0,8.0,-0.7127861268983872
3.0,1.0,9.0,-0.741791143810639
3.0,1.0,10.0,-0.09360527240756897
3.0,1.0,11.0,0.2541509155711816
3.0,1.0,12.0,0.4122131106531515
3.0,1.0,13.0,0.38596324023137724
3.0,1.0,14.0,0.25029731488604134
3.0,1.0,15.0,0.21431821601389237
3.0,1.0,16.0,0.3782309881396284
3.0,1.0,17.0,0.4043823168639131
3.0,1.0,18.0,0.2705487439112376
3.0,1.0,19.0,0.24138546182374232
3.0,1.0,20.0,0.2243621257164886
3.0,1.0,21.0,0.26971715201556207
3.0,2.0,1.0,-0.6104250849859565
3.0,2.0,2.0,-0.6662712650254095
3.0,2.0,3.0,-0.2726072654360357
3.0,2.0,4.0,0.01941789010459076
3.0,2.0,5.0,0.18941203509008395
3.0,2.0,6.0,0.44191823581683215
3.0,2.0,7.0,0.27212478684852387
3.0,2.0,8.0,0.09470433651143294
3.0,2.0,9.0,-0.2810195912742016
3.0,2.0,10.0,-0.5879374188102027
3.0,2.0,11.0,-0.4882062182198362
3.0,2.0,12.0,0.023229778694160975
3.0,2.0,13.0,0.29087951946579543
3.0,2.0,14.0,0.4714517393284803
3.0,2.0,15.0,0.6256593730835842
3.0,2.0,16.0,0.8446783801794763
3.0,2.0,17.0,0.8852202613878576
3.0,2.0,18.0,0.9317709942616809
3.0,2.0,19.0,0.9211206125044124
3.0,2.0,20.0,0.7709730558761515
3.0,2.0,21.0,0.46930717408811773
4.0,1.0,1.0,0.08660169281420817
4.0,1.0,2.0,-0.17472887256753564
4.0,1.0,3.0,-0.4957175398622486
4.0,1.0,4.0,-0.6248721253451479
4.0,1.0,5.0,-0.47332863402035874
4.0,1.0,6.0,-0.41740027675218244
4.0,1.0,7.0,-0.5813583945516776
4.0,1.0,8.0,-0.6997794052839637
4.0,1.0,9.0,-0.47880121547005855
4.0,1.0,10.0,-0.19858543549704163
4.0,1.0,11.0,0.3372948430514336
4.0,1.0,12.0,0.66498054684923
4.0,1.0,13.0,0.5776454376147419
4.0,1.0,14.0,0.27059802134492705
4.0,1.0,15.0,0.057632481978395475
4.0,1.0,16.0,-0.13967452393390073
4.0,1.0,17.0,-0.27769993177790425
4.0,1.0,18.0,-0.0031329091281588448
4.0,1.0,19.0,0.10133648055547785
4.0,1.0,20.0,0.04173074572617809
4.0,1.0,21.0,0.14804403843556427
4.0,2.0,1.0,0.4578524187115054
4.0,2.0,2.0,0.7639801034825561
4.0,2.0,3.0,0.8177801170648666
4.0,2.0,4.0,0.6158596181319921
4.0,2.0,5.0,0.44566196414118525
4.0,2.0,6.0,0.234658701247092
4.0,2.0,7.0,0.15505807298397994
4.0,2.0,8.0,0.005199312333349243
4.0,2.0,9.0,-0.2993803005745805
4.0,2.0,10.0,-0.6703633149506413
4.0,2.0,11.0,-0.53255615969622
4.0,2.0,12.0,0.0031922103924480524
4.0,2.0,13.0,0.342374535100574
4.0,2.0,14.0,0.5349161677897502
4.0,2.0,15.0,0.6511274791420955
4.0,2.0,16.0,0.2380830989585093
4.0,2.0,17.0,-0.4654804624957787
4.0,2.0,18.0,-0.6505359513553556
4.0,2.0,19.0,-0.6442692698404163
4.0,2.0,20.0,-0.5248058892842555
4.0,2.0,21.0,-0.5236224457465464
5.0,1.0,1.0,0.37120723504462744
5.0,1.0,2.0,0.4855013412468016
5.0,1.0,3.0,0.5365856124119219
5.0,1.0,4.0,0.3907040304236623
5.0,1.0,5.0,-0.03628837605101345
5.0,1.0,6.0,-0.4011937915365013
5.0,1.0,7.0,-0.5651528154625667
5.0,1.0,8.0,-0.6180525542115259
5.0,1.0,9.0,-0.7042855416797206
5.0,1.0,10.0,-0.2561294827350041
5.0,1.0,11.0,0.3298512868966225
5.0,1.0,12.0,0.7595861640827115
5.0,1.0,13.0,0.6925512477715474
5.0,1.0,14.0,0.3473902065563357
5.0,1.0,15.0,0.1236161925865593
5.0,1.0,16.0,0.001147777543115079
5.0,1.0,17.0,0.013889073720957431
5.0,1.0,18.0,0.14957586900061676
5.0,1.0,19.0,-0.1605775196911431
5.0,1.0,20.0,-0.5629374685536064
5.0,1.0,21.0,-0.6361147995484984
5.0,2.0,1.0,0.1583742111564862
5.0,2.0,2.0,0.08002583734439056
5.0,2.0,3.0,0.4157266577781119
5.0,2.0,4.0,0.7201676823138521
5.0,2.0,5.0,0.7825007432413272
5.0,2.0,6.0,0.4043217874520338
5.0,2.0,7.0,0.12146788480908655
5.0,2.0,8.0,0.00792999457448527
5.0,2.0,9.0,-0.4275746055433072
5.0,2.0,10.0,-0.7093771785148367
5.0,2.0,11.0,-0.5089180277221587
5.0,2.0,12.0,0.02680168397664606
5.0,2.0,13.0,0.40699024109136356
5.0,2.0,14.0,0.5460549225347108
5.0,2.0,15.0,0.526715227830473
5.0,2.0,16.0,0.4994395648665836
5.0,2.0,17.0,0.28109002474354794
5.0,2.0,18.0,0.518100305732104
5.0,2.0,19.0,0.7011639806327372
5.0,2.0,20.0,0.6544929940079102
5.0,2.0,21.0,0.5936438451950905
6.0,1.0,1.0,0.3648880130221365
6.0,1.0,2.0,0.6125576776523999
6.0,1.0,3.0,0.5342592303836096
6.0,1.0,4.0,0.5560151045756115
6.0,1.0,5.0,0.5755715569408313
6.0,1.0,6.0,-0.1289350422327207
6.0,1.0,7.0,-0.6472253485614041
6.0,1.0,8.0,-0.7268588001599662
6.0,1.0,9.0,-0.6766592667332982
6.0,1.0,10.0,-0.18155379922182782
6.0,1.0,11.0,0.3779548462830063
6.0,1.0,12.0,0.45769901041736166
6.0,1.0,13.0,0.3491800179736732
6.0,1.0,14.0,0.3466624106427434
6.0,1.0,15.0,0.25501117418767194
6.0,1.0,16.0,0.6630223369071265
6.0,1.0,17.0,1.4659974472599322
6.0,1.0,18.0,1.6174446813279326
6.0,1.0,19.0,1.3446006632003042
6.0,1.0,20.0,1.0064996331816092
6.0,1.0,21.0,0.8188402104653459
6.0,2.0,1.0,-0.37946319375737225
6.0,2.0,2.0,-0.3739123604858213
6.0,2.0,3.0,-0.4280878397856734
6.0,2.0,4.0,-0.6609711506060549
6.0,2.0,5.0,-0.8307860203228052
6.0,2.0,6.0,-0.3628817922481478
6.0,2.0,7.0,0.13132987257045245
6.0,2.0,8.0,-0.02314705160974804
6.0,2.0,9.0,-0.3913332180332713
6.0,2.0,10.0,-0.6518696231640642
6.0,2.0,11.0,-0.5115851626809498
6.0,2.0,12.0,-0.023004085636112327
6.0,2.0,13.0,0.2840932707194077
6.0,2.0,14.0,0.6105744559401056
6.0,2.0,15.0,0.6341075318562901
6.0,2.0,16.0,0.8335215278917324
6.0,2.0,17.0,0.6517727028772212
6.0,2.0,18.0,-0.23794884517110584
6.0,2.0,19.0,-1.2354162755939035
6.0,2.0,20.0,-1.8015550356846037
6.0,2.0,21.0,-1.9352303797106294
7.0,1.0,1.0,0.16840524064732879
7.0,1.0,2.0,0.07502788194477077
7.0,1.0,3.0,-0.09178220573129603
7.0,1.0,4.0,-0.278503829863427
7.0,1.0,5.0,-0.3180642583678962
7.0,1.0,6.0,-0.4748676426264384
7.0,1.0,7.0,-0.5462526908505234
7.0,1.0,8.0,-0.6912796855794135
7.0,1.0,9.0,-0.6054495528741175
7.0,1.0,10.0,-0.18699264638825586
7.0,1.0,11.0,0.16755203560127002
7.0,1.0,12.0,0.43879804968444175
7.0,1.0,13.0,0.4660266223177365
7.0,1.0,14.0,0.2825871663387177
7.0,1.0,15.0,0.1542297614860388
7.0,1.0,16.0,-0.28121555096376394
7.0,1.0,17.0,-0.7080468034631883
7.0,1.0,18.0,-1.0138349902446842
7.0,1.0,19.0,-0.8244552713392029
7.0,1.0,20.0,-0.6763487734624665
7.0,1.0,21.0,-0.5765525710003246
7.0,2.0,1.0,-0.6024642873713963
7.0,2.0,2.0,-0.8314719969745585
7.0,2.0,3.0,-0.5493013135970136
7.0,2.0,4.0,-0.3494628510837658
7.0,2.0,5.0,-0.2881174458674571
7.0,2.0,6.0,0.057111279125715786
7.0,2.0,7.0,0.2102365459217234
7.0,2.0,8.0,0.11950065891869577
7.0,2.0,9.0,-0.31957149178436794
7.0,2.0,10.0,-0.6610158164537268
7.0,2.0,11.0,-0.42199529182071366
7.0,2.0,12.0,0.005884842844225103
7.0,2.0,13.0,0.3876633023920249
7.0,2.0,14.0,0.5399140467130255
7.0,2.0,15.0,0.6659239757045504
7.0,2.0,16.0,0.40914484809758
7.0,2.0,17.0,0.20074719299530133
7.0,2.0,18.0,0.12394978087970074
7.0,2.0,19.0,0.09007725704823248
7.0,2.0,20.0,0.2037692722240996
7.0,2.0,21.0,0.06209461973890088
8.0,1.0,1.0,0.14256200931254526
8.0,1.0,2.0,0.2576025133892597
8.0,1.0,3.0,0.4620286675364326
8.0,1.0,4.0,0.3998783611873952
8.0,1.0,5.0,-0.04000703825145437
8.0,1.0,6.0,-0.4554823625208057
8.0,1.0,7.0,-0.7108453665689384
8.0,1.0,8.0,-0.6342389662315389
8.0,1.0,9.0,-0.6507239012718584
8.0,1.0,10.0,-0.1251090426840556
8.0,1.0,11.0,0.29132779272378884
8.0,1.0,12.0,0.5144303155299607
8.0,1.0,13.0,0.5041225434382332
8.0,1.0,14.0,0.36801789550576397
8.0,1.0,15.0,0.19253172405217434
8.0,1.0,16.0,0.2501137912596354
8.0,1.0,17.0,0.32157565780135716
8.0,1.0,18.0,0.1736383981933357
8.0,1.0,19.0,-0.16172791430649366
8.0,1.0,20.0,-0.17095942000813472
8.0,1.0,21.0,-0.34551442539690547
8.0,2.0,1.0,-0.7127803790083711
8.0,2.0,2.0,-1.089834578816328
8.0,2.0,3.0,-0.6776040282721795
8.0,2.0,4.0,-0.45532625954221534
8.0,2.0,5.0,-0.4212380017745652
8.0,2.0,6.0,-0.1349232528066081
8.0,2.0,7.0,0.15354408486866802
8.0,2.0,8.0,0.04052894729654316
8.0,2.0,9.0,-0.30961219710637855
8.0,2.0,10.0,-0.4089383726571097
8.0,2.0,11.0,-0.37075197116833325
8.0,2.0,12.0,0.04482414149196258
8.0,2.0,13.0,0.4230548695846049
8.0,2.0,14.0,0.7120795324852447
8.0,2.0,15.0,0.7443863762617992
8.0,2.0,16.0,0.5083299304067
8.0,2.0,17.0,0.21566953069550013
8.0,2.0,18.0,-0.03455039569598673
8.0,2.0,19.0,-0.39238982699370945
8.0,2.0,20.0,-0.7317037450633486
8.0,2.0,21.0,-1.0951455312203284
9.0,1.0,1.0,-0.5382291975355061
9.0,1.0,2.0,-0.8240677711301596
9.0,1.0,3.0,-0.6612771394098241
9.0,1.0,4.0,-0.5850356451210925
9.0,1.0,5.0,-0.4470554659671395
9.0,1.0,6.0,-0.4371244206672731
9.0,1.0,7.0,-0.597607326659743
9.0,1.0,8.0,-0.7075728068759072
9.0,1.0,9.0,-0.44904597725167655
9.0,1.0,10.0,-0.2196684287265368
9.0,1.0,11.0,0.2521375815076903
9.0,1.0,12.0,0.5611564121136058
9.0,1.0,13.0,0.5745732787870357
9.0,1.0,14.0,0.277671038941445
9.0,1.0,15.0,0.11326404724976961
9.0,1.0,16.0,-0.18620215154590855
9.0,1.0,17.0,-0.316901626675893
9.0,1.0,18.0,-0.3047686835228006
9.0,1.0,19.0,-0.36216051780520453
9.0,1.0,20.0,-0.3498689150037356
9.0,1.0,21.0,-0.3010002441511692
9.0,2.0,1.0,-0.2769536517860257
9.0,2.0,2.0,-0.3937331551531741
9.0,2.0,3.0,-0.49660038994215994
9.0,2.0,4.0,-0.6523300377884516
9.0,2.0,5.0,-0.3480423200325405
9.0,2.0,6.0,0.015681856707172714
9.0,2.0,7.0,0.0885399272055339
9.0,2.0,8.0,0.1145593570696178
9.0,2.0,9.0,-0.285289036950901
9.0,2.0,10.0,-0.7008639184382423
9.0,2.0,11.0,-0.415046449670438
9.0,2.0,12.0,0.09364387222422625
9.0,2.0,13.0,0.4486762509695383
9.0,2.0,14.0,0.5387101902838262
9.0,2.0,15.0,0.6846840132518975
9.0,2.0,16.0,0.6855962890414449
9.0,2.0,17.0,0.8589520545411371
9.0,2.0,18.0,1.0959383565145184
9.0,2.0,19.0,1.166840742883513
9.0,2.0,20.0,1.1386090110526852
9.0,2.0,21.0,1.0900972001345173
10.0,1.0,1.0,0.6407670052896761
10.0,1.0,2.0,0.6785152126430458
10.0,1.0,3.0,0.42864407846638236
10.0,1.0,4.0,0.6561001723721627
10.0,1.0,5.0,0.5061423109650778
10.0,1.0,6.0,-0.3101285475643449
10.0,1.0,7.0,-0.6457618287923078
10.0,1.0,8.0,-0.5675412963209773
10.0,1.0,9.0,-0.5899546999889708
10.0,1.0,10.0,-0.29099037238097614
10.0,1.0,11.0,0.15926993051510638
10.0,1.0,12.0,0.454653313997635
10.0,1.0,13.0,0.42844321092795173
10.0,1.0,14.0,0.19208350380930186
10.0,1.0,15.0,0.11836768120645305
10.0,1.0,16.0,-0.33392806328962343
10.0,1.0,17.0,-0.6909721029201279
10.0,1.0,18.0,-0.5114203526347934
10.0,1.0,19.0,-0.055015009211307045
10.0,1.0,20.0,0.18226471269289268
10.0,1.0,21.0,0.15937154029223183
10.0,2.0,1.0,0.1943394128623554
10.0,2.0,2.0,0.3864125126603412
10.0,2.0,3.0,0.4271808646753898
10.0,2.0,4.0,0.5327052573014451
10.0,2.0,5.0,0.44854444149733713
10.0,2.0,6.0,0.545712307516027
10.0,2.0,7.0,0.27071770160044906
10.0,2.0,8.0,0.03636672810800515
10.0,2.0,9.0,-0.3019856319902405
10.0,2.0,10.0,-0.7456617734222074
10.0,2.0,11.0,-0.5409773649501248
10.0,2.0,12.0,-0.009607202130304457
10.0,2.0,13.0,0.29001337060693694
10.0,2.0,14.0,0.35777826018080944
10.0,2.0,15.0,0.5981042906978681
10.0,2.0,16.0,0.4963870112856887
10.0,2.0,17.0,-0.018856685382836177
10.0,2.0,18.0,-0.35461578154331086
10.0,2.0,19.0,-0.5226612366148984
10.0,2.0,20.0,-0.7653867176985779
10.0,2.0,21.0,-0.7380244099704318
11.0,1.0,1.0,0.09080419161344179
11.0,1.0,2.0,0.09723168726420993
11.0,1.0,3.0,0.12284010370683504
11.0,1.0,4.0,-0.13928433517967503
11.0,1.0,5.0,-0.5965852070201181
11.0,1.0,6.0,-0.7313091524467172
11.0,1.0,7.0,-0.7685193114018057
11.0,1.0,8.0,-0.7780358871053801
11.0,1.0,9.0,-0.4048406054927832
11.0,1.0,10.0,-0.036580106355706535
11.0,1.0,11.0,0.4501676405210428
11.0,1.0,12.0,0.5878850382375131
11.0,1.0,13.0,0.43695436310064706
11.0,1.0,14.0,0.32581778426138197
11.0,1.0,15.0,0.24155266256600702
11.0,1.0,16.0,0.534834634897963
11.0,1.0,17.0,0.6260137425577026
11.0,1.0,18.0,0.41771249235928387
11.0,1.0,19.0,0.3544533839387502
11.0,1.0,20.0,0.4376107486610853
11.0,1.0,21.0,0.5893364547971804
11.0,2.0,1.0,0.4578425171263856
11.0,2.0,2.0,0.45794564094952356
11.0,2.0,3.0,0.2140485683278245
11.0,2.0,4.0,0.37208223181484845
11.0,2.0,5.0,0.5039251453244707
11.0,2.0,6.0,0.46487777288659854
11.0,2.0,7.0,0.19173893342225487
11.0,2.0,8.0,0.07841758174896905
11.0,2.0,9.0,-0.1938893550130695
11.0,2.0,10.0,-0.6871541074849676
11.0,2.0,11.0,-0.5377732179375698
11.0,2.0,12.0,-0.1865844074595368
11.0,2.0,13.0,0.16089805280302472
11.0,2.0,14.0,0.4958601107499374
11.0,2.0,15.0,0.483365336621974
11.0,2.0,16.0,0.17890428011978673
11.0,2.0,17.0,-0.34822840196148847
11.0,2.0,18.0,-0.6580371300594592
11.0,2.0,19.0,-0.4073964250608534
11.0,2.0,20.0,-0.5010571261296556
11.0,2.0,21.0,-0.5056667612486373
12.0,1.0,1.0,0.24604096409854187
12.0,1.0,2.0,0.40702210710322273
12.0,1.0,3.0,0.43050240134432394
12.0,1.0,4.0,0.06139010227613628
12.0,1.0,5.0,-0.565769729053531
12.0,1.0,6.0,-0.7883846818837614
12.0,1.0,7.0,-0.5788084953514189
12.0,1.0,8.0,-0.5909486716457312
12.0,1.0,9.0,-0.6671198514372694
12.0,1.0,10.0,-0.26352506231481576
12.0,1.0,11.0,0.23021140314772695
12.0,1.0,12.0,0.5525099680268822
12.0,1.0,13.0,0.5689031721214389
12.0,1.0,14.0,0.35168184159278193
12.0,1.0,15.0,0.22527800573384388
12.0,1.0,16.0,0.45480311273351043
12.0,1.0,17.0,0.8292881948861006
12.0,1.0,18.0,0.8929539362018544
12.0,1.0,19.0,0.7104911953068516
12.0,1.0,20.0,0.2651112545423136
12.0,1.0,21.0,0.18268822683727406
12.0,2.0,1.0,0.5348708932261922
12.0,2.0,2.0,0.7935810509867455
12.0,2.0,3.0,0.7310799220133222
12.0,2.0,4.0,0.6632210438071848
12.0,2.0,5.0,0.5705198269468555
12.0,2.0,6.0,0.36515791087240873
12.0,2.0,7.0,0.1250079610330477
12.0,2.0,8.0,0.022362180433566782
12.0,2.0,9.0,-0.3843702846102177
12.0,2.0,10.0,-0.671763371342021
12.0,2.0,11.0,-0.5053089157557196
12.0,2.0,12.0,-0.02289405674299477
12.0,2.0,13.0,0.41270727402980506
12.0,2.0,14.0,0.5837933278355714
12.0,2.0,15.0,0.5834846501844353
12.0,2.0,16.0,0.39458758357112883
12.0,2.0,17.0,-0.04758130553440197
12.0,2.0,18.0,-0.5173908886740406
12.0,2.0,19.0,-0.5133012356474501
12.0,2.0,20.0,-0.5919729031310565
12.0,2.0,21.0,-0.6204738048073226
13.0,1.0,1.0,0.46271730280751705
13.0,1.0,2.0,0.8271613455265165
13.0,1.0,3.0,1.183171774099719
13.0,1.0,4.0,0.9273424973398693
13.0,1.0,5.0,0.32733225610479394
13.0,1.0,6.0,-0.2661175465860351
13.0,1.0,7.0,-0.5402484294724516
13.0,1.0,8.0,-0.5544924688012126
13.0,1.0,9.0,-0.5881952713666685
13.0,1.0,10.0,-0.30022198950504964
13.0,1.0,11.0,0.29363729147174045
13.0,1.0,12.0,0.6435949210718755
13.0,1.0,13.0,0.5926175415261039
13.0,1.0,14.0,0.3061789775129105
13.0,1.0,15.0,0.03387881020789157
13.0,1.0,16.0,-0.4344554272258573
13.0,1.0,17.0,-0.7756772665036697
13.0,1.0,18.0,-0.7754836583466519
13.0,1.0,19.0,-0.6724235920500495
13.0,1.0,20.0,-0.6577261862212526
13.0,1.0,21.0,-0.8433743693747723
13.0,2.0,1.0,-0.5437078896796943
13.0,2.0,2.0,-0.5560517687897242
13.0,2.0,3.0,-0.1760226329147748
13.0,2.0,4.0,0.21947611670912048
13.0,2.0,5.0,0.6396851365195498
13.0,2.0,6.0,0.5404366275933937
13.0,2.0,7.0,0.13357727937547198
13.0,2.0,8.0,0.09586494491386348
13.0,2.0,9.0,-0.34348717096073494
13.0,2.0,10.0,-0.8587083642296812
13.0,2.0,11.0,-0.4919060377171006
13.0,2.0,12.0,0.020072397485720643
13.0,2.0,13.0,0.41545769308743746
13.0,2.0,14.0,0.6098939040764336
13.0,2.0,15.0,0.5902053371020867
13.0,2.0,16.0,0.8424598926334232
13.0,2.0,17.0,0.8590267595452926
13.0,2.0,18.0,0.5383526798011172
13.0,2.0,19.0,0.15141499613032278
13.0,2.0,20.0,0.15515225069888
13.0,2.0,21.0,0.0406141148507341
14.0,1.0,1.0,0.3009723811378907
14.0,1.0,2.0,0.18160712013558736
14.0,1.0,3.0,-0.14569631342961328
14.0,1.0,4.0,-0.45969371382160873
14.0,1.0,5.0,-0.6269162297537166
14.0,1.0,6.0,-0.6470418335176589
14.0,1.0,7.0,-0.5322650357701193
14.0,1.0,8.0,-0.7308340290296178
14.0,1.0,9.0,-0.5065239669245312
14.0,1.0,10.0,-0.18008334225835326
14.0,1.0,11.0,0.31817265322259225
14.0,1.0,12.0,0.5869391226487272
14.0,1.0,13.0,0.5706506599253481
14.0,1.0,14.0,0.2795424866299119
14.0,1.0,15.0,0.20180976463384484
14.0,1.0,16.0,0.2749904328766785
14.0,1.0,17.0,0.554313021600651
14.0,1.0,18.0,0.6461042630121665
14.0,1.0,19.0,0.6073469490378168
14.0,1.0,20.0,0.37381556220824025
14.0,1.0,21.0,0.24759028106626943
14.0,2.0,1.0,0.028076209955647375
14.0,2.0,2.0,-0.16803834168280737
14.0,2.0,3.0,-0.4172779485424069
14.0,2.0,4.0,-0.2803673527304042
14.0,2.0,5.0,0.0204051829951895
14.0,2.0,6.0,0.2665670456263731
14.0,2.0,7.0,0.050342855228050654
14.0,2.0,8.0,0.015267263450598346
14.0,2.0,9.0,-0.2814524897351266
14.0,2.0,10.0,-0.6999043305796998
14.0,2.0,11.0,-0.5751312583033327
14.0,2.0,12.0,-0.056860416745210106
14.0,2.0,13.0,0.3856984303333692
14.0,2.0,14.0,0.5138644128985143
14.0,2.0,15.0,0.6915322003715135
14.0,2.0,16.0,0.8061761559400032
14.0,2.0,17.0,1.0640900048268205
14.0,2.0,18.0,1.062212076423848
14.0,2.0,19.0,0.7123946183260232
14.0,2.0,20.0,0.6737239407416087
14.0,2.0,21.0,0.7295361768620029
15.0,1.0,1.0,0.21384496564935704
15.0,1.0,2.0,-0.015678672892790756
15.0,1.0,3.0,-0.40532890085935325
15.0,1.0,4.0,-0.5611057455723574
15.0,1.0,5.0,-0.6406165134327886
15.0,1.0,6.0,-0.8809822141321129
15.0,1.0,7.0,-0.7713695735338382
15.0,1.0,8.0,-0.7544565099230155
15.0,1.0,9.0,-0.5523862087100783
15.0,1.0,10.0,-0.26892583840072537
15.0,1.0,11.0,0.29536279111762187
15.0,1.0,12.0,0.6881049824775921
15.0,1.0,13.0,0.5280848394509271
15.0,1.0,14.0,0.21298972854296405
15.0,1.0,15.0,0.23331923950532799
15.0,1.0,16.0,0.1749021507679247
15.0,1.0,17.0,-0.10929564671552926
15.0,1.0,18.0,-0.3197066503093027
15.0,1.0,19.0,-0.3345631512329688
15.0,1.0,20.0,-0.1756895971939926
15.0,1.0,21.0,-0.07833239643679894
15.0,2.0,1.0,0.020412895534222823
15.0,2.0,2.0,-0.17439490902733043
15.0,2.0,3.0,-0.8252168489873927
15.0,2.0,4.0,-0.921253076729746
15.0,2.0,5.0,-0.6858541954988955
15.0,2.0,6.0,-0.26232802524809545
15.0,2.0,7.0,0.006534498619186939
15.0,2.0,8.0,-0.13253450792764743
15.0,2.0,9.0,-0.3932084250505076
15.0,2.0,10.0,-0.7432830305656494
15.0,2.0,11.0,-0.47055471083609923
15.0,2.0,12.0,0.020044164285529825
15.0,2.0,13.0,0.34900680756522867
15.0,2.0,14.0,0.4010829728413226
15.0,2.0,15.0,0.5991294445462477
15.0,2.0,16.0,0.39491438971354725
15.0,2.0,17.0,0.3053752695114409
15.0,2.0,18.0,0.505627613567334
15.0,2.0,19.0,0.7166385928914024
15.0,2.0,20.0,1.1256949533463405
15.0,2.0,21.0,1.2964083028420852
16.0,1.0,1.0,0.27595359532520614
16.0,1.0,2.0,0.31879459451000286
16.0,1.0,3.0,0.4108718758707365
16.0,1.0,4.0,0.27605532553500123
16.0,1.0,5.0,-0.11191318849399592
16.0,1.0,6.0,-0.5190904200898465
16.0,1.0,7.0,-0.5635694075751906
16.0,1.0,8.0,-0.6876172759936765
16.0,1.0,9.0,-0.7398618257874623
16.0,1.0,10.0,-0.23852800771583926
16.0,1.0,11.0,0.3909434815968839
16.0,1.0,12.0,0.6347431761907294
16.0,1.0,13.0,0.528627700458747
16.0,1.0,14.0,0.3148057313279523
16.0,1.0,15.0,0.24697600458025507
16.0,1.0,16.0,0.018215428427211917
16.0,1.0,17.0,-0.4272457038245864
16.0,1.0,18.0,-0.38576389717378795
16.0,1.0,19.0,-0.3779147047392146
16.0,1.0,20.0,-0.6261209086492812
16.0,1.0,21.0,-0.6911377352367856
16.0,2.0,1.0,-0.13587862628381792
16.0,2.0,2.0,-0.3476303682534946
16.0,2.0,3.0,-0.7245490416615213
16.0,2.0,4.0,-0.6634551705450799
16.0,2.0,5.0,-0.37748956745286644
16.0,2.0,6.0,-0.19014065392724971
16.0,2.0,7.0,0.03736362291924122
16.0,2.0,8.0,-0.0022381626673238747
16.0,2.0,9.0,-0.39236792265705983
16.0,2.0,10.0,-0.6550315905788959
16.0,2.0,11.0,-0.3534005061345744
16.0,2.0,12.0,0.11095944343547759
16.0,2.0,13.0,0.427965312291554
16.0,2.0,14.0,0.5610971522475775
16.0,2.0,15.0,0.7258857880714429
16.0,2.0,16.0,0.8386171175353957
16.0,2.0,17.0,0.46872637911712206
16.0,2.0,18.0,-0.30584781334402017
16.0,2.0,19.0,-0.8566888374277731
16.0,2.0,20.0,-0.8006199519500402
16.0,2.0,21.0,-0.6177653307225162
17.0,1.0,1.0,0.06939932731861195
17.0,1.0,2.0,0.08164145829707638
17.0,1.0,3.0,0.041823054420713685
17.0,1.0,4.0,0.10852883479554928
17.0,1.0,5.0,-0.057671094022842866
17.0,1.0,6.0,-0.404967919546242
17.0,1.0,7.0,-0.6369289213556351
17.0,1.0,8.0,-0.7266672301246784
17.0,1.0,9.0,-0.5401663270060045
17.0,1.0,10.0,-0.08268665824295239
17.0,1.0,11.0,0.2677440251620779
17.0,1.0,12.0,0.579618486826528
17.0,1.0,13.0,0.6297311086399602
17.0,1.0,14.0,0.4465633771696692
17.0,1.0,15.0,0.18586100576867218
17.0,1.0,16.0,-0.2079561758961927
17.0,1.0,17.0,-0.6120680662557502
17.0,1.0,18.0,-0.6616480021535414
17.0,1.0,19.0,-0.3117726682953157
17.0,1.0,20.0,0.10326694416391402
17.0,1.0,21.0,0.19857388383391505
17.0,2.0,1.0,-0.5519884921914057
17.0,2.0,2.0,-0.8188713210238749
17.0,2.0,3.0,-1.1195838649695542
17.0,2.0,4.0,-1.2943685012085344
17.0,2.0,5.0,-0.970357061131199
17.0,2.0,6.0,-0.26593213852680364
17.0,2.0,7.0,0.10735644348956966
17.0,2.0,8.0,0.05042199546186001
17.0,2.0,9.0,-0.2606295851048742
17.0,2.0,10.0,-0.5474128353913267
17.0,2.0,11.0,-0.3457769656203118
17.0,2.0,12.0,0.03715987493265546
17.0,2.0,13.0,0.5749255965612996
17.0,2.0,14.0,0.8632452416697575
17.0,2.0,15.0,0.72153646081954
17.0,2.0,16.0,0.3887954625494752
17.0,2.0,17.0,-0.11499371860077863
17.0,2.0,18.0,-0.5272295175517219
17.0,2.0,19.0,-0.7005149633576949
17.0,2.0,20.0,-0.6926968745681453
17.0,2.0,21.0,-0.47918737178852167
18.0,1.0,1.0,0.4051317476139134
18.0,1.0,2.0,0.5460828869262886
18.0,1.0,3.0,0.09610627570726403
18.0,1.0,4.0,-0.2857733040274627
18.0,1.0,5.0,-0.3758195963436735
18.0,1.0,6.0,-0.6455102124617769
18.0,1.0,7.0,-0.7209594347786173
18.0,1.0,8.0,-0.7085857943362386
18.0,1.0,9.0,-0.8509724632522047
18.0,1.0,10.0,-0.3989879197963292
18.0,1.0,11.0,0.09656045576607274
18.0,1.0,12.0,0.4954628176564718
18.0,1.0,13.0,0.4391400996279428
18.0,1.0,14.0,0.38418528571967886
18.0,1.0,15.0,0.2064506394983731
18.0,1.0,16.0,0.411147682983234
18.0,1.0,17.0,0.5850446720511913
18.0,1.0,18.0,0.09900286233253064
18.0,1.0,19.0,-0.08312055354483484
18.0,1.0,20.0,-0.18065142047543367
18.0,1.0,21.0,-0.307941835131837
18.0,2.0,1.0,0.4439189814462933
18.0,2.0,2.0,0.5333237804785036
18.0,2.0,3.0,0.2203866311053647
18.0,2.0,4.0,0.14772709991512664
18.0,2.0,5.0,0.3722923216539038
18.0,2.0,6.0,0.3554299367798589
18.0,2.0,7.0,0.11941780838349059
18.0,2.0,8.0,-0.02283797735330039
18.0,2.0,9.0,-0.33967358893748
18.0,2.0,10.0,-0.4858588105174881
18.0,2.0,11.0,-0.35460668572006365
18.0,2.0,12.0,0.08930360908248097
18.0,2.0,13.0,0.39545951636439025
18.0,2.0,14.0,0.7211265270610949
18.0,2.0,15.0,0.7545046598154203
18.0,2.0,16.0,0.5105559847992427
18.0,2.0,17.0,0.26961306739538377
18.0,2.0,18.0,0.10888329636964424
18.0,2.0,19.0,0.26715849666624963
18.0,2.0,20.0,0.11695257896877101
18.0,2.0,21.0,-0.011744900449314718
19.0,1.0,1.0,0.5906408116445323
19.0,1.0,2.0,0.9003611031594738
19.0,1.0,3.0,0.6973565528431664
19.0,1.0,4.0,0.18223220223389974
19.0,1.0,5.0,-0.32553902223992925
19.0,1.0,6.0,-0.3853347811483249
19.0,1.0,7.0,-0.3462029854118112
19.0,1.0,8.0,-0.5819374371838238
19.0,1.0,9.0,-0.35657962783926855
19.0,1.0,10.0,-0.1262741273586453
19.0,1.0,11.0,0.3398153944215654
19.0,1.0,12.0,0.6497248480529282
19.0,1.0,13.0,0.49449110619175474
19.0,1.0,14.0,0.22405060691150502
19.0,1.0,15.0,0.036299615959934174
19.0,1.0,16.0,-0.2882708894842456
19.0,1.0,17.0,-0.5167622511285681
19.0,1.0,18.0,-0.8498456985006495
19.0,1.0,19.0,-1.1277684191691957
19.0,1.0,20.0,-1.0193281938831136
19.0,1.0,21.0,-0.7094885380911861
19.0,2.0,1.0,-0.16139460743989548
19.0,2.0,2.0,-0.3557958536682825
19.0,2.0,3.0,-0.5195740265720044
19.0,2.0,4.0,-0.5630735645708558
19.0,2.0,5.0,-0.40312090916521764
19.0,2.0,6.0,0.07569476366295418
19.0,2.0,7.0,0.17731273945803636
19.0,2.0,8.0,0.09157889716155485
19.0,2.0,9.0,-0.14150591743154975
19.0,2.0,10.0,-0.7249417679615607
19.0,2.0,11.0,-0.6138011889544707
19.0,2.0,12.0,-0.058453626788609186
19.0,2.0,13.0,0.2856624276553376
19.0,2.0,14.0,0.4387436097807063
19.0,2.0,15.0,0.5019805410041617
19.0,2.0,16.0,0.6750571074571156
19.0,2.0,17.0,0.48185902599512237
19.0,2.0,18.0,0.32807644615500436
19.0,2.0,19.0,0.07830409487402938
19.0,2.0,20.0,-0.11480177080250177
19.0,2.0,21.0,-0.14382727433352693
20.0,1.0,1.0,-0.4217601186259419
20.0,1.0,2.0,-0.7563246790400462
20.0,1.0,3.0,-0.7416556090924896
20.0,1.0,4.0,-0.42695180657330767
20.0,1.0,5.0,-0.6773891670394712
20.0,1.0,6.0,-0.7317823471561642
20.0,1.0,7.0,-0.5062174901305551
20.0,1.0,8.0,-0.6581075820072934
20.0,1.0,9.0,-0.5099840212420667
20.0,1.0,10.0,-0.22377672387624845
20.0,1.0,11.0,0.16319954272142911
20.0,1.0,12.0,0.46243983563842034
20.0,1.0,13.0,0.4496817620056897
20.0,1.0,14.0,0.3415400576396848
20.0,1.0,15.0,0.14207998882591052
20.0,1.0,16.0,0.02252292395174174
20.0,1.0,17.0,0.025093193340408427
20.0,1.0,18.0,0.16567895367447885
20.0,1.0,19.0,0.41258201023236085
20.0,1.0,20.0,0.675580719849799
20.0,1.0,21.0,0.5205889653756168
20.0,2.0,1.0,0.37458805724316663
20.0,2.0,2.0,0.5276642873984123
20.0,2.0,3.0,0.6546519646481784
20.0,2.0,4.0,0.6505054424721843
20.0,2.0,5.0,0.6616118030923054
20.0,2.0,6.0,0.4754186891132627
20.0,2.0,7.0,0.2873772703071678
20.0,2.0,8.0,0.12075270612826228
20.0,2.0,9.0,-0.3047821887225682
20.0,2.0,10.0,-0.6883951368632444
20.0,2.0,11.0,-0.6421936563842436
20.0,2.0,12.0,-0.08806892610904339
20.0,2.0,13.0,0.36328103461216293
20.0,2.0,14.0,0.6240644118418928
20.0,2.0,15.0,0.6573589297166206
20.0,2.0,16.0,0.460015739443388
20.0,2.0,17.0,0.03419871705575348
20.0,2.0,18.0,-0.48289885965915824
20.0,2.0,19.0,-0.9504557352403763
20.0,2.0,20.0,-1.1849331218900425
20.0,2.0,21.0,-1.1384299308944503
21.0,1.0,1.0,0.6756679783920019
21.0,1.0,2.0,1.174677232280414
21.0,1.0,3.0,1.2414506565225985
21.0,1.0,4.0,1.3962060517942891
21.0,1.0,5.0,1.2451111910764219
21.0,1.0,6.0,0.9321403738014946
21.0,1.0,7.0,0.5805394134020241
21.0,1.0,8.0,0.6069537008952205
21.0,1.0,9.0,0.5891149190101933
21.0,1.0,10.0,0.6769674943757088
21.0,1.0,11.0,0.49641165118246006
21.0,1.0,12.0,0.4898463653903148
21.0,1.0,13.0,0.45599658949972904
21.0,1.0,14.0,0.2956180078050141
21.0,1.0,15.0,0.09651758224784691
21.0,1.0,16.0,-0.23702983094327296
21.0,1.0,17.0,-0.6893535884203504
21.0,1.0,18.0,-0.9181099655996477
21.0,1.0,19.0,-0.9503200381897965
21.0,1.0,20.0,-0.8968600925570135
21.0,1.0,21.0,-0.9099991894673282
21.0,2.0,1.0,-0.09569832153994311
21.0,2.0,2.0,-0.07002706878333098
21.0,2.0,3.0,-0.059180290575783695
21.0,2.0,4.0,-0.015457008759029394
21.0,2.0,5.0,-0.004545613024679815
21.0,2.0,6.0,0.2456107571358352
21.0,2.0,7.0,0.40505338214436765
21.0,2.0,8.0,0.3686929336704501
21.0,2.0,9.0,0.2714773440437669
21.0,2.0,10.0,0.21477551450283397
21.0,2.0,11.0,0.08665150779897281
21.0,2.0,12.0,0.0682037889326986
21.0,2.0,13.0,0.3599030411579426
21.0,2.0,14.0,0.5083472737613995
21.0,2.0,15.0,0.5589306179638319
21.0,2.0,16.0,0.6893908037405455
21.0,2.0,17.0,0.8933507676953227
21.0,2.0,18.0,0.8797815936002541
21.0,2.0,19.0,0.6372531016645734
21.0,2.0,20.0,0.07987602099665957
21.0,2.0,21.0,-0.10221300613651074
22.0,1.0,1.0,-0.6699739540255049
22.0,1.0,2.0,-0.6125588671133847
22.0,1.0,3.0,-0.5761906499316415
22.0,1.0,4.0,-0.550635581950036
22.0,1.0,5.0,-0.40484910291722503
22.0,1.0,6.0,0.12839528091894917
22.0,1.0,7.0,0.40721199436626887
22.0,1.0,8.0,0.4535651879838902
22.0,1.0,9.0,0.7439063522071495
22.0,1.0,10.0,0.8195508253921953
22.0,1.0,11.0,0.6247410534347972
22.0,1.0,12.0,0.5690412657187192
22.0,1.0,13.0,0.4692811850823483
22.0,1.0,14.0,0.35456056035909084
22.0,1.0,15.0,0.05633046431927182
22.0,1.0,16.0,-0.35644432504871776
22.0,1.0,17.0,-0.6056254823897672
22.0,1.0,18.0,-0.7290179126880588
22.0,1.0,19.0,-0.25253528762006144
22.0,1.0,20.0,0.21513008145790624
22.0,1.0,21.0,0.42305949020178174
22.0,2.0,1.0,-0.5015700428742913
22.0,2.0,2.0,-0.6148038037005817
22.0,2.0,3.0,-0.19693335700486578
22.0,2.0,4.0,0.39784482404317384
22.0,2.0,5.0,0.7859263462472938
22.0,2.0,6.0,0.7147775585288683
22.0,2.0,7.0,0.3432525381444348
22.0,2.0,8.0,0.4091173674152313
22.0,2.0,9.0,0.3478826015037011
22.0,2.0,10.0,0.1441507905847223
22.0,2.0,11.0,-0.011070742900600093
22.0,2.0,12.0,0.08948735623410178
22.0,2.0,13.0,0.42945837956099553
22.0,2.0,14.0,0.764316037112911
22.0,2.0,15.0,0.7396126034640421
22.0,2.0,16.0,0.5598977663180953
22.0,2.0,17.0,-0.23884260835044602
22.0,2.0,18.0,-0.38246101431748875
22.0,2.0,19.0,-0.00867674497798788
22.0,2.0,20.0,-0.08031664630099196
22.0,2.0,21.0,-0.2870796068166462
23.0,1.0,1.0,0.09646144281067698
23.0,1.0,2.0,0.061208204920115895
23.0,1.0,3.0,0.3616393050167094
23.0,1.0,4.0,0.6196314012780498
23.0,1.0,5.0,0.5953448059772931
23.0,1.0,6.0,0.5361948542680864
23.0,1.0,7.0,0.40564588773610744
23.0,1.0,8.0,0.487750292498865
23.0,1.0,9.0,0.613137547659733
23.0,1.0,10.0,0.6454866308289922
23.0,1.0,11.0,0.4522758952459649
23.0,1.0,12.0,0.49304829839939096
23.0,1.0,13.0,0.46806582461249757
23.0,1.0,14.0,0.21829409482609355
23.0,1.0,15.0,0.04813331009296788
23.0,1.0,16.0,0.0008063447836202858
23.0,1.0,17.0,0.24266239765302106
23.0,1.0,18.0,0.35082220171208733
23.0,1.0,19.0,0.3459417371853511
23.0,1.0,20.0,0.29637881378987563
23.0,1.0,21.0,0.4026948522299488
23.0,2.0,1.0,-0.6684962471706946
23.0,2.0,2.0,-0.8790019345681115
23.0,2.0,3.0,-0.7066957451934401
23.0,2.0,4.0,-0.5313350724161506
23.0,2.0,5.0,-0.29673393639646717
23.0,2.0,6.0,0.24420052607140544
23.0,2.0,7.0,0.41589143749204227
23.0,2.0,8.0,0.43513729338953705
23.0,2.0,9.0,0.384655494025596
23.0,2.0,10.0,0.18512271408489886
23.0,2.0,11.0,-0.006448231421648895
23.0,2.0,12.0,0.15608952636786808
23.0,2.0,13.0,0.4885007548197528
23.0,2.0,14.0,0.5092317715036871
23.0,2.0,15.0,0.5731442921476151
23.0,2.0,16.0,0.7355780413310196
23.0,2.0,17.0,0.6970598614492011
23.0,2.0,18.0,0.44458834762298177
23.0,2.0,19.0,0.28227725073352855
23.0,2.0,20.0,-0.10630053581466918
23.0,2.0,21.0,-0.5312524557437454
24.0,1.0,1.0,0.5262685497839165
24.0,1.0,2.0,0.9132684880070245
24.0,1.0,3.0,1.0279833380849634
24.0,1.0,4.0,0.7808508507217573
24.0,1.0,5.0,0.8214858896151732
24.0,1.0,6.0,0.6253142014685118
24.0,1.0,7.0,0.4171069271071503
24.0,1.0,8.0,0.4822274989916001
24.0,1.0,9.0,0.6134997182039595
24.0,1.0,10.0,0.5473091906776019
24.0,1.0,11.0,0.5652402874082672
24.0,1.0,12.0,0.6443233849107667
24.0,1.0,13.0,0.46009226527062025
24.0,1.0,14.0,0.31389238176893514
24.0,1.0,15.0,0.16179684061215624
24.0,1.0,16.0,0.015749932896510204
24.0,1.0,17.0,-0.14519534083165142
24.0,1.0,18.0,-0.4126808492807814
24.0,1.0,19.0,-0.737483801115459
24.0,1.0,20.0,-0.8714098146694151
24.0,1.0,21.0,-0.833512644337216
24.0,2.0,1.0,-0.10528469158292211
24.0,2.0,2.0,-0.03239809359270622
24.0,2.0,3.0,0.016960569392821895
24.0,2.0,4.0,0.28814394038213786
24.0,2.0,5.0,0.47987614058596256
24.0,2.0,6.0,0.4956207461092807
24.0,2.0,7.0,0.3783358989246109
24.0,2.0,8.0,0.4084353453489365
24.0,2.0,9.0,0.37319147268111624
24.0,2.0,10.0,0.28517435733055585
24.0,2.0,11.0,0.1377381647844534
24.0,2.0,12.0,0.0996714623280327
24.0,2.0,13.0,0.2973482142392461
24.0,2.0,14.0,0.527339068247915
24.0,2.0,15.0,0.5860242425835003
24.0,2.0,16.0,0.7817680323386487
24.0,2.0,17.0,1.045625699878109
24.0,2.0,18.0,0.9019785313766454
24.0,2.0,19.0,0.7297965954435844
24.0,2.0,20.0,0.7165003314433926
24.0,2.0,21.0,0.9269559950233761
25.0,1.0,1.0,-0.07632155560545548
25.0,1.0,2.0,-0.24762881844761217
25.0,1.0,3.0,-0.3047646135498852
25.0,1.0,4.0,-0.22640341080905116
25.0,1.0,5.0,0.0772095730899491
25.0,1.0,6.0,0.5068437852292179
25.0,1.0,7.0,0.6839523105310823
25.0,1.0,8.0,0.7074555793360181
25.0,1.0,9.0,0.6274865021140087
25.0,1.0,10.0,0.7438914438780764
25.0,1.0,11.0,0.6751698516107719
25.0,1.0,12.0,0.5452540776631234
25.0,1.0,13.0,0.5493353931682533
25.0,1.0,14.0,0.3164289566642783
25.0,1.0,15.0,0.18723407484187204
25.0,1.0,16.0,0.3721860359019746
25.0,1.0,17.0,0.857392337936435
25.0,1.0,18.0,1.418252150611853
25.0,1.0,19.0,1.2878060327628966
25.0,1.0,20.0,1.1009072508492403
25.0,1.0,21.0,1.01430571801929
25.0,2.0,1.0,0.02305675822436297
25.0,2.0,2.0,-0.11672947946933021
25.0,2.0,3.0,-0.4647871450202199
25.0,2.0,4.0,-0.6633594341762984
25.0,2.0,5.0,-0.7259157257324749
25.0,2.0,6.0,-0.04137992370325568
25.0,2.0,7.0,0.34850722882720947
25.0,2.0,8.0,0.35870163020714463
25.0,2.0,9.0,0.3815946806428868
25.0,2.0,10.0,0.30928567373955024
25.0,2.0,11.0,0.02217571644556771
25.0,2.0,12.0,0.047560334614509245
25.0,2.0,13.0,0.5246551187892907
25.0,2.0,14.0,0.6206780561177404
25.0,2.0,15.0,0.7881886436772579
25.0,2.0,16.0,0.632553512845572
25.0,2.0,17.0,0.25944103762573156
25.0,2.0,18.0,0.10719009615084876
25.0,2.0,19.0,0.0423317419111717
25.0,2.0,20.0,-0.019240199293821595
25.0,2.0,21.0,0.08748290882339708
26.0,1.0,1.0,-0.6832512271596298
26.0,1.0,2.0,-0.8438719957873212
26.0,1.0,3.0,-0.5680456054426621
26.0,1.0,4.0,0.03855587900391073
26.0,1.0,5.0,0.28607494024816243
26.0,1.0,6.0,0.4093386583696783
26.0,1.0,7.0,0.5491113760694439
26.0,1.0,8.0,0.4481236587755202
26.0,1.0,9.0,0.597553541205605
26.0,1.0,10.0,0.6608769512427601
26.0,1.0,11.0,0.5129168714665885
26.0,1.0,12.0,0.5739784929968454
26.0,1.0,13.0,0.46761793224817627
26.0,1.0,14.0,0.3468467304342367
26.0,1.0,15.0,0.13909636993421684
26.0,1.0,16.0,-0.2670534004844824
26.0,1.0,17.0,-0.54935883828194
26.0,1.0,18.0,-0.5866092747679935
26.0,1.0,19.0,-0.5142652433748578
26.0,1.0,20.0,-0.24729776778239293
26.0,1.0,21.0,-0.11306638136289271
26.0,2.0,1.0,0.20811769122032736
26.0,2.0,2.0,0.3152272934326267
26.0,2.0,3.0,0.6932981768270166
26.0,2.0,4.0,0.9879315828135264
26.0,2.0,5.0,1.0306882501760255
26.0,2.0,6.0,0.5871866635324743
26.0,2.0,7.0,0.4698640735176669
26.0,2.0,8.0,0.5656545071099583
26.0,2.0,9.0,0.44154625574196926
26.0,2.0,10.0,0.32018176154197286
26.0,2.0,11.0,0.15011232027498803
26.0,2.0,12.0,0.12365434158691686
26.0,2.0,13.0,0.3948018992332162
26.0,2.0,14.0,0.6750667815700129
26.0,2.0,15.0,0.7769302378277512
26.0,2.0,16.0,0.47512606587630485
26.0,2.0,17.0,0.2866848353902489
26.0,2.0,18.0,0.22333173207824597
26.0,2.0,19.0,-0.15326371956193538
26.0,2.0,20.0,-0.31638250280867547
26.0,2.0,21.0,-0.372294271896514
27.0,1.0,1.0,0.11314174920001276
27.0,1.0,2.0,0.41521754327512034
27.0,1.0,3.0,0.7719465341488685
27.0,1.0,4.0,0.7253499536536788
27.0,1.0,5.0,0.8598374276727085
27.0,1.0,6.0,0.6961135275916044
27.0,1.0,7.0,0.47716535565695867
27.0,1.0,8.0,0.7105153347172484
27.0,1.0,9.0,0.8872462766136486
27.0,1.0,10.0,0.8362665395488533
27.0,1.0,11.0,0.8168744121334672
27.0,1.0,12.0,0.5401833566658513
27.0,1.0,13.0,0.4919229007826278
27.0,1.0,14.0,0.372483199076976
27.0,1.0,15.0,0.15265822243347535
27.0,1.0,16.0,-0.12604575059062592
27.0,1.0,17.0,-0.20645254954161074
27.0,1.0,18.0,-0.02655693297533185
27.0,1.0,19.0,0.1437518158108618
27.0,1.0,20.0,0.4765133213202767
27.0,1.0,21.0,0.4643954552646906
27.0,2.0,1.0,0.5517163208330549
27.0,2.0,2.0,0.7164719107884656
27.0,2.0,3.0,0.3732069452866604
27.0,2.0,4.0,0.22821919576804028
27.0,2.0,5.0,0.16902723766808803
27.0,2.0,6.0,0.28214118228856433
27.0,2.0,7.0,0.3375711308994805
27.0,2.0,8.0,0.4679840784348428
27.0,2.0,9.0,0.40438381730654965
27.0,2.0,10.0,0.21273122808980316
27.0,2.0,11.0,0.12456041261501832
27.0,2.0,12.0,0.10374709890088546
27.0,2.0,13.0,0.3933746114849438
27.0,2.0,14.0,0.7194812347618694
27.0,2.0,15.0,0.7955263531058836
27.0,2.0,16.0,0.7201314884562133
27.0,2.0,17.0,1.0881908871934813
27.0,2.0,18.0,0.853756725365055
27.0,2.0,19.0,0.5804638666748047
27.0,2.0,20.0,0.7142797426104438
27.0,2.0,21.0,0.8122895261196298
28.0,1.0,1.0,0.3820269931016014
28.0,1.0,2.0,0.6156108018610515
28.0,1.0,3.0,0.43207576392033437
28.0,1.0,4.0,0.6107035325417487
28.0,1.0,5.0,0.7505678573713009
28.0,1.0,6.0,0.6947905535433672
28.0,1.0,7.0,0.5997249526402393
28.0,1.0,8.0,0.5479978909036164
28.0,1.0,9.0,0.609962554877071
28.0,1.0,10.0,0.5900995821468848
28.0,1.0,11.0,0.4721614165164639
28.0,1.0,12.0,0.4254271715903472
28.0,1.0,13.0,0.3089047561014208
28.0,1.0,14.0,0.33359341796791364
28.0,1.0,15.0,0.12668905101853484
28.0,1.0,16.0,0.06763998084371643
28.0,1.0,17.0,-0.08198080644481458
28.0,1.0,18.0,-0.25286958614891913
28.0,1.0,19.0,-0.33490681547645246
28.0,1.0,20.0,-0.05676504686259711
28.0,1.0,21.0,0.14668461535601338
28.0,2.0,1.0,-0.3513055610022726
28.0,2.0,2.0,-0.5874401773105217
28.0,2.0,3.0,-0.5773623689381057
28.0,2.0,4.0,-0.8905631333153965
28.0,2.0,5.0,-0.5498708387768353
28.0,2.0,6.0,-0.034852604234717845
28.0,2.0,7.0,0.20456465789892436
28.0,2.0,8.0,0.15606687326454835
28.0,2.0,9.0,0.2729897665825137
28.0,2.0,10.0,0.21528998652482045
28.0,2.0,11.0,0.15019648798162352
28.0,2.0,12.0,0.04131417096101889
28.0,2.0,13.0,0.31931319907290856
28.0,2.0,14.0,0.6163588790045421
28.0,2.0,15.0,0.5385343260043689
28.0,2.0,16.0,0.37261331844184936
28.0,2.0,17.0,0.13890763825408006
28.0,2.0,18.0,-0.17951927961404932
28.0,2.0,19.0,-0.460756181171465
28.0,2.0,20.0,-0.668449946055072
28.0,2.0,21.0,-0.5408869282355803
29.0,1.0,1.0,-0.1898557216614832
29.0,1.0,2.0,-0.18585016936140814
29.0,1.0,3.0,-0.0683186224322871
29.0,1.0,4.0,-0.0244992145995421
29.0,1.0,5.0,0.19922351306352062
29.0,1.0,6.0,0.5036778777245344
29.0,1.0,7.0,0.5844041904909975
29.0,1.0,8.0,0.5599593239904496
29.0,1.0,9.0,0.5299701498042229
29.0,1.0,10.0,0.5449920315827628
29.0,1.0,11.0,0.6189337068049579
29.0,1.0,12.0,0.5582543441816961
29.0,1.0,13.0,0.6352714975310014
29.0,1.0,14.0,0.28384886394522296
29.0,1.0,15.0,0.19108029711096217
29.0,1.0,16.0,0.4944286592742831
29.0,1.0,17.0,0.7766179308325777
29.0,1.0,18.0,0.7783250492508712
29.0,1.0,19.0,0.5056941974715079
29.0,1.0,20.0,0.31743448020699
29.0,1.0,21.0,0.15382126478898478
29.0,2.0,1.0,0.5445772108807655
29.0,2.0,2.0,0.8330681256933299
29.0,2.0,3.0,0.9314987654877885
29.0,2.0,4.0,0.8125342258322844
29.0,2.0,5.0,0.7962337734482551
29.0,2.0,6.0,0.6111983176705006
29.0,2.0,7.0,0.47181640095696825
29.0,2.0,8.0,0.5173894042929578
29.0,2.0,9.0,0.33785413835744066
29.0,2.0,10.0,0.24527504219703053
29.0,2.0,11.0,0.024903724890256527
29.0,2.0,12.0,0.14631588312874086
29.0,2.0,13.0,0.48769760520106625
29.0,2.0,14.0,0.48534587636158116
29.0,2.0,15.0,0.7026040863488628
29.0,2.0,16.0,0.7986912366588695
29.0,2.0,17.0,0.6240934045107284
29.0,2.0,18.0,0.6308581961178049
29.0,2.0,19.0,0.44785468769493497
29.0,2.0,20.0,0.5094399431399597
29.0,2.0,21.0,0.6288714482951521
30.0,1.0,1.0,-0.06378645294872312
30.0,1.0,2.0,-0.04402462341179429
30.0,1.0,3.0,0.03798373133282198
30.0,1.0,4.0,0.05035929531756938
30.0,1.0,5.0,0.15995086845617076
30.0,1.0,6.0,0.5007318052740398
30.0,1.0,7.0,0.50522840535843
30.0,1.0,8.0,0.4549940877906684
30.0,1.0,9.0,0.7283950335421849
30.0,1.0,10.0,0.7486210180832958
30.0,1.0,11.0,0.5467235778041957
30.0,1.0,12.0,0.5457345721625919
30.0,1.0,13.0,0.4590505911961693
30.0,1.0,14.0,0.28488185476949485
30.0,1.0,15.0,0.12045539751092282
30.0,1.0,16.0,-0.18024668669598373
30.0,1.0,17.0,-0.2663294773645158
30.0,1.0,18.0,0.09052286805287142
30.0,1.0,19.0,0.606010131041265
30.0,1.0,20.0,0.9676447542775495
30.0,1.0,21.0,0.986563903609885
30.0,2.0,1.0,0.05582273497462517
30.0,2.0,2.0,0.24604315897145967
30.0,2.0,3.0,0.40967045520278644
30.0,2.0,4.0,0.5032607700454346
30.0,2.0,5.0,0.35105558011363663
30.0,2.0,6.0,0.34339069780128945
30.0,2.0,7.0,0.3044936506383264
30.0,2.0,8.0,0.3371807954734704
30.0,2.0,9.0,0.4817171658780574
30.0,2.0,10.0,0.37780202748760244
30.0,2.0,11.0,0.06781396617350326
30.0,2.0,12.0,0.08973534438462226
30.0,2.0,13.0,0.3754359888202788
30.0,2.0,14.0,0.643134128951451
30.0,2.0,15.0,0.7545708075696498
30.0,2.0,16.0,0.9014241294569667
30.0,2.0,17.0,0.9966405187132752
30.0,2.0,18.0,0.9127808003038117
30.0,2.0,19.0,0.48907353299692696
30.0,2.0,20.0,0.3339039718253317
30.0,2.0,21.0,0.21010158144760485
31.0,1.0,1.0,0.19239775776239176
31.0,1.0,2.0,0.16639274117194203
31.0,1.0,3.0,0.2841805794691621
31.0,1.0,4.0,0.38831277506534023
31.0,1.0,5.0,0.3367960003112108
31.0,1.0,6.0,0.3558546363803345
31.0,1.0,7.0,0.4289207832502544
31.0,1.0,8.0,0.4640975053135
31.0,1.0,9.0,0.45111743868100185
31.0,1.0,10.0,0.5081547796202377
31.0,1.0,11.0,-0.06916314592533755
31.0,1.0,12.0,-0.5913523387754378
31.0,1.0,13.0,-0.6891586841257505
31.0,1.0,14.0,-0.35491994286726336
31.0,1.0,15.0,-0.3796389079592357
31.0,1.0,16.0,-0.7775958407938751
31.0,1.0,17.0,-1.0710912169222335
31.0,1.0,18.0,-1.1815753490643874
31.0,1.0,19.0,-1.1326553975800144
31.0,1.0,20.0,-1.0306122553835741
31.0,1.0,21.0,-1.067071433669711
31.0,2.0,1.0,0.020744406854530294
31.0,2.0,2.0,0.04008113757435298
31.0,2.0,3.0,0.3419929059006833
31.0,2.0,4.0,0.6684747372204703
31.0,2.0,5.0,0.6859725500279445
31.0,2.0,6.0,0.6860885620159853
31.0,2.0,7.0,0.33359414467437126
31.0,2.0,8.0,0.3101713313680784
31.0,2.0,9.0,0.29161713201157546
31.0,2.0,10.0,0.28345944608874263
31.0,2.0,11.0,0.38810642347038216
31.0,2.0,12.0,-0.017113242236329023
31.0,2.0,13.0,-0.35273518670698256
31.0,2.0,14.0,-0.3407439077928851
31.0,2.0,15.0,-0.5144239932383634
31.0,2.0,16.0,-0.4351874411875129
31.0,2.0,17.0,-0.2155717596686598
31.0,2.0,18.0,-0.10544995960588693
31.0,2.0,19.0,-0.11809962860890486
31.0,2.0,20.0,0.03443117575377254
31.0,2.0,21.0,0.022804335002123977
32.0,1.0,1.0,0.4435801145192853
32.0,1.0,2.0,0.4147360300138656
32.0,1.0,3.0,0.7694200635679591
32.0,1.0,4.0,1.0083083586777155
32.0,1.0,5.0,1.1187421933620865
32.0,1.0,6.0,0.9581762263814931
32.0,1.0,7.0,0.635551871184147
32.0,1.0,8.0,0.5692847093403642
32.0,1.0,9.0,0.6541943458420013
32.0,1.0,10.0,0.6551491520880544
32.0,1.0,11.0,-0.1140247225937237
32.0,1.0,12.0,-0.6049035220623638
32.0,1.0,13.0,-0.5621393392069648
32.0,1.0,14.0,-0.4447085815999591
32.0,1.0,15.0,-0.3257036381668107
32.0,1.0,16.0,-0.4499677934347216
32.0,1.0,17.0,-0.5459193653239316
32.0,1.0,18.0,-0.6855156969695795
32.0,1.0,19.0,-1.0085190972311597
32.0,1.0,20.0,-1.0404165884211414
32.0,1.0,21.0,-0.7361936132060668
32.0,2.0,1.0,0.21290118377976042
32.0,2.0,2.0,0.3317376880860057
32.0,2.0,3.0,0.42957352526855963
32.0,2.0,4.0,0.6660232307498811
32.0,2.0,5.0,0.7845816931458555
32.0,2.0,6.0,0.6353083280478584
32.0,2.0,7.0,0.5127991258140451
32.0,2.0,8.0,0.5152365856318691
32.0,2.0,9.0,0.4027215815505597
32.0,2.0,10.0,0.25541373599621825
32.0,2.0,11.0,0.12726479830619528
32.0,2.0,12.0,-0.07495508076683981
32.0,2.0,13.0,-0.3449623861639306
32.0,2.0,14.0,-0.5349091723791086
32.0,2.0,15.0,-0.5240004936004533
32.0,2.0,16.0,-0.5682685684219286
32.0,2.0,17.0,-0.4820008916428007
32.0,2.0,18.0,-0.22866387103328426
32.0,2.0,19.0,-0.17697188354975363
32.0,2.0,20.0,-0.3542330575696163
32.0,2.0,21.0,-0.3879568423413305
33.0,1.0,1.0,-0.07579090138740509
33.0,1.0,2.0,0.05158182654691323
33.0,1.0,3.0,0.1461411251051724
33.0,1.0,4.0,0.1439317109865047
33.0,1.0,5.0,0.25254296011203203
33.0,1.0,6.0,0.39310420787857325
33.0,1.0,7.0,0.5573746944708591
33.0,1.0,8.0,0.5641563417151942
33.0,1.0,9.0,0.5808223564484887
33.0,1.0,10.0,0.577764720160456
33.0,1.0,11.0,0.10582594156134519
33.0,1.0,12.0,-0.2862380193579068
33.0,1.0,13.0,-0.4142509601433149
33.0,1.0,14.0,-0.27698013358681794
33.0,1.0,15.0,-0.1145453556154097
33.0,1.0,16.0,0.2540261272759349
33.0,1.0,17.0,0.5757638670971623
33.0,1.0,18.0,0.5121368427283909
33.0,1.0,19.0,0.36791379453718953
33.0,1.0,20.0,0.6585919435803054
33.0,1.0,21.0,0.6898866499022704
33.0,2.0,1.0,0.6987562855354489
33.0,2.0,2.0,1.2002550048216472
33.0,2.0,3.0,1.1962798912678816
33.0,2.0,4.0,0.9376901644211094
33.0,2.0,5.0,0.9594590235933542
33.0,2.0,6.0,0.5841285009186246
33.0,2.0,7.0,0.5277080251344507
33.0,2.0,8.0,0.5570716599278321
33.0,2.0,9.0,0.4484744372002347
33.0,2.0,10.0,0.19583674384948044
33.0,2.0,11.0,0.27164484760659785
33.0,2.0,12.0,0.029428406941147917
33.0,2.0,13.0,-0.27880028267129336
33.0,2.0,14.0,-0.4005330733312648
33.0,2.0,15.0,-0.5394378288663906
33.0,2.0,16.0,-0.57817133232352
33.0,2.0,17.0,-0.5656918870588465
33.0,2.0,18.0,-0.3985787961855569
33.0,2.0,19.0,-0.1826820828415341
33.0,2.0,20.0,0.19757013163620032
33.0,2.0,21.0,0.26897751770256545
34.0,1.0,1.0,-0.1126110253602951
34.0,1.0,2.0,-0.2658369989616152
34.0,1.0,3.0,-0.520532354923595
34.0,1.0,4.0,-0.365858855394988
34.0,1.0,5.0,0.014326570572346832
34.0,1.0,6.0,0.3409751245988553
34.0,1.0,7.0,0.4372554298372646
34.0,1.0,8.0,0.5198297650197383
34.0,1.0,9.0,0.5306980198515054
34.0,1.0,10.0,0.5528031944030928
34.0,1.0,11.0,0.0313944676404753
34.0,1.0,12.0,-0.4742397294159216
34.0,1.0,13.0,-0.5307082481276657
34.0,1.0,14.0,-0.42548108145101704
34.0,1.0,15.0,-0.3390609445449481
34.0,1.0,16.0,-0.693154756011193
34.0,1.0,17.0,-1.0802153829054983
34.0,1.0,18.0,-1.0965081507600478
34.0,1.0,19.0,-1.1010768753985292
34.0,1.0,20.0,-1.0788005360335142
34.0,1.0,21.0,-0.875298754480527
34.0,2.0,1.0,-0.2899496886377606
34.0,2.0,2.0,-0.4601397965374966
34.0,2.0,3.0,-0.5709112656224612
34.0,2.0,4.0,-0.5972462666242679
34.0,2.0,5.0,-0.5018091559815142
34.0,2.0,6.0,0.18684714272300293
34.0,2.0,7.0,0.4489383762714303
34.0,2.0,8.0,0.43494372059627073
34.0,2.0,9.0,0.5269492447896418
34.0,2.0,10.0,0.4839719212340176
34.0,2.0,11.0,0.48115420310286394
34.0,2.0,12.0,0.09388262955672289
34.0,2.0,13.0,-0.21200676342204153
34.0,2.0,14.0,-0.3078478875030807
34.0,2.0,15.0,-0.2559546599154341
34.0,2.0,16.0,-0.10086398299708584
34.0,2.0,17.0,0.49447081908094065
34.0,2.0,18.0,0.9797261808632781
34.0,2.0,19.0,1.0259236225493404
34.0,2.0,20.0,1.3207091248593754
34.0,2.0,21.0,1.2751002871141406
35.0,1.0,1.0,-0.015049874043561654
35.0,1.0,2.0,0.23906595232268069
35.0,1.0,3.0,0.45982782150204055
35.0,1.0,4.0,0.6036509604493393
35.0,1.0,5.0,0.8598570583717651
35.0,1.0,6.0,0.8816737848650613
35.0,1.0,7.0,0.6089084188428191
35.0,1.0,8.0,0.6168901970980559
35.0,1.0,9.0,0.6360886275923463
35.0,1.0,10.0,0.5776038285848004
35.0,1.0,11.0,-0.08124642685511237
35.0,1.0,12.0,-0.49141305768725585
35.0,1.0,13.0,-0.3508421507889305
35.0,1.0,14.0,-0.3767401672905564
35.0,1.0,15.0,-0.23705060369226585
35.0,1.0,16.0,0.17201445087594674
35.0,1.0,17.0,0.37036909267850976
35.0,1.0,18.0,0.34115223285550456
35.0,1.0,19.0,0.7583919308463873
35.0,1.0,20.0,0.555397988616937
35.0,1.0,21.0,0.30158648417595835
35.0,2.0,1.0,-0.7438999037290506
35.0,2.0,2.0,-0.8214292314002513
35.0,2.0,3.0,-0.11369596225805874
35.0,2.0,4.0,0.4163745801858386
35.0,2.0,5.0,0.46061297074991125
35.0,2.0,6.0,0.4362977640828269
35.0,2.0,7.0,0.46164462750520363
35.0,2.0,8.0,0.4140672191180037
35.0,2.0,9.0,0.39034311522023823
35.0,2.0,10.0,0.3416795084293625
35.0,2.0,11.0,0.37986679491435144
35.0,2.0,12.0,0.11176149184026107
35.0,2.0,13.0,-0.19091998618808875
35.0,2.0,14.0,-0.5088011018286452
35.0,2.0,15.0,-0.5384628987081244
35.0,2.0,16.0,-0.5488746299342016
35.0,2.0,17.0,-0.4371744657006151
35.0,2.0,18.0,-0.06306034988909272
35.0,2.0,19.0,0.06771936721591368
35.0,2.0,20.0,0.1707355202410482
35.0,2.0,21.0,0.27545604212507796
36.0,1.0,1.0,-0.14919105777537858
36.0,1.0,2.0,-0.1547125487862501
36.0,1.0,3.0,0.017236255786946052
36.0,1.0,4.0,0.3684845569272379
36.0,1.0,5.0,0.46259249482790454
36.0,1.0,6.0,0.642770860887162
36.0,1.0,7.0,0.6996294526718657
36.0,1.0,8.0,0.5113285806684474
36.0,1.0,9.0,0.5330273759550432
36.0,1.0,10.0,0.4811648141375182
36.0,1.0,11.0,-0.03892728260981078
36.0,1.0,12.0,-0.551497772526566
36.0,1.0,13.0,-0.6279524484536642
36.0,1.0,14.0,-0.3940752429384662
36.0,1.0,15.0,-0.191199240120162
36.0,1.0,16.0,0.13599047517944166
36.0,1.0,17.0,0.22116866600740392
36.0,1.0,18.0,-0.03727794284749631
36.0,1.0,19.0,-0.18896346473897147
36.0,1.0,20.0,-0.5349217576600834
36.0,1.0,21.0,-0.9786540336080464
36.0,2.0,1.0,0.26164145221575075
36.0,2.0,2.0,0.4064149995130427
36.0,2.0,3.0,0.27271157419092795
36.0,2.0,4.0,0.10286961362930573
36.0,2.0,5.0,0.06429374057647141
36.0,2.0,6.0,0.27808747131741796
36.0,2.0,7.0,0.4915795502092688
36.0,2.0,8.0,0.4190643161599301
36.0,2.0,9.0,0.44760594118801206
36.0,2.0,10.0,0.5852236753460603
36.0,2.0,11.0,0.40604989461940855
36.0,2.0,12.0,0.06969951876758686
36.0,2.0,13.0,-0.3442074745503142
36.0,2.0,14.0,-0.4660694381768538
36.0,2.0,15.0,-0.48928791007851485
36.0,2.0,16.0,-0.3811375831590133
36.0,2.0,17.0,0.23587474614341708
36.0,2.0,18.0,0.45150959308710686
36.0,2.0,19.0,0.5255453458884203
36.0,2.0,20.0,0.7150920193266594
36.0,2.0,21.0,0.8056791990140444
37.0,1.0,1.0,-0.055547111048466824
37.0,1.0,2.0,-0.050113237273816974
37.0,1.0,3.0,0.3259348894665492
37.0,1.0,4.0,0.5713111437079735
37.0,1.0,5.0,0.7304327280358294
37.0,1.0,6.0,0.7797434873686575
37.0,1.0,7.0,0.7352450749233214
37.0,1.0,8.0,0.6269462971283136
37.0,1.0,9.0,0.550478146555981
37.0,1.0,10.0,0.518450865009806
37.0,1.0,11.0,-0.18244167070718972
37.0,1.0,12.0,-0.6356192463545922
37.0,1.0,13.0,-0.5497035363535593
37.0,1.0,14.0,-0.41480829115033724
37.0,1.0,15.0,-0.16537119788328794
37.0,1.0,16.0,0.42860545388885335
37.0,1.0,17.0,0.5651982750022699
37.0,1.0,18.0,0.4076162997127807
37.0,1.0,19.0,0.692193598495252
37.0,1.0,20.0,0.9907894506647693
37.0,1.0,21.0,0.9580860634870931
37.0,2.0,1.0,0.2893283957694986
37.0,2.0,2.0,0.26684627077170836
37.0,2.0,3.0,0.29213615019992284
37.0,2.0,4.0,0.3212773365609807
37.0,2.0,5.0,0.28276088742416394
37.0,2.0,6.0,0.42693974216838615
37.0,2.0,7.0,0.5101212888119173
37.0,2.0,8.0,0.5271699491326765
37.0,2.0,9.0,0.395300878495661
37.0,2.0,10.0,0.34162451560120144
37.0,2.0,11.0,0.43839810517378786
37.0,2.0,12.0,0.0404809210547503
37.0,2.0,13.0,-0.29498480442321595
37.0,2.0,14.0,-0.5014899533281298
37.0,2.0,15.0,-0.5367752679369352
37.0,2.0,16.0,-0.7826206475453575
37.0,2.0,17.0,-0.8149068590644627
37.0,2.0,18.0,-0.7814344647156949
37.0,2.0,19.0,-0.8074758319498296
37.0,2.0,20.0,-0.5820021172485307
37.0,2.0,21.0,-0.31371139136770504
38.0,1.0,1.0,-0.13628040477139106
38.0,1.0,2.0,-0.21946925829908015
38.0,1.0,3.0,-0.005591121532624234
38.0,1.0,4.0,0.3212878030679534
38.0,1.0,5.0,0.44653870053832756
38.0,1.0,6.0,0.6838200761240346
38.0,1.0,7.0,0.6154536707093468
38.0,1.0,8.0,0.5098104470809006
38.0,1.0,9.0,0.5996561930080959
38.0,1.0,10.0,0.6766267735813578
38.0,1.0,11.0,0.017174155616530688
38.0,1.0,12.0,-0.6630883262402111
38.0,1.0,13.0,-0.7079274178614952
38.0,1.0,14.0,-0.417362254334574
38.0,1.0,15.0,-0.14833537191104215
38.0,1.0,16.0,0.19977500188975666
38.0,1.0,17.0,0.45936991759153967
38.0,1.0,18.0,0.5305861036805631
38.0,1.0,19.0,0.7496559770516527
38.0,1.0,20.0,0.6451133014373076
38.0,1.0,21.0,0.636162182908918
38.0,2.0,1.0,-0.33955003438538567
38.0,2.0,2.0,-0.8740575103663513
38.0,2.0,3.0,-1.0277048064700773
38.0,2.0,4.0,-0.6888187734327892
38.0,2.0,5.0,-0.18948336108205902
38.0,2.0,6.0,0.3608971225180566
38.0,2.0,7.0,0.5260505444453757
38.0,2.0,8.0,0.5195733884892092
38.0,2.0,9.0,0.3285565517208296
38.0,2.0,10.0,0.37027892770837184
38.0,2.0,11.0,0.29078623425860306
38.0,2.0,12.0,-0.03331537296632486
38.0,2.0,13.0,-0.3521480397901653
38.0,2.0,14.0,-0.45471156707877575
38.0,2.0,15.0,-0.4747121605588809
38.0,2.0,16.0,-0.3604104753160356
38.0,2.0,17.0,0.011825098013285245
38.0,2.0,18.0,0.06536978274037507
38.0,2.0,19.0,0.010590699304610299
38.0,2.0,20.0,0.06175510554829405
38.0,2.0,21.0,0.03960452959599281
39.0,1.0,1.0,-0.6957430419308193
39.0,1.0,2.0,-1.0090126031990223
39.0,1.0,3.0,-0.9627708083965079
39.0,1.0,4.0,-0.818044886768119
39.0,1.0,5.0,-0.578437524734463
39.0,1.0,6.0,0.16230568507074394
39.0,1.0,7.0,0.3573048154993911
39.0,1.0,8.0,0.28031116887596097
39.0,1.0,9.0,0.42290665080027107
39.0,1.0,10.0,0.45955588324180857
39.0,1.0,11.0,-0.07777272952211242
39.0,1.0,12.0,-0.5716023090177367
39.0,1.0,13.0,-0.6170013406684327
39.0,1.0,14.0,-0.4052094704250278
39.0,1.0,15.0,-0.24273586003202052
39.0,1.0,16.0,0.26332448051213486
39.0,1.0,17.0,0.679017207513924
39.0,1.0,18.0,0.39016213094107505
39.0,1.0,19.0,0.04795152685645021
39.0,1.0,20.0,-0.027556110633923894
39.0,1.0,21.0,0.10399001169493141
39.0,2.0,1.0,0.4667789743345961
39.0,2.0,2.0,0.5905144116993793
39.0,2.0,3.0,0.5151721153325846
39.0,2.0,4.0,0.6918774367124435
39.0,2.0,5.0,0.8639994594952849
39.0,2.0,6.0,0.5047885914242928
39.0,2.0,7.0,0.4594747792815822
39.0,2.0,8.0,0.5207319199261448
39.0,2.0,9.0,0.5614087037363107
39.0,2.0,10.0,0.5805512400274664
39.0,2.0,11.0,0.39858898717269514
39.0,2.0,12.0,0.035863970768230446
39.0,2.0,13.0,-0.3524894771603369
39.0,2.0,14.0,-0.5123423793840726
39.0,2.0,15.0,-0.5131550913781532
39.0,2.0,16.0,-0.044832707081297204
39.0,2.0,17.0,0.5980153941040897
39.0,2.0,18.0,0.9767048161214634
39.0,2.0,19.0,1.2030556058965298
39.0,2.0,20.0,0.9604827336575873
39.0,2.0,21.0,1.001566482046876
40.0,1.0,1.0,-0.49224380979593085
40.0,1.0,2.0,-0.5023631811857485
40.0,1.0,3.0,-0.0553036196795801
40.0,1.0,4.0,0.44545845379576454
40.0,1.0,5.0,0.6486445743844228
40.0,1.0,6.0,0.5207986293823511
40.0,1.0,7.0,0.43574172064596195
40.0,1.0,8.0,0.40545901001269097
40.0,1.0,9.0,0.5948177314505838
40.0,1.0,10.0,0.4860474488870133
40.0,1.0,11.0,-0.031169579720398098
40.0,1.0,12.0,-0.5376242607773107
40.0,1.0,13.0,-0.5423115887230722
40.0,1.0,14.0,-0.4236323014718934
40.0,1.0,15.0,-0.22412836322523408
40.0,1.0,16.0,-0.08116366166039629
40.0,1.0,17.0,-0.3704074276171786
40.0,1.0,18.0,-0.3493773033114465
40.0,1.0,19.0,0.09147428407460555
40.0,1.0,20.0,0.20810863486481732
40.0,1.0,21.0,0.2814281534786404
40.0,2.0,1.0,-0.5650986495382796
40.0,2.0,2.0,-0.8357413157555634
40.0,2.0,3.0,-1.0081880404133907
40.0,2.0,4.0,-1.0317400180546883
40.0,2.0,5.0,-0.5853808611736796
40.0,2.0,6.0,0.18032530723834814
40.0,2.0,7.0,0.39008330239784433
40.0,2.0,8.0,0.541192745974197
40.0,2.0,9.0,0.6071562671935326
40.0,2.0,10.0,0.432469108580273
40.0,2.0,11.0,0.36701641619468
40.0,2.0,12.0,0.06050139421453353
40.0,2.0,13.0,-0.3304478836958562
40.0,2.0,14.0,-0.5288088424444447
40.0,2.0,15.0,-0.5707916727270246
40.0,2.0,16.0,-0.34312346523098014
40.0,2.0,17.0,0.1597786803257019
40.0,2.0,18.0,0.23623533901010213
40.0,2.0,19.0,0.39843463688321407
40.0,2.0,20.0,0.5322209044311295
40.0,2.0,21.0,0.7256493666123278
41.0,1.0,1.0,0.7045491792404793
41.0,1.0,2.0,1.0781057607455558
41.0,1.0,3.0,0.9985044968248048
41.0,1.0,4.0,1.0265637588794296
41.0,1.0,5.0,0.7499295399476987
41.0,1.0,6.0,0.45024717792163976
41.0,1.0,7.0,0.241993971603191
41.0,1.0,8.0,0.1609469697457762
41.0,1.0,9.0,-0.1464393498705839
41.0,1.0,10.0,-0.4351142605826935
41.0,1.0,11.0,-0.578193544697735
41.0,1.0,12.0,-0.5906202228387945
41.0,1.0,13.0,-0.5981373057600357
41.0,1.0,14.0,-0.4242599173640515
41.0,1.0,15.0,-0.23221570404357686
41.0,1.0,16.0,-0.1140896725558019
41.0,1.0,17.0,-0.003441679326721412
41.0,1.0,18.0,-0.03114512450840208
41.0,1.0,19.0,-0.18474743734701018
41.0,1.0,20.0,-0.3341948435470325
41.0,1.0,21.0,-0.4113587120350763
41.0,2.0,1.0,-0.4393771845784917
41.0,2.0,2.0,-0.6022935075194996
41.0,2.0,3.0,-0.3663144200025346
41.0,2.0,4.0,-0.33611403101365883
41.0,2.0,5.0,-0.4733821519097326
41.0,2.0,6.0,-0.4646025257586041
41.0,2.0,7.0,-0.5501216177667787
41.0,2.0,8.0,-0.51875092900952
41.0,2.0,9.0,-0.07490783034116233
41.0,2.0,10.0,0.41421267528500744
41.0,2.0,11.0,0.24000716914898762
41.0,2.0,12.0,-0.019793362008035796
41.0,2.0,13.0,-0.3328962600956204
41.0,2.0,14.0,-0.4754946875813953
41.0,2.0,15.0,-0.5328604902010498
41.0,2.0,16.0,-0.8691996320103339
41.0,2.0,17.0,-0.9740139414408187
41.0,2.0,18.0,-0.8992527341747532
41.0,2.0,19.0,-0.9176105229657777
41.0,2.0,20.0,-0.9211972283986534
41.0,2.0,21.0,-0.68757640098333
42.0,1.0,1.0,-0.11746166575146999
42.0,1.0,2.0,-0.20328176487262098
42.0,1.0,3.0,-0.22996259793951823
42.0,1.0,4.0,-0.11584479294681141
42.0,1.0,5.0,0.1514731525670277
42.0,1.0,6.0,0.11906652047451156
42.0,1.0,7.0,0.0768149126829308
42.0,1.0,8.0,0.19049489869561767
42.0,1.0,9.0,-0.06125740483526263
42.0,1.0,10.0,-0.4224595876702113
42.0,1.0,11.0,-0.47669779719866023
42.0,1.0,12.0,-0.48849582786511714
42.0,1.0,13.0,-0.5212200791646476
42.0,1.0,14.0,-0.38966360181440496
42.0,1.0,15.0,-0.22862225555198157
42.0,1.0,16.0,-0.015899330605795348
42.0,1.0,17.0,0.29824386656426766
42.0,1.0,18.0,0.5858807031839666
42.0,1.0,19.0,0.5783880652965465
42.0,1.0,20.0,0.4364806924184129
42.0,1.0,21.0,0.17647792371090495
42.0,2.0,1.0,0.2567428898683239
42.0,2.0,2.0,0.439220313857278
42.0,2.0,3.0,0.030457156141589583
42.0,2.0,4.0,-0.173943486005148
42.0,2.0,5.0,-0.20843994921619333
42.0,2.0,6.0,-0.4775026839919596
42.0,2.0,7.0,-0.6058611385695647
42.0,2.0,8.0,-0.7146702128813915
42.0,2.0,9.0,-0.3411026828585477
42.0,2.0,10.0,0.21688925727060668
42.0,2.0,11.0,0.21919574733006322
42.0,2.0,12.0,-0.007300356187271704
42.0,2.0,13.0,-0.3221605533084224
42.0,2.0,14.0,-0.47588671652519693
42.0,2.0,15.0,-0.5360350928635842
42.0,2.0,16.0,-0.7239314516094788
42.0,2.0,17.0,-0.9553577768441293
42.0,2.0,18.0,-1.1824967185215354
42.0,2.0,19.0,-0.9049060793025409
42.0,2.0,20.0,-0.4539285930816207
42.0,2.0,21.0,-0.3681517445174603
43.0,1.0,1.0,0.5917447797019554
43.0,1.0,2.0,0.8008423411956749
43.0,1.0,3.0,0.45740473557569417
43.0,1.0,4.0,0.18118874512968097
43.0,1.0,5.0,0.15859866575210424
43.0,1.0,6.0,0.1002896469277237
43.0,1.0,7.0,0.16744770200471404
43.0,1.0,8.0,0.08853290190955462
43.0,1.0,9.0,-0.21946695152510143
43.0,1.0,10.0,-0.586561227387348
43.0,1.0,11.0,-0.6844622925529038
43.0,1.0,12.0,-0.6186883234683568
43.0,1.0,13.0,-0.6134261695335431
43.0,1.0,14.0,-0.36023938239945685
43.0,1.0,15.0,-0.13880673537803476
43.0,1.0,16.0,0.2675150434882316
43.0,1.0,17.0,0.5660219940334293
43.0,1.0,18.0,0.7762025762441292
43.0,1.0,19.0,0.714770768590606
43.0,1.0,20.0,0.5972392949068847
43.0,1.0,21.0,0.5283123806594463
43.0,2.0,1.0,-0.5109625806403292
43.0,2.0,2.0,-0.7034004992922486
43.0,2.0,3.0,-0.7508804218957944
43.0,2.0,4.0,-0.5677673354857236
43.0,2.0,5.0,-0.770710666131577
43.0,2.0,6.0,-0.7786823175838005
43.0,2.0,7.0,-0.6720668404902505
43.0,2.0,8.0,-0.7194003146086492
43.0,2.0,9.0,-0.36685962485160684
43.0,2.0,10.0,0.2458934404939759
43.0,2.0,11.0,0.2901915426203741
43.0,2.0,12.0,-0.019123780853150186
43.0,2.0,13.0,-0.3158823703524192
43.0,2.0,14.0,-0.4458949193610888
43.0,2.0,15.0,-0.539248854222165
43.0,2.0,16.0,-0.5942184001161741
43.0,2.0,17.0,-0.23595966829939982
43.0,2.0,18.0,0.13992805691461319
43.0,2.0,19.0,0.08706071460377988
43.0,2.0,20.0,-0.04038134937219108
43.0,2.0,21.0,-0.059479619576925824
44.0,1.0,1.0,0.4478815276837361
44.0,1.0,2.0,0.7196637951521887
44.0,1.0,3.0,0.9392067369500893
44.0,1.0,4.0,0.935524361902914
44.0,1.0,5.0,0.7544591291166349
44.0,1.0,6.0,0.546197572572317
44.0,1.0,7.0,0.14848446168506896
44.0,1.0,8.0,0.19509343476879037
44.0,1.0,9.0,-0.03908674328287737
44.0,1.0,10.0,-0.45087750655735953
44.0,1.0,11.0,-0.6305518197388094
44.0,1.0,12.0,-0.6386223519335182
44.0,1.0,13.0,-0.6512649468287448
44.0,1.0,14.0,-0.43493618256160477
44.0,1.0,15.0,-0.1843561101411816
44.0,1.0,16.0,0.1375747817314333
44.0,1.0,17.0,0.4806583950593293
44.0,1.0,18.0,0.4482732617409844
44.0,1.0,19.0,0.3201236901822855
44.0,1.0,20.0,0.37388873914179693
44.0,1.0,21.0,0.4778776972430928
44.0,2.0,1.0,0.39964644756587037
44.0,2.0,2.0,0.4653905773528962
44.0,2.0,3.0,0.2520696499889887
44.0,2.0,4.0,0.12043057477956855
44.0,2.0,5.0,-0.3258611561618841
44.0,2.0,6.0,-0.726896933786837
44.0,2.0,7.0,-0.7897848260930332
44.0,2.0,8.0,-0.6232497346567225
44.0,2.0,9.0,-0.44428915662266144
44.0,2.0,10.0,0.0559547660015969
44.0,2.0,11.0,0.16773055149614383
44.0,2.0,12.0,-0.0482570062399902
44.0,2.0,13.0,-0.3952489963640438
44.0,2.0,14.0,-0.5459741595078588
44.0,2.0,15.0,-0.5506977303130609
44.0,2.0,16.0,-0.5077093772858391
44.0,2.0,17.0,-0.45198921515293505
44.0,2.0,18.0,-0.23353319745937107
44.0,2.0,19.0,0.02863873369968439
44.0,2.0,20.0,0.41250064416506865
44.0,2.0,21.0,0.6501871028768262
45.0,1.0,1.0,0.061939492653524296
45.0,1.0,2.0,0.1515469697964441
45.0,1.0,3.0,0.30903115725862207
45.0,1.0,4.0,0.6445974160107761
45.0,1.0,5.0,0.720654442778441
45.0,1.0,6.0,0.5267537345696469
45.0,1.0,7.0,0.34284284811952515
45.0,1.0,8.0,0.4823285307894705
45.0,1.0,9.0,0.09749021265674428
45.0,1.0,10.0,-0.30503871404751004
45.0,1.0,11.0,-0.6482604961750701
45.0,1.0,12.0,-0.6078708640779523
45.0,1.0,13.0,-0.537805123820695
45.0,1.0,14.0,-0.44019208577892904
45.0,1.0,15.0,-0.2886795939813419
45.0,1.0,16.0,-0.28367173002356466
45.0,1.0,17.0,-0.1896526794460871
45.0,1.0,18.0,0.02630426984878396
45.0,1.0,19.0,0.10818511413844305
45.0,1.0,20.0,0.23271258567484002
45.0,1.0,21.0,0.14658847770176325
45.0,2.0,1.0,-0.8512323200914755
45.0,2.0,2.0,-1.09235162633212
45.0,2.0,3.0,-0.9794455244073308
45.0,2.0,4.0,-1.1743608441929412
45.0,2.0,5.0,-1.1950846324030984
45.0,2.0,6.0,-1.1392479442440402
45.0,2.0,7.0,-0.7036909945390301
45.0,2.0,8.0,-0.47457129527296144
45.0,2.0,9.0,-0.0021221733463467076
45.0,2.0,10.0,0.49574528120068184
45.0,2.0,11.0,0.5034344747464394
45.0,2.0,12.0,0.038166517330858546
45.0,2.0,13.0,-0.27280194696345333
45.0,2.0,14.0,-0.5555823259939968
45.0,2.0,15.0,-0.5524062894577633
45.0,2.0,16.0,-0.5428695366760642
45.0,2.0,17.0,-0.2496794742775338
45.0,2.0,18.0,-0.057428443448183146
45.0,2.0,19.0,0.38031660139189727
45.0,2.0,20.0,0.4129219097900387
45.0,2.0,21.0,0.29610497307934314
46.0,1.0,1.0,0.6120408684560192
46.0,1.0,2.0,0.9718023311716595
46.0,1.0,3.0,0.8090201440128941
46.0,1.0,4.0,0.8425526132691459
46.0,1.0,5.0,0.9460653227534872
46.0,1.0,6.0,0.9282650715850052
46.0,1.0,7.0,0.5391345021410352
46.0,1.0,8.0,0.2979580168141587
46.0,1.0,9.0,0.09099192482249464
46.0,1.0,10.0,-0.45182625200143767
46.0,1.0,11.0,-0.49875114211577404
46.0,1.0,12.0,-0.5076130339063102
46.0,1.0,13.0,-0.4658960544528234
46.0,1.0,14.0,-0.4098598079675899
46.0,1.0,15.0,-0.29480789907984273
46.0,1.0,16.0,-0.452510227990246
46.0,1.0,17.0,-0.5517597766997292
46.0,1.0,18.0,-0.8886771594230289
46.0,1.0,19.0,-0.8912267713347498
46.0,1.0,20.0,-0.8466086562533717
46.0,1.0,21.0,-0.731318127531417
46.0,2.0,1.0,0.30680731119585186
46.0,2.0,2.0,0.43577706451904497
46.0,2.0,3.0,0.42529391475938344
46.0,2.0,4.0,0.1244766235754454
46.0,2.0,5.0,-0.1118301697255964
46.0,2.0,6.0,-0.48103160733319855
46.0,2.0,7.0,-0.5194315851175706
46.0,2.0,8.0,-0.5338750020645309
46.0,2.0,9.0,-0.2057694381940862
46.0,2.0,10.0,0.31224943599116517
46.0,2.0,11.0,0.3368635275562244
46.0,2.0,12.0,-0.021967537044161833
46.0,2.0,13.0,-0.2714760614984209
46.0,2.0,14.0,-0.5278161123145794
46.0,2.0,15.0,-0.5855524984121541
46.0,2.0,16.0,-0.3847262375888792
46.0,2.0,17.0,-0.24934245066336339
46.0,2.0,18.0,-0.22291880769234473
46.0,2.0,19.0,0.045869731094180306
46.0,2.0,20.0,0.4062945367945642
46.0,2.0,21.0,0.5769873093580202
47.0,1.0,1.0,0.6699441455336251
47.0,1.0,2.0,1.0763886511947718
47.0,1.0,3.0,1.264103217005664
47.0,1.0,4.0,1.1367760278520287
47.0,1.0,5.0,0.6568705232881428
47.0,1.0,6.0,0.16644139018367154
47.0,1.0,7.0,-0.012102925326646296
47.0,1.0,8.0,-0.029596611423160713
47.0,1.0,9.0,-0.13753381878707857
47.0,1.0,10.0,-0.314932275132877
47.0,1.0,11.0,-0.5647184042975105
47.0,1.0,12.0,-0.7364649403610585
47.0,1.0,13.0,-0.5701235653749953
47.0,1.0,14.0,-0.41035025490973887
47.0,1.0,15.0,-0.21157316523646696
47.0,1.0,16.0,-0.10143807846969985
47.0,1.0,17.0,-0.09101168152209464
47.0,1.0,18.0,0.004884679681205406
47.0,1.0,19.0,0.2589650605266079
47.0,1.0,20.0,0.31705302615361486
47.0,1.0,21.0,0.3096739286847363
47.0,2.0,1.0,-0.17855135676660944
47.0,2.0,2.0,-0.14330692110931925
47.0,2.0,3.0,0.08829463048324582
47.0,2.0,4.0,0.04488122621982759
47.0,2.0,5.0,0.012122327716824139
47.0,2.0,6.0,-0.48235662115370226
47.0,2.0,7.0,-0.6634691548118531
47.0,2.0,8.0,-0.694998321466713
47.0,2.0,9.0,-0.586108900169631
47.0,2.0,10.0,-0.10681280357088532
47.0,2.0,11.0,0.045334526740922414
47.0,2.0,12.0,-0.07424533145457016
47.0,2.0,13.0,-0.2963528606425654
47.0,2.0,14.0,-0.4972608048162974
47.0,2.0,15.0,-0.5512999065117992
47.0,2.0,16.0,-0.4323031031094873
47.0,2.0,17.0,-0.5182450425286316
47.0,2.0,18.0,-0.23006282730555386
47.0,2.0,19.0,-0.07618519967884753
47.0,2.0,20.0,-0.20420553280721543
47.0,2.0,21.0,-0.1298882271319091
48.0,1.0,1.0,0.5688148219200364
48.0,1.0,2.0,0.670400273197495
48.0,1.0,3.0,0.5779914601891573
48.0,1.0,4.0,0.191514498630673
48.0,1.0,5.0,0.11667178636161117
48.0,1.0,6.0,-0.11173050395448528
48.0,1.0,7.0,-0.13778337870313476
48.0,1.0,8.0,-0.14124250684116169
48.0,1.0,9.0,-0.2026630436380623
48.0,1.0,10.0,-0.4975816874555823
48.0,1.0,11.0,-0.6128937853247701
48.0,1.0,12.0,-0.6248206087573949
48.0,1.0,13.0,-0.51088524235584
48.0,1.0,14.0,-0.46306854692350463
48.0,1.0,15.0,-0.2921749115002266
48.0,1.0,16.0,-0.20306424977880025
48.0,1.0,17.0,-0.14616183534281263
48.0,1.0,18.0,-0.18603159003721267
48.0,1.0,19.0,-0.13021488672764808
48.0,1.0,20.0,-0.35882843606979303
48.0,1.0,21.0,-0.4718089903799787
48.0,2.0,1.0,-0.5086957628644933
48.0,2.0,2.0,-0.6774451516074632
48.0,2.0,3.0,-0.5570917676692781
48.0,2.0,4.0,-0.5921961022684104
48.0,2.0,5.0,-0.5179077206598508
48.0,2.0,6.0,-0.6690467588365183
48.0,2.0,7.0,-0.6469586980327275
48.0,2.0,8.0,-0.6687431393793385
48.0,2.0,9.0,-0.13696695784181154
48.0,2.0,10.0,0.16118328644386534
48.0,2.0,11.0,0.09026901641540323
48.0,2.0,12.0,-0.03995410657179147
48.0,2.0,13.0,-0.3275167281974792
48.0,2.0,14.0,-0.5510039471784871
48.0,2.0,15.0,-0.4718603071253266
48.0,2.0,16.0,-0.03735734161324326
48.0,2.0,17.0,0.8009756525790432
48.0,2.0,18.0,0.9407482967710482
48.0,2.0,19.0,1.0173023911952437
48.0,2.0,20.0,0.8167912940762609
48.0,2.0,21.0,0.6836621080298495
49.0,1.0,1.0,-0.7092717956212737
49.0,1.0,2.0,-0.9639634044921562
49.0,1.0,3.0,-1.2009513113643655
49.0,1.0,4.0,-1.1791834693386287
49.0,1.0,5.0,-0.9120933475980323
49.0,1.0,6.0,-0.31604268178123446
49.0,1.0,7.0,-0.14621432817994345
49.0,1.0,8.0,0.17169533607120452
49.0,1.0,9.0,0.041800187614260444
49.0,1.0,10.0,-0.4127972218678913
49.0,1.0,11.0,-0.7087730871846952
49.0,1.0,12.0,-0.7399401141227764
49.0,1.0,13.0,-0.6005802646085535
49.0,1.0,14.0,-0.35810864475346543
49.0,1.0,15.0,-0.25260188806109146
49.0,1.0,16.0,-0.28069799382031085
49.0,1.0,17.0,-0.34552012970622864
49.0,1.0,18.0,-0.3274232756169543
49.0,1.0,19.0,-0.522597833902839
49.0,1.0,20.0,-0.46634493010763667
49.0,1.0,21.0,-0.2515860636187736
49.0,2.0,1.0,0.1441689014560644
49.0,2.0,2.0,0.21443187085421475
49.0,2.0,3.0,0.043151186776296396
49.0,2.0,4.0,0.11264550696148366
49.0,2.0,5.0,0.060481770825926345
49.0,2.0,6.0,-0.4023092243919207
49.0,2.0,7.0,-0.6928432206671005
49.0,2.0,8.0,-0.6182787558730011
49.0,2.0,9.0,-0.18345370919354612
49.0,2.0,10.0,0.2353764838956357
49.0,2.0,11.0,0.2874962385193688
49.0,2.0,12.0,0.025054871889159627
49.0,2.0,13.0,-0.2945590048112714
49.0,2.0,14.0,-0.4389873733471185
49.0,2.0,15.0,-0.6794737630965303
49.0,2.0,16.0,-0.7915424895087325
49.0,2.0,17.0,-1.0033227402701803
49.0,2.0,18.0,-0.9084693003358805
49.0,2.0,19.0,-0.7980940112137583
49.0,2.0,20.0,-0.5308506304802278
49.0,2.0,21.0,-0.6010536854375782
50.0,1.0,1.0,0.42960838035484394
50.0,1.0,2.0,0.49942910704821697
50.0,1.0,3.0,0.24833323747334052
50.0,1.0,4.0,-0.04773317534015071
50.0,1.0,5.0,0.1211537493039485
50.0,1.0,6.0,0.2192666204010191
50.0,1.0,7.0,0.25234566840269557
50.0,1.0,8.0,0.22759310282036274
50.0,1.0,9.0,-0.07921047417530169
50.0,1.0,10.0,-0.46979664543903205
50.0,1.0,11.0,-0.5849841983488976
50.0,1.0,12.0,-0.6219722833614111
50.0,1.0,13.0,-0.6848793087539692
50.0,1.0,14.0,-0.4068346300963328
50.0,1.0,15.0,-0.23531576992507655
50.0,1.0,16.0,0.014794286927044578
50.0,1.0,17.0,0.3535679048927625
50.0,1.0,18.0,0.5180868785075704
50.0,1.0,19.0,0.47506431420492645
50.0,1.0,20.0,0.26168108290367725
50.0,1.0,21.0,-0.06324416131046146
50.0,2.0,1.0,0.2541399177808844
50.0,2.0,2.0,0.4563973230677215
50.0,2.0,3.0,0.35323928005889826
50.0,2.0,4.0,0.2822087773396602
50.0,2.0,5.0,0.10437321020502126
50.0,2.0,6.0,-0.33669427052290124
50.0,2.0,7.0,-0.6366071918591051
50.0,2.0,8.0,-0.7086401730399828
50.0,2.0,9.0,-0.2502141934035453
50.0,2.0,10.0,0.3480590805412749
50.0,2.0,11.0,0.2900161828861349
50.0,2.0,12.0,-0.07896055274251118
50.0,2.0,13.0,-0.42990104604468526
50.0,2.0,14.0,-0.5765687974519909
50.0,2.0,15.0,-0.6466442560188833
50.0,2.0,16.0,-0.4425720979701215
50.0,2.0,17.0,-0.38849802336271794
50.0,2.0,18.0,-0.40906765838403564
50.0,2.0,19.0,-0.5005049388923456
50.0,2.0,20.0,-0.8171456500383738
50.0,2.0,21.0,-0.9012084942617042
51.0,1.0,1.0,-0.44156046724914605
51.0,1.0,2.0,-0.547612366783971
51.0,1.0,3.0,-0.8186075055332874
51.0,1.0,4.0,-0.6965212777051522
51.0,1.0,5.0,-0.27924301646144606
51.0,1.0,6.0,0.0642880847580053
51.0,1.0,7.0,0.1642697097169709
51.0,1.0,8.0,-0.03530970393966035
51.0,1.0,9.0,-0.2843199391883931
51.0,1.0,10.0,-0.7478680454943956
51.0,1.0,11.0,-0.7226822793887563
51.0,1.0,12.0,-0.6451829495794531
51.0,1.0,13.0,-0.5396139213456911
51.0,1.0,14.0,-0.37046439149653715
51.0,1.0,15.0,-0.35211916063413745
51.0,1.0,16.0,-0.6476883416362483
51.0,1.0,17.0,-1.1765869683999182
51.0,1.0,18.0,-1.1110131372609626
51.0,1.0,19.0,-1.1463857404590492
51.0,1.0,20.0,-1.0635543674908
51.0,1.0,21.0,-0.8205409561098986
51.0,2.0,1.0,-0.5747086833812503
51.0,2.0,2.0,-0.5860698985887415
51.0,2.0,3.0,-0.4494648783994363
51.0,2.0,4.0,-0.6491909213144025
51.0,2.0,5.0,-0.751797894664313
51.0,2.0,6.0,-0.9143023403625498
51.0,2.0,7.0,-0.7223153665233171
51.0,2.0,8.0,-0.46418100015645086
51.0,2.0,9.0,-0.09181388190764876
51.0,2.0,10.0,0.3470640995511281
51.0,2.0,11.0,0.2974149240985223
51.0,2.0,12.0,0.004990340048381754
51.0,2.0,13.0,-0.3074332869446638
51.0,2.0,14.0,-0.41699762148971864
51.0,2.0,15.0,-0.5681826982439656
51.0,2.0,16.0,-0.1645314079621131
51.0,2.0,17.0,0.2255702775079973
51.0,2.0,18.0,0.34577413017864916
51.0,2.0,19.0,0.6100458248119308
51.0,2.0,20.0,0.623601057505449
51.0,2.0,21.0,0.7090432512859334
52.0,1.0,1.0,-0.501593457772902
52.0,1.0,2.0,-0.4327960064768264
52.0,1.0,3.0,-0.29821038026400415
52.0,1.0,4.0,-0.14941753723663168
52.0,1.0,5.0,0.04334300223731933
52.0,1.0,6.0,0.06282796750088969
52.0,1.0,7.0,0.17366482292739457
52.0,1.0,8.0,0.22093000567943455
52.0,1.0,9.0,-0.07599664622907985
52.0,1.0,10.0,-0.5757403024707393
52.0,1.0,11.0,-0.7729659795586775
52.0,1.0,12.0,-0.6254986034544612
52.0,1.0,13.0,-0.438310214893014
52.0,1.0,14.0,-0.21868524784791465
52.0,1.0,15.0,-0.17467035144696402
52.0,1.0,16.0,0.14422443092201725
52.0,1.0,17.0,0.2050842710397229
52.0,1.0,18.0,0.12898387428705843
52.0,1.0,19.0,0.12486912347395435
52.0,1.0,20.0,0.08668287818487291
52.0,1.0,21.0,-0.20783606489274228
52.0,2.0,1.0,0.42532493950108197
52.0,2.0,2.0,0.7061888547597284
52.0,2.0,3.0,0.8014922043928674
52.0,2.0,4.0,0.4289615960644738
52.0,2.0,5.0,-0.04774820865578727
52.0,2.0,6.0,-0.5657991221710855
52.0,2.0,7.0,-0.6663171516910043
52.0,2.0,8.0,-0.47459924419167465
52.0,2.0,9.0,-0.0331058569131943
52.0,2.0,10.0,0.45792017403474106
52.0,2.0,11.0,0.37874041840242983
52.0,2.0,12.0,0.07040175740881643
52.0,2.0,13.0,-0.10991595864489281
52.0,2.0,14.0,-0.22646347908969158
52.0,2.0,15.0,-0.347850983616192
52.0,2.0,16.0,-0.06034007658687606
52.0,2.0,17.0,0.7587064724678075
52.0,2.0,18.0,1.0770898483272597
52.0,2.0,19.0,1.2349947233464023
52.0,2.0,20.0,1.1337137004916698
52.0,2.0,21.0,0.8167977217388203
53.0,1.0,1.0,-0.2329646261568477
53.0,1.0,2.0,-0.3234436426830223
53.0,1.0,3.0,-0.22660273913587384
53.0,1.0,4.0,0.014543893659492579
53.0,1.0,5.0,0.3278709881571594
53.0,1.0,6.0,0.35569442216478464
53.0,1.0,7.0,0.1836004147905147
53.0,1.0,8.0,0.15280993959823114
53.0,1.0,9.0,-0.05137684461571651
53.0,1.0,10.0,-0.5050260605044139
53.0,1.0,11.0,-0.6925287851602828
53.0,1.0,12.0,-0.6968113661588422
53.0,1.0,13.0,-0.6185852596153297
53.0,1.0,14.0,-0.4430451564398059
53.0,1.0,15.0,-0.3798291685060917
53.0,1.0,16.0,-0.6641907222609285
53.0,1.0,17.0,-0.8956022388988033
53.0,1.0,18.0,-0.7105743859700783
53.0,1.0,19.0,-0.5992695131780382
53.0,1.0,20.0,-0.470128138960161
53.0,1.0,21.0,-0.18728295312958607
53.0,2.0,1.0,-0.4086229092721632
53.0,2.0,2.0,-0.5901626569980369
53.0,2.0,3.0,-0.46449966246560775
53.0,2.0,4.0,-0.46809799125958484
53.0,2.0,5.0,-0.8143013261287457
53.0,2.0,6.0,-1.0494631352086954
53.0,2.0,7.0,-0.8675406949346497
53.0,2.0,8.0,-0.7491456670070232
53.0,2.0,9.0,-0.18133769403096636
53.0,2.0,10.0,0.3552429222247568
53.0,2.0,11.0,0.33968141063450746
53.0,2.0,12.0,0.030626939630573717
53.0,2.0,13.0,-0.35192831706523964
53.0,2.0,14.0,-0.5488703729152509
53.0,2.0,15.0,-0.5790977802574243
53.0,2.0,16.0,-0.42316423011884663
53.0,2.0,17.0,-0.2987101517751645
53.0,2.0,18.0,-0.07713375987317889
53.0,2.0,19.0,0.027327933975728094
53.0,2.0,20.0,0.358679408770903
53.0,2.0,21.0,0.2429432005374611
54.0,1.0,1.0,0.37979772581275834
54.0,1.0,2.0,0.3806812619387774
54.0,1.0,3.0,0.1529655940071978
54.0,1.0,4.0,-0.06765922304790736
54.0,1.0,5.0,-0.24465305544652252
54.0,1.0,6.0,-0.02656886128589141
54.0,1.0,7.0,0.20007856508416674
54.0,1.0,8.0,0.14042262297752436
54.0,1.0,9.0,-0.03728484518413719
54.0,1.0,10.0,-0.3269623084328189
54.0,1.0,11.0,-0.5925964337769251
54.0,1.0,12.0,-0.5683331566406183
54.0,1.0,13.0,-0.5697569333096801
54.0,1.0,14.0,-0.38510645818206146
54.0,1.0,15.0,-0.3753581565071796
54.0,1.0,16.0,-0.4679921279777827
54.0,1.0,17.0,-0.6588009705000801
54.0,1.0,18.0,-0.7794636520388476
54.0,1.0,19.0,-0.832508598719942
54.0,1.0,20.0,-1.068936940658537
54.0,1.0,21.0,-1.08809793581079
54.0,2.0,1.0,0.5733503872652759
54.0,2.0,2.0,0.4960716340793387
54.0,2.0,3.0,0.089001852849673
54.0,2.0,4.0,-0.1538481460689628
54.0,2.0,5.0,-0.7716734107867192
54.0,2.0,6.0,-0.8551990642411803
54.0,2.0,7.0,-0.8069096871675919
54.0,2.0,8.0,-0.7005756000647672
54.0,2.0,9.0,-0.4016914123488392
54.0,2.0,10.0,0.20239455510671778
54.0,2.0,11.0,0.21802312957158407
54.0,2.0,12.0,-0.001575191979206621
54.0,2.0,13.0,-0.2883900389209414
54.0,2.0,14.0,-0.393296808881414
54.0,2.0,15.0,-0.5677175798920022
54.0,2.0,16.0,-0.6668127093168398
54.0,2.0,17.0,-0.9060443169648325
54.0,2.0,18.0,-0.7175370435818673
54.0,2.0,19.0,-0.35985417081099746
54.0,2.0,20.0,-0.40008082547859386
54.0,2.0,21.0,-0.568243541534163
55.0,1.0,1.0,-0.6000645252010773
55.0,1.0,2.0,-0.6794325004085535
55.0,1.0,3.0,-0.30261967734926853
55.0,1.0,4.0,-0.3370409021800814
55.0,1.0,5.0,-0.41961066486592963
55.0,1.0,6.0,-0.12621281957462166
55.0,1.0,7.0,-0.10245093219155177
55.0,1.0,8.0,-0.042077506809973186
55.0,1.0,9.0,-0.07152045191479896
55.0,1.0,10.0,-0.6530075981499361
55.0,1.0,11.0,-0.6835865276127109
55.0,1.0,12.0,-0.7359722432160831
55.0,1.0,13.0,-0.5302248106986733
55.0,1.0,14.0,-0.31502456134516116
55.0,1.0,15.0,-0.2798493826532481
55.0,1.0,16.0,-0.509601542424515
55.0,1.0,17.0,-0.6801678113998535
55.0,1.0,18.0,-0.40822402333887164
55.0,1.0,19.0,-0.46396017310401416
55.0,1.0,20.0,-0.44676919342765714
55.0,1.0,21.0,-0.3358151856775438
55.0,2.0,1.0,0.604870181624927
55.0,2.0,2.0,0.8236165310820057
55.0,2.0,3.0,0.6083161804765138
55.0,2.0,4.0,0.4044812769150681
55.0,2.0,5.0,0.053571040103499674
55.0,2.0,6.0,-0.5340889278051445
55.0,2.0,7.0,-0.7828452493503906
55.0,2.0,8.0,-0.5180786200262437
55.0,2.0,9.0,0.14559894057834866
55.0,2.0,10.0,0.3406979692388443
55.0,2.0,11.0,0.19758114006012925
55.0,2.0,12.0,0.014994992849889813
55.0,2.0,13.0,-0.2006270829070852
55.0,2.0,14.0,-0.3286483553083668
55.0,2.0,15.0,-0.37889263704894055
55.0,2.0,16.0,-0.39608036042802036
55.0,2.0,17.0,-0.6157352521352298
55.0,2.0,18.0,-0.423085863616994
55.0,2.0,19.0,-0.11517968823076845
55.0,2.0,20.0,0.1592540461397067
55.0,2.0,21.0,0.23314470237944968
56.0,1.0,1.0,-0.254630744242017
56.0,1.0,2.0,-0.2968250486453738
56.0,1.0,3.0,-0.2309224687079937
56.0,1.0,4.0,-0.07256949641945676
56.0,1.0,5.0,-0.04482156338707776
56.0,1.0,6.0,0.007849215534854712
56.0,1.0,7.0,0.15162045316838751
56.0,1.0,8.0,0.22802162675965376
56.0,1.0,9.0,0.11528222152664377
56.0,1.0,10.0,-0.27585560790758384
56.0,1.0,11.0,-0.6304964188870837
56.0,1.0,12.0,-0.719101087542199
56.0,1.0,13.0,-0.42349796074409796
56.0,1.0,14.0,-0.31429485841569366
56.0,1.0,15.0,-0.24994440437345566
56.0,1.0,16.0,-0.18463842809939185
56.0,1.0,17.0,-0.29040235197609204
56.0,1.0,18.0,-0.6769885677763814
56.0,1.0,19.0,-1.016711559193144
56.0,1.0,20.0,-0.9916812112080962
56.0,1.0,21.0,-1.1022758561748909
56.0,2.0,1.0,0.5272988059977736
56.0,2.0,2.0,0.7309752690300233
56.0,2.0,3.0,0.7222592318171539
56.0,2.0,4.0,0.5651556734748293
56.0,2.0,5.0,-0.17879923465075487
56.0,2.0,6.0,-0.6675140427221564
56.0,2.0,7.0,-0.8875030811650333
56.0,2.0,8.0,-0.7796500033218393
56.0,2.0,9.0,-0.4253752820579743
56.0,2.0,10.0,0.18636903363315732
56.0,2.0,11.0,0.1402254952754632
56.0,2.0,12.0,-0.020530345599742955
56.0,2.0,13.0,-0.1615318508613075
56.0,2.0,14.0,-0.4340770019058403
56.0,2.0,15.0,-0.6684720527731076
56.0,2.0,16.0,-0.9958546521840568
56.0,2.0,17.0,-0.9655512273733408
56.0,2.0,18.0,-0.6292511197679708
56.0,2.0,19.0,-0.13705348503339837
56.0,2.0,20.0,0.2646128691069002
56.0,2.0,21.0,0.44069032062408364
57.0,1.0,1.0,-0.3505408811508208
57.0,1.0,2.0,-0.4956923746765326
57.0,1.0,3.0,-0.527822903684942
57.0,1.0,4.0,-0.5728986760146684
57.0,1.0,5.0,-0.5388473102279633
57.0,1.0,6.0,-0.29620737654174045
57.0,1.0,7.0,-0.05276858155086591
57.0,1.0,8.0,0.21507226055430875
57.0,1.0,9.0,-0.02533634791991726
57.0,1.0,10.0,-0.45977507153698616
57.0,1.0,11.0,-0.502019789717455
57.0,1.0,12.0,-0.6696565066304672
57.0,1.0,13.0,-0.5916650834473173
57.0,1.0,14.0,-0.32499238736182506
57.0,1.0,15.0,-0.19128114604136048
57.0,1.0,16.0,0.0482886630830958
57.0,1.0,17.0,0.4428918731075225
57.0,1.0,18.0,0.5859081912779556
57.0,1.0,19.0,0.8557691347531581
57.0,1.0,20.0,0.9463891818751565
57.0,1.0,21.0,0.9696597405030586
57.0,2.0,1.0,0.5095848310789893
57.0,2.0,2.0,0.5239225712111518
57.0,2.0,3.0,0.3032199803835579
57.0,2.0,4.0,0.14690659598260639
57.0,2.0,5.0,-0.22900191597596822
57.0,2.0,6.0,-0.6146618233699326
57.0,2.0,7.0,-0.5803975843999661
57.0,2.0,8.0,-0.388452603318806
57.0,2.0,9.0,0.00862247072289165
57.0,2.0,10.0,0.6526328874680809
57.0,2.0,11.0,0.43330972709821236
57.0,2.0,12.0,-0.00860389448835202
57.0,2.0,13.0,-0.2807531951212125
57.0,2.0,14.0,-0.3615297739108465
57.0,2.0,15.0,-0.6756295979797431
57.0,2.0,16.0,-0.7416845441994517
57.0,2.0,17.0,-0.9840963890339757
57.0,2.0,18.0,-0.8125970447723879
57.0,2.0,19.0,-0.5268029915550402
57.0,2.0,20.0,-0.477874626848127
57.0,2.0,21.0,-0.5770866060068093
58.0,1.0,1.0,-0.44950131491867773
58.0,1.0,2.0,-0.7852931412984997
58.0,1.0,3.0,-0.7012793037771706
58.0,1.0,4.0,-0.897749221424989
58.0,1.0,5.0,-0.9039714118431575
58.0,1.0,6.0,-0.6790327518245236
58.0,1.0,7.0,-0.09386983308979188
58.0,1.0,8.0,0.17234516763544547
58.0,1.0,9.0,0.018971106911153897
58.0,1.0,10.0,-0.4696361971980859
58.0,1.0,11.0,-0.5897111566328728
58.0,1.0,12.0,-0.6419566339684774
58.0,1.0,13.0,-0.5624162113104705
58.0,1.0,14.0,-0.3659146897516126
58.0,1.0,15.0,-0.1683544084198004
58.0,1.0,16.0,0.18503064153819093
58.0,1.0,17.0,0.6285629562159376
58.0,1.0,18.0,0.7014106496218677
58.0,1.0,19.0,0.7275356920626339
58.0,1.0,20.0,0.8095498471926318
58.0,1.0,21.0,0.9394185205377875
58.0,2.0,1.0,0.1791271655252543
58.0,2.0,2.0,0.2838171203250273
58.0,2.0,3.0,0.3074100171185527
58.0,2.0,4.0,0.083994287554267
58.0,2.0,5.0,-0.35567539747262145
58.0,2.0,6.0,-0.8651349076226388
58.0,2.0,7.0,-0.657819807497799
58.0,2.0,8.0,-0.5641856822992863
58.0,2.0,9.0,-0.24978119360892334
58.0,2.0,10.0,0.03155937655731797
58.0,2.0,11.0,0.18969258760539714
58.0,2.0,12.0,0.015319636014937592
58.0,2.0,13.0,-0.2896116994009561
58.0,2.0,14.0,-0.44431516760857537
58.0,2.0,15.0,-0.4614353374995934
58.0,2.0,16.0,-0.47454941649838445
58.0,2.0,17.0,-0.2811999926381665
58.0,2.0,18.0,0.251645132159985
58.0,2.0,19.0,0.6761733940960324
58.0,2.0,20.0,0.6483041028381563
58.0,2.0,21.0,0.8060248482777962
59.0,1.0,1.0,-0.6424854184630836
59.0,1.0,2.0,-0.7366801481182433
59.0,1.0,3.0,-0.8712069585413392
59.0,1.0,4.0,-0.9634316209101834
59.0,1.0,5.0,-0.27118079193330785
59.0,1.0,6.0,0.20547664020086545
59.0,1.0,7.0,0.3174727692033651
59.0,1.0,8.0,0.2626011879795838
59.0,1.0,9.0,0.09759257384566691
59.0,1.0,10.0,-0.4225172631153796
59.0,1.0,11.0,-0.4774081759728997
59.0,1.0,12.0,-0.6634674489810592
59.0,1.0,13.0,-0.653187625609596
59.0,1.0,14.0,-0.46073696403578646
59.0,1.0,15.0,-0.235129066745736
59.0,1.0,16.0,-0.3629181514324465
59.0,1.0,17.0,-0.30510034640251804
59.0,1.0,18.0,-0.17680021437664606
59.0,1.0,19.0,-0.441847456171754
59.0,1.0,20.0,-0.5084109656319784
59.0,1.0,21.0,-0.647829189198021
59.0,2.0,1.0,-0.11610563114124528
59.0,2.0,2.0,-0.32239121630046574
59.0,2.0,3.0,-0.30970144019851636
59.0,2.0,4.0,-0.3748692625296946
59.0,2.0,5.0,-0.4502268396093376
59.0,2.0,6.0,-0.8558738853537816
59.0,2.0,7.0,-0.853874204884987
59.0,2.0,8.0,-0.5786959602950303
59.0,2.0,9.0,0.10626175680050261
59.0,2.0,10.0,0.530766270820682
59.0,2.0,11.0,0.2551182885519936
59.0,2.0,12.0,-0.020189270606333264
59.0,2.0,13.0,-0.3546848834164106
59.0,2.0,14.0,-0.5177562042247152
59.0,2.0,15.0,-0.3824771740984399
59.0,2.0,16.0,-0.3409166405432639
59.0,2.0,17.0,-0.03042922838894855
59.0,2.0,18.0,-0.4231332024768962
59.0,2.0,19.0,-0.7067980837970187
59.0,2.0,20.0,-0.9107599932177449
59.0,2.0,21.0,-0.9218600993964694
60.0,1.0,1.0,-0.5924464626398049
60.0,1.0,2.0,-1.058729100983303
60.0,1.0,3.0,-1.1808539934070295
60.0,1.0,4.0,-1.4223122354408255
60.0,1.0,5.0,-1.2533239713239541
60.0,1.0,6.0,-0.7030433700209694
60.0,1.0,7.0,-0.127141188323912
60.0,1.0,8.0,0.03678786399043096
60.0,1.0,9.0,-0.027612133180831163
60.0,1.0,10.0,-0.4915491577044416
60.0,1.0,11.0,-0.6048834568551024
60.0,1.0,12.0,-0.6004545569723758
60.0,1.0,13.0,-0.5981265275961384
60.0,1.0,14.0,-0.4297997718888402
60.0,1.0,15.0,-0.2400260602289831
60.0,1.0,16.0,-0.11754175528905711
60.0,1.0,17.0,-0.16897325504621727
60.0,1.0,18.0,-0.10856300302172067
60.0,1.0,19.0,-0.12554343239007382
60.0,1.0,20.0,-0.34796620615541407
60.0,1.0,21.0,-0.5110797535793022
60.0,2.0,1.0,-0.17937377175499306
60.0,2.0,2.0,-0.2658108522957491
60.0,2.0,3.0,-0.21155468524606358
60.0,2.0,4.0,-0.19435878434864975
60.0,2.0,5.0,-0.26887740379144
60.0,2.0,6.0,-0.5002287245378843
60.0,2.0,7.0,-0.756575744517725
60.0,2.0,8.0,-0.7515114964040102
60.0,2.0,9.0,-0.5195117457512788
60.0,2.0,10.0,-0.24432464207220686
60.0,2.0,11.0,0.0973773119021643
60.0,2.0,12.0,-0.047946711021638416
60.0,2.0,13.0,-0.332187851229555
60.0,2.0,14.0,-0.53611649981157
60.0,2.0,15.0,-0.5859911378065945
60.0,2.0,16.0,-0.6387607257827382
60.0,2.0,17.0,-0.533323025822957
60.0,2.0,18.0,-0.15957576437988966
60.0,2.0,19.0,-0.01154891269648726
60.0,2.0,20.0,0.13225104038940688
60.0,2.0,21.0,0.11306041129852762
