1.0,1.0,1.0,0.03400858466460058
1.0,1.0,2.0,0.3738085944257661
1.0,1.0,3.0,0.5730952652742497
1.0,1.0,4.0,0.5656397659133918
1.0,1.0,5.0,0.490220818987584
1.0,1.0,6.0,-0.3604921164930822
1.0,1.0,7.0,-0.007427239653315523
1.0,1.0,8.0,1.4257940926290428e-06
1.0,1.0,9.0,0.02516041552725449
1.0,1.0,10.0,0.5915515310252869
1.0,1.0,11.0,-0.8560823213348209
1.0,1.0,12.0,-1.0010479233198688
1.0,1.0,13.0,-1.0435503915825837
1.0,1.0,14.0,-1.0469399255955172
1.0,1.0,15.0,-1.0117149525646474
1.0,1.0,16.0,0.8640911566183597
1.0,1.0,17.0,0.6350629548625591
1.0,1.0,18.0,0.6052967315375667
1.0,1.0,19.0,-0.5903761782836925
1.0,1.0,20.0,-0.5154824917504938
1.0,1.0,21.0,-0.45094306432007664
1.0,2.0,1.0,0.3317157609927861
1.0,2.0,2.0,0.46179099243571
1.0,2.0,3.0,0.5740198028974277
1.0,2.0,4.0,-0.6592989061995705
1.0,2.0,5.0,0.8050119233202842
1.0,2.0,6.0,0.864796172740459
1.0,2.0,7.0,-0.9865288010064411
1.0,2.0,8.0,-1.05053024224809
1.0,2.0,9.0,-1.0317565800195263
1.0,2.0,10.0,-0.8426640113732734
1.0,2.0,11.0,-0.4238069361145863
1.0,2.0,12.0,-1.0491117646133088e-05
1.0,2.0,13.0,0.018421123185212523
1.0,2.0,14.0,-0.27163682917699805
1.0,2.0,15.0,-0.33554775185935587
1.0,2.0,16.0,0.3150878273920259
1.0,2.0,17.0,0.3082165185022327
1.0,2.0,18.0,0.4816550647464459
1.0,2.0,19.0,-0.5592166068168429
1.0,2.0,20.0,0.6060077540398483
1.0,2.0,21.0,-0.5832279211974982
2.0,1.0,1.0,0.12343890736968202
2.0,1.0,2.0,-0.05584741895150873
2.0,1.0,3.0,-0.18235456735029404
2.0,1.0,4.0,-0.22403005368939097
2.0,1.0,5.0,0.2871220705446413
2.0,1.0,6.0,-0.377683097234121
2.0,1.0,7.0,0.12002080498994433
2.0,1.0,8.0,0.2552937831170624
2.0,1.0,9.0,-0.32484837151193957
2.0,1.0,10.0,-0.5219784943174604
2.0,1.0,11.0,0.8084631192414667
2.0,1.0,12.0,0.8947747203306505
2.0,1.0,13.0,-0.9054426222588379
2.0,1.0,14.0,0.9088902832788794
2.0,1.0,15.0,0.9511727447937969
2.0,1.0,16.0,-0.8942328668325653
2.0,1.0,17.0,-0.7272818087321516
2.0,1.0,18.0,0.61222086618547
2.0,1.0,19.0,0.6367251682167906
2.0,1.0,20.0,-0.5821887402467428
2.0,1.0,21.0,-0.5642538747568857
2.0,2.0,1.0,0.4478836554474583
2.0,2.0,2.0,0.6195214372399767
2.0,2.0,3.0,0.7071294625987667
2.0,2.0,4.0,-0.6499865571526467
2.0,2.0,5.0,-0.7075823380386684
2.0,2.0,6.0,-0.9475696541112549
2.0,2.0,7.0,1.0790633142025778
2.0,2.0,8.0,1.0491506538538398
2.0,2.0,9.0,-0.9580447487841471
2.0,2.0,10.0,-0.7866033471721858
2.0,2.0,11.0,0.4836678891932164
2.0,2.0,12.0,-0.38658409809272937
2.0,2.0,13.0,0.3422491752912362
2.0,2.0,14.0,0.03769773823846003
2.0,2.0,15.0,-0.38332893630984893
2.0,2.0,16.0,-0.31303741881461405
2.0,2.0,17.0,-0.29266241466445836
2.0,2.0,18.0,0.3582383589704642
2.0,2.0,19.0,0.4100306334606001
2.0,2.0,20.0,-0.4647072559390815
2.0,2.0,21.0,0.33220751270847243
3.0,1.0,1.0,-0.3582767116074896
3.0,1.0,2.0,-0.37778893919690204
3.0,1.0,3.0,0.4168583707790212
3.0,1.0,4.0,-0.5265700220926735
3.0,1.0,5.0,-0.5064216384904517
3.0,1.0,6.0,-0.4523627672212955
3.0,1.0,7.0,0.22925035869917565
3.0,1.0,8.0,6.920223757460362e-05
3.0,1.0,9.0,-0.25002610172246487
3.0,1.0,10.0,-0.5275581592753614
3.0,1.0,11.0,0.8776473887008716
3.0,1.0,12.0,-0.9992902509116013
3.0,1.0,13.0,0.9781457678421875
3.0,1.0,14.0,1.044198726212815
3.0,1.0,15.0,1.0264988771014447
3.0,1.0,16.0,0.8081343191008411
3.0,1.0,17.0,-0.5938087319808041
3.0,1.0,18.0,0.5561011110823719
3.0,1.0,19.0,0.576230180399249
3.0,1.0,20.0,0.5677490180662378
3.0,1.0,21.0,-0.4906449037648203
3.0,2.0,1.0,0.584858413076031
3.0,2.0,2.0,0.6850611106869444
3.0,2.0,3.0,-0.6699317442346595
3.0,2.0,4.0,-0.6373678712116442
3.0,2.0,5.0,-0.6837823477081282
3.0,2.0,6.0,0.8769228683014454
3.0,2.0,7.0,0.976637179469913
3.0,2.0,8.0,-0.9645631959738442
3.0,2.0,9.0,-0.9122313859949156
3.0,2.0,10.0,-0.7872334676925523
3.0,2.0,11.0,0.4878710156861524
3.0,2.0,12.0,0.425485053768718
3.0,2.0,13.0,-0.4293736236753334
3.0,2.0,14.0,-0.4356118183087665
3.0,2.0,15.0,0.2664762350537546
3.0,2.0,16.0,0.38634739548427494
3.0,2.0,17.0,-0.54164599447792
3.0,2.0,18.0,-0.5987957903458466
3.0,2.0,19.0,-0.6108146136727987
3.0,2.0,20.0,0.59920127675672
3.0,2.0,21.0,0.5921705428873811
4.0,1.0,1.0,-0.5758082662046259
4.0,1.0,2.0,-0.6124562553843359
4.0,1.0,3.0,0.5515248210729538
4.0,1.0,4.0,-0.36081405420657686
4.0,1.0,5.0,0.15793126244224015
4.0,1.0,6.0,-0.233753759822305
4.0,1.0,7.0,0.28960949797929425
4.0,1.0,8.0,-0.10864349320379971
4.0,1.0,9.0,0.28198780611175084
4.0,1.0,10.0,0.6520156282621844
4.0,1.0,11.0,-0.9447397251015595
4.0,1.0,12.0,-1.0421189877127337
4.0,1.0,13.0,-1.0549872228552923
4.0,1.0,14.0,-0.9373779935761447
4.0,1.0,15.0,0.8623249662289052
4.0,1.0,16.0,-0.8034180891920512
4.0,1.0,17.0,0.6186902452110713
4.0,1.0,18.0,-0.531564955918188
4.0,1.0,19.0,0.589018678673863
4.0,1.0,20.0,-0.5204551226227611
4.0,1.0,21.0,0.44636306308266793
4.0,2.0,1.0,0.39357294820710026
4.0,2.0,2.0,-0.3361297211593934
4.0,2.0,3.0,0.41472965619548524
4.0,2.0,4.0,-0.6180196411254788
4.0,2.0,5.0,-0.749899444699445
4.0,2.0,6.0,-0.8922564376652069
4.0,2.0,7.0,-0.9828617859504265
4.0,2.0,8.0,-0.9959637880121609
4.0,2.0,9.0,0.9505756682666345
4.0,2.0,10.0,-0.7447074945590992
4.0,2.0,11.0,-0.39394050672459424
4.0,2.0,12.0,0.32210781871061134
4.0,2.0,13.0,0.029552031314526515
4.0,2.0,14.0,0.00037994358651549534
4.0,2.0,15.0,0.20587524159097226
4.0,2.0,16.0,0.4457125622225197
4.0,2.0,17.0,0.479450310490197
4.0,2.0,18.0,0.5354381890599985
4.0,2.0,19.0,-0.48717314978661835
4.0,2.0,20.0,0.4516480236143473
4.0,2.0,21.0,0.47605211293694477
5.0,1.0,1.0,-0.003963687447875578
5.0,1.0,2.0,-0.04649534163935862
5.0,1.0,3.0,0.03729498377740413
5.0,1.0,4.0,0.16707363152058083
5.0,1.0,5.0,0.2688251370686515
5.0,1.0,6.0,0.09796902221648819
5.0,1.0,7.0,0.147383040189549
5.0,1.0,8.0,-4.071252871918254e-06
5.0,1.0,9.0,-0.14340422217652102
5.0,1.0,10.0,-0.6394717821613156
5.0,1.0,11.0,0.9395968225457787
5.0,1.0,12.0,-1.0662744694486648
5.0,1.0,13.0,1.106800065300754
5.0,1.0,14.0,1.0884186632998765
5.0,1.0,15.0,0.9460881832957826
5.0,1.0,16.0,-0.8358654679686098
5.0,1.0,17.0,-0.598750028304243
5.0,1.0,18.0,-0.5533101168019215
5.0,1.0,19.0,-0.5444535357345425
5.0,1.0,20.0,-0.5530108208130319
5.0,1.0,21.0,-0.5037465590218421
5.0,2.0,1.0,0.23996734436720643
5.0,2.0,2.0,0.5490911831474439
5.0,2.0,3.0,-0.6104507853255727
5.0,2.0,4.0,-0.6698177489066376
5.0,2.0,5.0,0.6746492184412104
5.0,2.0,6.0,-0.7790687442762179
5.0,2.0,7.0,-0.8509055159030161
5.0,2.0,8.0,0.8737643037606272
5.0,2.0,9.0,-0.8901290181363624
5.0,2.0,10.0,0.7101116686486953
5.0,2.0,11.0,0.2819058244362967
5.0,2.0,12.0,0.35077015816528867
5.0,2.0,13.0,-0.2813916640594749
5.0,2.0,14.0,-0.00015358719864043326
5.0,2.0,15.0,1.4589202057541404e-06
5.0,2.0,16.0,0.0003817052707275796
5.0,2.0,17.0,0.24909006198108638
5.0,2.0,18.0,-0.4595488559739064
5.0,2.0,19.0,-0.5293946168277601
5.0,2.0,20.0,-0.614125270686201
5.0,2.0,21.0,-0.45640089744461826
6.0,1.0,1.0,-0.3055565259209531
6.0,1.0,2.0,0.24329183272375338
6.0,1.0,3.0,0.37851669749747474
6.0,1.0,4.0,0.3300206377112138
6.0,1.0,5.0,0.0178973606294077
6.0,1.0,6.0,-0.0002680381765912781
6.0,1.0,7.0,-0.005602775881232589
6.0,1.0,8.0,-0.048282918853667055
6.0,1.0,9.0,0.43191091926516034
6.0,1.0,10.0,-0.6147611267911581
6.0,1.0,11.0,0.8779643028275342
6.0,1.0,12.0,-0.9414366922188373
6.0,1.0,13.0,-0.939370970760175
6.0,1.0,14.0,0.9698686588854943
6.0,1.0,15.0,0.934678516547388
6.0,1.0,16.0,0.6317694643760973
6.0,1.0,17.0,-7.389717953771926e-05
6.0,1.0,18.0,0.22971354782160608
6.0,1.0,19.0,-1.4098348330442216e-06
6.0,1.0,20.0,7.262641794619722e-09
6.0,1.0,21.0,-0.00015477674974799958
6.0,2.0,1.0,-0.4113245594007139
6.0,2.0,2.0,0.6685362578307147
6.0,2.0,3.0,0.7258309833594442
6.0,2.0,4.0,0.778925801126494
6.0,2.0,5.0,-0.8370356912830369
6.0,2.0,6.0,0.9364140799385917
6.0,2.0,7.0,0.962788637287651
6.0,2.0,8.0,-0.9811005180420692
6.0,2.0,9.0,0.8757341193777128
6.0,2.0,10.0,-0.6775909170862481
6.0,2.0,11.0,0.4961523503936992
6.0,2.0,12.0,0.16352664375804782
6.0,2.0,13.0,-3.856005030786119e-09
6.0,2.0,14.0,0.10856627667474344
6.0,2.0,15.0,-0.16382479489949828
6.0,2.0,16.0,0.20180618486521268
6.0,2.0,17.0,2.078645868401008e-08
6.0,2.0,18.0,9.544807314936233e-09
6.0,2.0,19.0,-1.6713984210909832e-08
6.0,2.0,20.0,-1.0638014326141665e-08
6.0,2.0,21.0,4.630439578849379e-05
7.0,1.0,1.0,0.1403175244083697
7.0,1.0,2.0,-0.144818621159871
7.0,1.0,3.0,0.1428207706464741
7.0,1.0,4.0,-0.0024187785349456987
7.0,1.0,5.0,0.2537797354665587
7.0,1.0,6.0,-0.021080054164389583
7.0,1.0,7.0,-0.2415286263853407
7.0,1.0,8.0,0.2598692672429313
7.0,1.0,9.0,0.37722122682555387
7.0,1.0,10.0,-0.6386435150441979
7.0,1.0,11.0,-0.8392648880142978
7.0,1.0,12.0,-0.9640087153949524
7.0,1.0,13.0,1.0364780610668078
7.0,1.0,14.0,1.0184472311475719
7.0,1.0,15.0,-0.9256832976493066
7.0,1.0,16.0,0.7870014896977517
7.0,1.0,17.0,-0.627200600010107
7.0,1.0,18.0,0.5776970119146072
7.0,1.0,19.0,0.46871186184875246
7.0,1.0,20.0,0.4374855070667086
7.0,1.0,21.0,-0.3660715120966835
7.0,2.0,1.0,-0.4674681281928714
7.0,2.0,2.0,-0.6614669001891871
7.0,2.0,3.0,-0.7995456323120717
7.0,2.0,4.0,-0.8103307940462804
7.0,2.0,5.0,-0.8597695425011428
7.0,2.0,6.0,0.9551951464756396
7.0,2.0,7.0,1.0592265649296266
7.0,2.0,8.0,1.010977381712616
7.0,2.0,9.0,0.9243727217245274
7.0,2.0,10.0,-0.8072029711034625
7.0,2.0,11.0,0.5409645288175647
7.0,2.0,12.0,-0.3015897341977535
7.0,2.0,13.0,0.34241014176730983
7.0,2.0,14.0,0.3346078582515201
7.0,2.0,15.0,-0.3743460800959517
7.0,2.0,16.0,-0.2872700194629245
7.0,2.0,17.0,0.17010809063972138
7.0,2.0,18.0,0.49838098457361385
7.0,2.0,19.0,0.6144525822654856
7.0,2.0,20.0,0.5173437197484103
7.0,2.0,21.0,-0.29483287822618204
8.0,1.0,1.0,0.525519338597166
8.0,1.0,2.0,0.7066182230005699
8.0,1.0,3.0,-0.7300102738960585
8.0,1.0,4.0,-0.7045098811122047
8.0,1.0,5.0,-0.5271191845169694
8.0,1.0,6.0,-0.4581423089579138
8.0,1.0,7.0,-0.4027264225614764
8.0,1.0,8.0,0.3144958281265649
8.0,1.0,9.0,-0.3115572367791659
8.0,1.0,10.0,-0.6702543408335018
8.0,1.0,11.0,-0.8962378794483951
8.0,1.0,12.0,0.9403762710864528
8.0,1.0,13.0,-0.9892280386634715
8.0,1.0,14.0,1.0449592475298157
8.0,1.0,15.0,1.0486320168689882
8.0,1.0,16.0,0.9217632894418697
8.0,1.0,17.0,0.713275836281437
8.0,1.0,18.0,0.7079095339875907
8.0,1.0,19.0,-0.722273312707747
8.0,1.0,20.0,0.7032664481216951
8.0,1.0,21.0,0.7462904249271801
8.0,2.0,1.0,0.40636130379045315
8.0,2.0,2.0,0.4099724028321285
8.0,2.0,3.0,0.42955918196217424
8.0,2.0,4.0,0.5042419102973402
8.0,2.0,5.0,0.6282920014280731
8.0,2.0,6.0,-0.8784290918602069
8.0,2.0,7.0,-0.9387301908887399
8.0,2.0,8.0,0.9225948951386787
8.0,2.0,9.0,0.8910116262572036
8.0,2.0,10.0,-0.7951880643801958
8.0,2.0,11.0,-0.5838077438631364
8.0,2.0,12.0,-0.39858205711032646
8.0,2.0,13.0,-0.0935728678105893
8.0,2.0,14.0,0.3718922151803402
8.0,2.0,15.0,-0.4315000951307759
8.0,2.0,16.0,-0.2647578660813359
8.0,2.0,17.0,0.20059596257241813
8.0,2.0,18.0,-0.40001563311502164
8.0,2.0,19.0,-0.2361339965874313
8.0,2.0,20.0,0.14653488940311593
8.0,2.0,21.0,0.34659548485140984
9.0,1.0,1.0,-0.3459575166580135
9.0,1.0,2.0,-0.4364219509358155
9.0,1.0,3.0,0.3896822945576857
9.0,1.0,4.0,-0.010138522017853563
9.0,1.0,5.0,0.004464555432214403
9.0,1.0,6.0,-0.10332114797232159
9.0,1.0,7.0,0.2836486774909342
9.0,1.0,8.0,0.4021830545311044
9.0,1.0,9.0,0.3633622878142823
9.0,1.0,10.0,-0.5532055275057013
9.0,1.0,11.0,0.7943568284355113
9.0,1.0,12.0,-0.9337831501264587
9.0,1.0,13.0,1.0481033862855527
9.0,1.0,14.0,-1.041503477159397
9.0,1.0,15.0,-1.0009128460428272
9.0,1.0,16.0,0.881545452821468
9.0,1.0,17.0,-0.7497986666509767
9.0,1.0,18.0,-0.7227126646111072
9.0,1.0,19.0,0.7498701687440227
9.0,1.0,20.0,-0.710203681634746
9.0,1.0,21.0,-0.7268825531642695
9.0,2.0,1.0,-0.3823860013233561
9.0,2.0,2.0,0.5143930158251208
9.0,2.0,3.0,0.526192814538185
9.0,2.0,4.0,-0.5826543058183699
9.0,2.0,5.0,0.7843270204120868
9.0,2.0,6.0,-0.9789837405195596
9.0,2.0,7.0,1.0656597551655964
9.0,2.0,8.0,1.0514788220958289
9.0,2.0,9.0,-0.9661319612078677
9.0,2.0,10.0,0.8388057148326359
9.0,2.0,11.0,0.592989589175781
9.0,2.0,12.0,-0.40028424805801155
9.0,2.0,13.0,0.3127069909064679
9.0,2.0,14.0,-0.27940376518460214
9.0,2.0,15.0,-0.21326540032465657
9.0,2.0,16.0,-0.3386224083664563
9.0,2.0,17.0,0.4138688652551026
9.0,2.0,18.0,0.10243985502620162
9.0,2.0,19.0,0.0008858425266950118
9.0,2.0,20.0,-0.0031372031496337467
9.0,2.0,21.0,-0.3233595719622631
10.0,1.0,1.0,0.5455085221432394
10.0,1.0,2.0,0.596205802122713
10.0,1.0,3.0,-0.515389179338152
10.0,1.0,4.0,0.30196137121572353
10.0,1.0,5.0,0.12626082402684022
10.0,1.0,6.0,-0.029723577083838156
10.0,1.0,7.0,0.2183639540619616
10.0,1.0,8.0,-0.10390100214716322
10.0,1.0,9.0,0.48359690504748454
10.0,1.0,10.0,0.6367902502014378
10.0,1.0,11.0,0.8368268695518755
10.0,1.0,12.0,-0.9513751959870782
10.0,1.0,13.0,0.9174401133563481
10.0,1.0,14.0,0.9655788939000525
10.0,1.0,15.0,-0.9953122275655147
10.0,1.0,16.0,-0.9051573865373044
10.0,1.0,17.0,-0.7493146832237277
10.0,1.0,18.0,0.6752963948423716
10.0,1.0,19.0,-0.584997870725745
10.0,1.0,20.0,-0.4665345561527106
10.0,1.0,21.0,-0.61282945915231
10.0,2.0,1.0,-0.3722999425729617
10.0,2.0,2.0,0.47883307284143817
10.0,2.0,3.0,0.59411137634079
10.0,2.0,4.0,0.6591922216320462
10.0,2.0,5.0,-0.7266435079443156
10.0,2.0,6.0,0.8398872433879515
10.0,2.0,7.0,-0.9278544955443468
10.0,2.0,8.0,0.9307410833523094
10.0,2.0,9.0,-0.9029397410983929
10.0,2.0,10.0,-0.795318040130725
10.0,2.0,11.0,-0.560232066772227
10.0,2.0,12.0,-0.2876061543163908
10.0,2.0,13.0,-0.3802696802536269
10.0,2.0,14.0,-0.44607460333370985
10.0,2.0,15.0,0.4803916426012693
10.0,2.0,16.0,-0.5031105965953144
10.0,2.0,17.0,-0.40482274211227076
10.0,2.0,18.0,0.43092072294750833
10.0,2.0,19.0,-0.45596252242442037
10.0,2.0,20.0,0.533663040757708
10.0,2.0,21.0,0.6117414021214259
11.0,1.0,1.0,0.1546274219653462
11.0,1.0,2.0,-0.024133517467395345
11.0,1.0,3.0,0.21753935515278588
11.0,1.0,4.0,0.35677168110930135
11.0,1.0,5.0,0.36609134964374507
11.0,1.0,6.0,-0.26981918685792966
11.0,1.0,7.0,0.000999334260632174
11.0,1.0,8.0,-0.0009872293536696342
11.0,1.0,9.0,-0.35745558786302445
11.0,1.0,10.0,0.6299433412193766
11.0,1.0,11.0,-0.8789430727320087
11.0,1.0,12.0,-0.9999788796568472
11.0,1.0,13.0,-1.0647623782830304
11.0,1.0,14.0,1.0878868895915663
11.0,1.0,15.0,-1.0725693432623848
11.0,1.0,16.0,0.9435329247760964
11.0,1.0,17.0,-0.7062071865295517
11.0,1.0,18.0,-0.5040393658690281
11.0,1.0,19.0,0.43533382517535874
11.0,1.0,20.0,-0.31487978993032706
11.0,1.0,21.0,-0.45431231366435104
11.0,2.0,1.0,-0.5145442591807724
11.0,2.0,2.0,0.5674581277046287
11.0,2.0,3.0,-0.5959093542631773
11.0,2.0,4.0,-0.6144685997221827
11.0,2.0,5.0,-0.7264232509180122
11.0,2.0,6.0,-0.9673597336741584
11.0,2.0,7.0,-1.0187761536144084
11.0,2.0,8.0,1.0375334975026382
11.0,2.0,9.0,-0.9708352613983382
11.0,2.0,10.0,0.807260364352119
11.0,2.0,11.0,0.507231431941856
11.0,2.0,12.0,0.33477641847378187
11.0,2.0,13.0,0.350137231669069
11.0,2.0,14.0,0.2746496878855446
11.0,2.0,15.0,0.26941579320757103
11.0,2.0,16.0,0.4035702376414883
11.0,2.0,17.0,0.22806160791194316
11.0,2.0,18.0,0.42016259037955594
11.0,2.0,19.0,-0.574681167390605
11.0,2.0,20.0,-0.5827667774993966
11.0,2.0,21.0,0.6026695695810251
12.0,1.0,1.0,-0.3407540831959666
12.0,1.0,2.0,0.2838793035294306
12.0,1.0,3.0,0.31015801110432006
12.0,1.0,4.0,-0.1510425328352146
12.0,1.0,5.0,-0.25165694286545737
12.0,1.0,6.0,-0.24099913370346268
12.0,1.0,7.0,0.38705155069781827
12.0,1.0,8.0,0.024379235190383156
12.0,1.0,9.0,0.4097099088758387
12.0,1.0,10.0,-0.7165191828993175
12.0,1.0,11.0,-0.8366427777325679
12.0,1.0,12.0,-0.9982112800869607
12.0,1.0,13.0,-1.0307200488375545
12.0,1.0,14.0,1.0548855621829547
12.0,1.0,15.0,-0.9389374186423243
12.0,1.0,16.0,-0.816666219448578
12.0,1.0,17.0,-0.6669666558271284
12.0,1.0,18.0,-0.7035306847528298
12.0,1.0,19.0,-0.6133959968757438
12.0,1.0,20.0,-0.6693139617430517
12.0,1.0,21.0,0.6732071031624147
12.0,2.0,1.0,0.6097561151657562
12.0,2.0,2.0,0.6605224864959021
12.0,2.0,3.0,0.7124142062464728
12.0,2.0,4.0,-0.6960445132367304
12.0,2.0,5.0,0.759920620287229
12.0,2.0,6.0,-0.8972188621557355
12.0,2.0,7.0,-1.0492944386869938
12.0,2.0,8.0,0.9813906027495596
12.0,2.0,9.0,-0.8017049257896652
12.0,2.0,10.0,0.666027924855367
12.0,2.0,11.0,0.03400111396907236
12.0,2.0,12.0,-0.2409302208612564
12.0,2.0,13.0,0.4081997309322177
12.0,2.0,14.0,0.21144098175222872
12.0,2.0,15.0,-0.29865191071819697
12.0,2.0,16.0,0.37037938611938476
12.0,2.0,17.0,-0.40308036509775585
12.0,2.0,18.0,0.5612188223681656
12.0,2.0,19.0,0.47460802925435347
12.0,2.0,20.0,0.4973835602176253
12.0,2.0,21.0,0.3323065221304872
13.0,1.0,1.0,-0.5942828870876254
13.0,1.0,2.0,-0.6050051265856908
13.0,1.0,3.0,-0.5485616119880895
13.0,1.0,4.0,-0.3879213490101409
13.0,1.0,5.0,0.2271998221715044
13.0,1.0,6.0,0.33752230902515273
13.0,1.0,7.0,-0.001973200025465693
13.0,1.0,8.0,-0.19732112715131933
13.0,1.0,9.0,0.2803868815578621
13.0,1.0,10.0,-0.6750773939166308
13.0,1.0,11.0,-0.9161563494429584
13.0,1.0,12.0,0.9695891361564407
13.0,1.0,13.0,0.9666003042610657
13.0,1.0,14.0,-0.9451498398908617
13.0,1.0,15.0,-0.9813879639505121
13.0,1.0,16.0,-0.8916300067174341
13.0,1.0,17.0,-0.7255693412428749
13.0,1.0,18.0,-0.5672326330997877
13.0,1.0,19.0,0.5916994746366162
13.0,1.0,20.0,-0.5917694910196097
13.0,1.0,21.0,0.6628165791760822
13.0,2.0,1.0,-0.4867958893975018
13.0,2.0,2.0,0.5633887540094448
13.0,2.0,3.0,-0.5915167980384495
13.0,2.0,4.0,-0.6429605450331193
13.0,2.0,5.0,-0.7535926887955319
13.0,2.0,6.0,-0.9363796023633132
13.0,2.0,7.0,1.0257677970369763
13.0,2.0,8.0,1.0100283462416713
13.0,2.0,9.0,0.9788671278162977
13.0,2.0,10.0,0.8615574686158224
13.0,2.0,11.0,0.47292270890834287
13.0,2.0,12.0,-0.15205641679902032
13.0,2.0,13.0,1.0109821260058883e-06
13.0,2.0,14.0,-0.2923337462854325
13.0,2.0,15.0,0.38444678600525856
13.0,2.0,16.0,0.09773718091693592
13.0,2.0,17.0,-0.25511640771964955
13.0,2.0,18.0,0.2588094700346211
13.0,2.0,19.0,0.4755555922272176
13.0,2.0,20.0,0.3502907428479007
13.0,2.0,21.0,-0.40402338939939786
14.0,1.0,1.0,-0.544093970677439
14.0,1.0,2.0,0.6604522958231414
14.0,1.0,3.0,0.5682127987387542
14.0,1.0,4.0,0.3928205749184203
14.0,1.0,5.0,-0.26649565447995494
14.0,1.0,6.0,-0.3164184188361215
14.0,1.0,7.0,0.39441493069227007
14.0,1.0,8.0,-0.2881210823557722
14.0,1.0,9.0,0.4414805731007226
14.0,1.0,10.0,-0.7283121018214639
14.0,1.0,11.0,0.8648392114084935
14.0,1.0,12.0,0.9586950430603656
14.0,1.0,13.0,1.0292725669892395
14.0,1.0,14.0,1.0199994683937588
14.0,1.0,15.0,0.9809754917388562
14.0,1.0,16.0,-0.9258856898844489
14.0,1.0,17.0,0.7527173960161974
14.0,1.0,18.0,-0.7138651977738323
14.0,1.0,19.0,0.7277113331262013
14.0,1.0,20.0,-0.6945165315046312
14.0,1.0,21.0,-0.5558804480183819
14.0,2.0,1.0,0.4196642808685606
14.0,2.0,2.0,-0.5431023748915619
14.0,2.0,3.0,-0.5612449862042977
14.0,2.0,4.0,0.6666866089023951
14.0,2.0,5.0,-0.7581678403477496
14.0,2.0,6.0,-0.9028627719088267
14.0,2.0,7.0,0.991336643840109
14.0,2.0,8.0,0.9641745327587111
14.0,2.0,9.0,0.8624775184764795
14.0,2.0,10.0,0.6924029060703374
14.0,2.0,11.0,0.04901093281393463
14.0,2.0,12.0,-0.22549490614712858
14.0,2.0,13.0,-0.41294828606604433
14.0,2.0,14.0,0.1607003366028857
14.0,2.0,15.0,-0.3371763481991598
14.0,2.0,16.0,0.4318979669023185
14.0,2.0,17.0,-0.41966259614844315
14.0,2.0,18.0,0.5339248350848774
14.0,2.0,19.0,-0.4247637827741623
14.0,2.0,20.0,-0.2996412881713124
14.0,2.0,21.0,0.04118444484270203
15.0,1.0,1.0,-0.2523498836163202
15.0,1.0,2.0,-0.40296001765014
15.0,1.0,3.0,-0.30714584804128875
15.0,1.0,4.0,0.2345968156467735
15.0,1.0,5.0,0.41393416405061983
15.0,1.0,6.0,-0.1935780933101247
15.0,1.0,7.0,-1.689252966746079e-05
15.0,1.0,8.0,0.20338149304377806
15.0,1.0,9.0,0.2698455161545983
15.0,1.0,10.0,-0.6181898949899592
15.0,1.0,11.0,-0.8681240801099879
15.0,1.0,12.0,0.937018507604
15.0,1.0,13.0,-0.9617299791141809
15.0,1.0,14.0,0.945149911024004
15.0,1.0,15.0,-0.9477020298258294
15.0,1.0,16.0,-0.8188727484735461
15.0,1.0,17.0,0.6109417874790619
15.0,1.0,18.0,-0.5323072986213188
15.0,1.0,19.0,0.5223432314760463
15.0,1.0,20.0,-0.5779729887205417
15.0,1.0,21.0,0.48601276964814266
15.0,2.0,1.0,-0.44779561535852713
15.0,2.0,2.0,-0.4966243427520421
15.0,2.0,3.0,-0.4066783637490398
15.0,2.0,4.0,0.583602854639003
15.0,2.0,5.0,-0.6490134056796558
15.0,2.0,6.0,0.8227899370218705
15.0,2.0,7.0,1.035221768597092
15.0,2.0,8.0,-1.0913752080825687
15.0,2.0,9.0,-1.0016596570821978
15.0,2.0,10.0,0.822211698004453
15.0,2.0,11.0,0.45269699055324875
15.0,2.0,12.0,0.18257045428685761
15.0,2.0,13.0,-0.382282413981138
15.0,2.0,14.0,-0.243722412992617
15.0,2.0,15.0,-0.27386984359989947
15.0,2.0,16.0,0.24502281098908432
15.0,2.0,17.0,0.41369312901145566
15.0,2.0,18.0,-0.5862974397609524
15.0,2.0,19.0,0.506713841926431
15.0,2.0,20.0,-0.5666866872798426
15.0,2.0,21.0,-0.5433551721951042
16.0,1.0,1.0,0.4646305103874004
16.0,1.0,2.0,0.4605043319653717
16.0,1.0,3.0,0.4299062938518372
16.0,1.0,4.0,0.4658626671873045
16.0,1.0,5.0,-0.532965894939928
16.0,1.0,6.0,-0.48781002373795684
16.0,1.0,7.0,-0.19999844494539293
16.0,1.0,8.0,-0.12918452848002115
16.0,1.0,9.0,-0.4952114115648864
16.0,1.0,10.0,-0.6401923615856275
16.0,1.0,11.0,0.8441520714778638
16.0,1.0,12.0,-0.9823432249699626
16.0,1.0,13.0,1.0343784364671376
16.0,1.0,14.0,1.0283725786039846
16.0,1.0,15.0,-1.0750669381535243
16.0,1.0,16.0,0.9037106599906116
16.0,1.0,17.0,-0.6882272868340868
16.0,1.0,18.0,-0.6835831867398517
16.0,1.0,19.0,0.688164467958032
16.0,1.0,20.0,0.7713488340611966
16.0,1.0,21.0,-0.7939903420668964
16.0,2.0,1.0,0.5152093730269645
16.0,2.0,2.0,0.5727572797513355
16.0,2.0,3.0,0.532278060250527
16.0,2.0,4.0,-0.3900897761518988
16.0,2.0,5.0,0.42761600041625786
16.0,2.0,6.0,0.6991710868132872
16.0,2.0,7.0,0.9166008198516991
16.0,2.0,8.0,0.9260142656610715
16.0,2.0,9.0,0.8706061372416546
16.0,2.0,10.0,0.8101184661651776
16.0,2.0,11.0,0.6519277887154764
16.0,2.0,12.0,-0.3747662415430611
16.0,2.0,13.0,0.13011372620662132
16.0,2.0,14.0,0.4050009879604984
16.0,2.0,15.0,0.37590749428100095
16.0,2.0,16.0,-0.15190551608549288
16.0,2.0,17.0,6.83756092027746e-05
16.0,2.0,18.0,-0.01431452839308735
16.0,2.0,19.0,0.1349069341372033
16.0,2.0,20.0,-0.08693686350519475
16.0,2.0,21.0,0.041053495971208394
17.0,1.0,1.0,0.37094949727726273
17.0,1.0,2.0,0.3055818180415904
17.0,1.0,3.0,0.21991563161153221
17.0,1.0,4.0,-0.04406656723689447
17.0,1.0,5.0,-0.03622183044770849
17.0,1.0,6.0,0.003986886200512697
17.0,1.0,7.0,-0.24741668657221957
17.0,1.0,8.0,0.23881461347560382
17.0,1.0,9.0,-0.006840170840143059
17.0,1.0,10.0,0.5827934092761298
17.0,1.0,11.0,-0.8465205021331258
17.0,1.0,12.0,0.9474744451741252
17.0,1.0,13.0,-1.0297036985434054
17.0,1.0,14.0,-1.0428012982406472
17.0,1.0,15.0,1.0043743888647636
17.0,1.0,16.0,0.8548794270197408
17.0,1.0,17.0,-0.6167538290877833
17.0,1.0,18.0,-0.5772148387863142
17.0,1.0,19.0,0.5680027770050873
17.0,1.0,20.0,-0.6572293176055907
17.0,1.0,21.0,-0.5661276898103523
17.0,2.0,1.0,-0.5889379888238521
17.0,2.0,2.0,0.7093266493761935
17.0,2.0,3.0,0.7006722966593956
17.0,2.0,4.0,0.7728286014421232
17.0,2.0,5.0,-0.7872475347789988
17.0,2.0,6.0,-0.892286064346271
17.0,2.0,7.0,-1.0026570265166366
17.0,2.0,8.0,-1.0685064126002457
17.0,2.0,9.0,1.0150978283316723
17.0,2.0,10.0,-0.827689957618063
17.0,2.0,11.0,0.5937341487015316
17.0,2.0,12.0,-0.3776836075338719
17.0,2.0,13.0,0.2870420931772204
17.0,2.0,14.0,-0.019421914431363485
17.0,2.0,15.0,0.2256565920241075
17.0,2.0,16.0,0.10745070248355006
17.0,2.0,17.0,0.3477525074627444
17.0,2.0,18.0,0.4493021974132457
17.0,2.0,19.0,0.3309928904518247
17.0,2.0,20.0,-0.27735030500083063
17.0,2.0,21.0,-0.170724726961016
18.0,1.0,1.0,-0.6979670647288486
18.0,1.0,2.0,-0.6816290493272531
18.0,1.0,3.0,0.5229840602227603
18.0,1.0,4.0,0.5018192293408978
18.0,1.0,5.0,-0.5284834078854005
18.0,1.0,6.0,0.37792808203420725
18.0,1.0,7.0,-0.00036019645463975067
18.0,1.0,8.0,-0.20660469971075973
18.0,1.0,9.0,-0.3866342898487097
18.0,1.0,10.0,-0.640756529315034
18.0,1.0,11.0,0.9086906523000896
18.0,1.0,12.0,0.9728650514642108
18.0,1.0,13.0,1.0302010903811727
18.0,1.0,14.0,-1.0188574868291025
18.0,1.0,15.0,0.9329096515170792
18.0,1.0,16.0,-0.6940928526501919
18.0,1.0,17.0,-0.4077775021769428
18.0,1.0,18.0,0.42504332249925386
18.0,1.0,19.0,0.06308263637335113
18.0,1.0,20.0,-0.00020731520473674263
18.0,1.0,21.0,0.08872781962097454
18.0,2.0,1.0,-0.21528821141177246
18.0,2.0,2.0,0.014507943917875266
18.0,2.0,3.0,-0.01904505066628866
18.0,2.0,4.0,-0.4810651971343233
18.0,2.0,5.0,-0.669262476351906
18.0,2.0,6.0,-0.9195151380453659
18.0,2.0,7.0,-1.0861407514438552
18.0,2.0,8.0,1.0677263576094094
18.0,2.0,9.0,-0.9586164979639107
18.0,2.0,10.0,0.8031661151304342
18.0,2.0,11.0,0.44739778691089616
18.0,2.0,12.0,-7.082887562424945e-05
18.0,2.0,13.0,0.2705402577133299
18.0,2.0,14.0,-0.02705067757217217
18.0,2.0,15.0,0.3933589024614478
18.0,2.0,16.0,-0.3265360449900722
18.0,2.0,17.0,-0.40686894750177777
18.0,2.0,18.0,0.5951131548784545
18.0,2.0,19.0,-0.6227359066749458
18.0,2.0,20.0,0.6082085143114455
18.0,2.0,21.0,0.6304244826627206
19.0,1.0,1.0,-0.41377747478337207
19.0,1.0,2.0,0.5266164446981146
19.0,1.0,3.0,0.5600560402759713
19.0,1.0,4.0,-0.5594249913129652
19.0,1.0,5.0,0.4283044797935743
19.0,1.0,6.0,-0.29318066035102647
19.0,1.0,7.0,-0.2493184338372149
19.0,1.0,8.0,-0.017875113636697824
19.0,1.0,9.0,0.07556629024849193
19.0,1.0,10.0,0.5600717200628585
19.0,1.0,11.0,-0.8809845545768274
19.0,1.0,12.0,0.9547275339322183
19.0,1.0,13.0,0.9682488641714873
19.0,1.0,14.0,1.0899134193981388
19.0,1.0,15.0,1.090503652675232
19.0,1.0,16.0,0.8794909490573208
19.0,1.0,17.0,0.471202972922885
19.0,1.0,18.0,-0.5250281349736357
19.0,1.0,19.0,-0.5392632486848461
19.0,1.0,20.0,-0.5321512179179253
19.0,1.0,21.0,0.43336789844749396
19.0,2.0,1.0,0.18082803020984278
19.0,2.0,2.0,-0.20226599232441955
19.0,2.0,3.0,0.2400839919535974
19.0,2.0,4.0,-0.21236061764767133
19.0,2.0,5.0,-0.501095953377014
19.0,2.0,6.0,-0.8266350047069845
19.0,2.0,7.0,1.0291471704888837
19.0,2.0,8.0,-1.0068848950240925
19.0,2.0,9.0,0.931810654375979
19.0,2.0,10.0,-0.8007844390769561
19.0,2.0,11.0,0.5421908334661641
19.0,2.0,12.0,-0.344064223789041
19.0,2.0,13.0,-6.839254079906572e-07
19.0,2.0,14.0,0.36117708821486116
19.0,2.0,15.0,-0.3786004671173457
19.0,2.0,16.0,-0.39523589192977904
19.0,2.0,17.0,-0.47261680824328733
19.0,2.0,18.0,0.5108880373575193
19.0,2.0,19.0,-0.5410589977891563
19.0,2.0,20.0,0.6470322276738552
19.0,2.0,21.0,0.6627156076858929
20.0,1.0,1.0,0.40243513725448454
20.0,1.0,2.0,-0.49845537862828315
20.0,1.0,3.0,0.5313308443816386
20.0,1.0,4.0,-0.5161551294123418
20.0,1.0,5.0,0.36658105645081057
20.0,1.0,6.0,-0.2334465059102866
20.0,1.0,7.0,-0.2978047293452032
20.0,1.0,8.0,0.4113080643470249
20.0,1.0,9.0,-0.3734686499377264
20.0,1.0,10.0,0.6000508362574786
20.0,1.0,11.0,-0.8658312894692828
20.0,1.0,12.0,-0.9957852104777328
20.0,1.0,13.0,1.061971036375067
20.0,1.0,14.0,-1.0422050526872468
20.0,1.0,15.0,-0.9970796081384163
20.0,1.0,16.0,-0.761821437275587
20.0,1.0,17.0,0.4913137843388673
20.0,1.0,18.0,-0.2990550138631358
20.0,1.0,19.0,-0.15598520179428815
20.0,1.0,20.0,-0.28840147937542043
20.0,1.0,21.0,-0.08702295741441296
20.0,2.0,1.0,-0.04744516149922594
20.0,2.0,2.0,-0.33616172943068917
20.0,2.0,3.0,0.5768847598473892
20.0,2.0,4.0,0.5829298375336255
20.0,2.0,5.0,-0.5827799364529331
20.0,2.0,6.0,0.8279621627324496
20.0,2.0,7.0,0.9959223032190747
20.0,2.0,8.0,-1.0154794203978417
20.0,2.0,9.0,0.959097566050542
20.0,2.0,10.0,-0.8365281209093635
20.0,2.0,11.0,-0.5617995268517421
20.0,2.0,12.0,0.4474937933198244
20.0,2.0,13.0,-0.39185713712816356
20.0,2.0,14.0,0.33140168697385347
20.0,2.0,15.0,0.34906220078959543
20.0,2.0,16.0,0.4831402935022203
20.0,2.0,17.0,0.5481581102280227
20.0,2.0,18.0,-0.6141241038086309
20.0,2.0,19.0,0.6755363052586573
20.0,2.0,20.0,0.6776318560143487
20.0,2.0,21.0,-0.6602567416511369
21.0,1.0,1.0,0.5994124535869898
21.0,1.0,2.0,0.554905461359415
21.0,1.0,3.0,-0.5590093123552788
21.0,1.0,4.0,-0.7700163929626795
21.0,1.0,5.0,0.8391232116743582
21.0,1.0,6.0,-0.9093899800214219
21.0,1.0,7.0,0.9506267454620407
21.0,1.0,8.0,0.9030385182861566
21.0,1.0,9.0,-0.8917060579359309
21.0,1.0,10.0,0.9349724161272482
21.0,1.0,11.0,0.9977646750316141
21.0,1.0,12.0,-1.0190998742501016
21.0,1.0,13.0,1.040281216508845
21.0,1.0,14.0,1.0807021458477324
21.0,1.0,15.0,-1.0521501608151793
21.0,1.0,16.0,0.8956069458703168
21.0,1.0,17.0,-0.634429030532455
21.0,1.0,18.0,0.4809819421594874
21.0,1.0,19.0,0.5441244262024695
21.0,1.0,20.0,-0.5516487083350332
21.0,1.0,21.0,-0.5537734628557288
21.0,2.0,1.0,-0.5329338814678188
21.0,2.0,2.0,0.5621887490465386
21.0,2.0,3.0,-0.23175195814667132
21.0,2.0,4.0,0.06522119324877268
21.0,2.0,5.0,-0.0200616958261291
21.0,2.0,6.0,0.001165355214657732
21.0,2.0,7.0,-0.3243561241677843
21.0,2.0,8.0,0.1359500254993467
21.0,2.0,9.0,1.3109970228228989e-09
21.0,2.0,10.0,1.5525300118091483e-07
21.0,2.0,11.0,0.23496904834317264
21.0,2.0,12.0,0.12941255347642472
21.0,2.0,13.0,-0.452170468411722
21.0,2.0,14.0,-0.3313119879417071
21.0,2.0,15.0,0.2705265222834857
21.0,2.0,16.0,-0.0733017144373948
21.0,2.0,17.0,-0.3087975923674554
21.0,2.0,18.0,-0.2613264455178026
21.0,2.0,19.0,-0.44632651080603747
21.0,2.0,20.0,0.31072579160481456
21.0,2.0,21.0,0.3312647293896599
22.0,1.0,1.0,-0.597238076109031
22.0,1.0,2.0,-0.6332452404486512
22.0,1.0,3.0,-0.608953142600282
22.0,1.0,4.0,0.545003486920442
22.0,1.0,5.0,-0.6017601534578054
22.0,1.0,6.0,0.753226550472909
22.0,1.0,7.0,-0.872426779690514
22.0,1.0,8.0,0.857298622744711
22.0,1.0,9.0,-0.964260452799647
22.0,1.0,10.0,1.0884848214589864
22.0,1.0,11.0,1.1243428665331299
22.0,1.0,12.0,-1.1745348509465647
22.0,1.0,13.0,-1.1525298394466543
22.0,1.0,14.0,-1.1237806876678667
22.0,1.0,15.0,1.0250650029340491
22.0,1.0,16.0,0.8607166716306743
22.0,1.0,17.0,0.6575203124905927
22.0,1.0,18.0,-0.576568485008278
22.0,1.0,19.0,0.5552179876729547
22.0,1.0,20.0,-0.5555122472833521
22.0,1.0,21.0,-0.5384324799443831
22.0,2.0,1.0,-0.5048131219435084
22.0,2.0,2.0,0.4377418616206291
22.0,2.0,3.0,-0.5004017446794082
22.0,2.0,4.0,-0.4105102698074052
22.0,2.0,5.0,-0.5793747736553033
22.0,2.0,6.0,-0.5177107004596962
22.0,2.0,7.0,-0.42141524277253434
22.0,2.0,8.0,-0.2901635243753178
22.0,2.0,9.0,-0.113265114293628
22.0,2.0,10.0,0.0008358663241856928
22.0,2.0,11.0,-5.970409312174451e-05
22.0,2.0,12.0,0.02138966282138693
22.0,2.0,13.0,0.07923214184321671
22.0,2.0,14.0,1.0517122278289969e-06
22.0,2.0,15.0,-0.0016454523058025549
22.0,2.0,16.0,-0.3671037129310164
22.0,2.0,17.0,0.24356687593953558
22.0,2.0,18.0,-0.08601712895850698
22.0,2.0,19.0,0.4616360761594954
22.0,2.0,20.0,-0.608823614850148
22.0,2.0,21.0,0.49042789795287955
23.0,1.0,1.0,-0.498757494805117
23.0,1.0,2.0,-0.6319477200748201
23.0,1.0,3.0,-0.5772348585775128
23.0,1.0,4.0,-0.607996682331137
23.0,1.0,5.0,-0.6574329407761947
23.0,1.0,6.0,-0.702975005006243
23.0,1.0,7.0,0.8665794169812732
23.0,1.0,8.0,-0.900497066949619
23.0,1.0,9.0,-0.9478507851796021
23.0,1.0,10.0,-0.9284950524059113
23.0,1.0,11.0,0.9519518766627945
23.0,1.0,12.0,-0.9787274209171548
23.0,1.0,13.0,0.9354973804992062
23.0,1.0,14.0,0.91148623618253
23.0,1.0,15.0,0.9686891466432225
23.0,1.0,16.0,-0.8322779610045382
23.0,1.0,17.0,-0.636759910137766
23.0,1.0,18.0,0.543649523849891
23.0,1.0,19.0,0.6875670261180834
23.0,1.0,20.0,-0.6488852145692274
23.0,1.0,21.0,0.6085015399691547
23.0,2.0,1.0,0.31210519778653095
23.0,2.0,2.0,-0.4005669478625908
23.0,2.0,3.0,-0.31804861923694944
23.0,2.0,4.0,-0.36676311931473904
23.0,2.0,5.0,-0.27041233190253555
23.0,2.0,6.0,-0.30259766367578284
23.0,2.0,7.0,-0.426996991174479
23.0,2.0,8.0,0.26231700549718096
23.0,2.0,9.0,0.011115971823087236
23.0,2.0,10.0,-0.0012983010738493283
23.0,2.0,11.0,-0.44359335301323694
23.0,2.0,12.0,-0.0270290556323972
23.0,2.0,13.0,-0.3905150223974948
23.0,2.0,14.0,-0.3497883606301827
23.0,2.0,15.0,-0.23676430406233862
23.0,2.0,16.0,-0.3057929264785332
23.0,2.0,17.0,-0.5416163729140707
23.0,2.0,18.0,0.604622325315358
23.0,2.0,19.0,0.6037006898814863
23.0,2.0,20.0,0.618601639328381
23.0,2.0,21.0,-0.6113572642239513
24.0,1.0,1.0,-0.3514998285517977
24.0,1.0,2.0,0.43982236940169106
24.0,1.0,3.0,0.5282219960919344
24.0,1.0,4.0,-0.4991253230664976
24.0,1.0,5.0,0.5461084480479923
24.0,1.0,6.0,-0.7525679356057029
24.0,1.0,7.0,-0.868021633445164
24.0,1.0,8.0,0.8875253352897599
24.0,1.0,9.0,-0.9952019044336832
24.0,1.0,10.0,1.040184189112551
24.0,1.0,11.0,-1.053687238204077
24.0,1.0,12.0,1.0725605580249262
24.0,1.0,13.0,-1.0137412936433206
24.0,1.0,14.0,1.0164791853265174
24.0,1.0,15.0,1.022377207494561
24.0,1.0,16.0,-0.8512535790966264
24.0,1.0,17.0,0.5651496374774403
24.0,1.0,18.0,0.1566201115749525
24.0,1.0,19.0,0.27524061449016063
24.0,1.0,20.0,-0.4958978997665352
24.0,1.0,21.0,0.581747566749215
24.0,2.0,1.0,0.4408111803294041
24.0,2.0,2.0,-0.24514942022622335
24.0,2.0,3.0,0.4341163949235429
24.0,2.0,4.0,-0.4956013341710019
24.0,2.0,5.0,0.47114757503596555
24.0,2.0,6.0,-0.003854717705753772
24.0,2.0,7.0,-0.3736481991468656
24.0,2.0,8.0,0.3622385070386634
24.0,2.0,9.0,0.07440737868086354
24.0,2.0,10.0,-2.590751765548319e-05
24.0,2.0,11.0,-0.08405824851657448
24.0,2.0,12.0,-0.3014598731059751
24.0,2.0,13.0,-0.36211160939027986
24.0,2.0,14.0,-0.22295724230042452
24.0,2.0,15.0,-0.16217199448477285
24.0,2.0,16.0,8.656279522650074e-05
24.0,2.0,17.0,0.02880921055162503
24.0,2.0,18.0,0.5244411707492264
24.0,2.0,19.0,0.5475557553930495
24.0,2.0,20.0,0.5307496762513156
24.0,2.0,21.0,-0.4502145361247411
25.0,1.0,1.0,-0.45077731590904957
25.0,1.0,2.0,0.5272470627955939
25.0,1.0,3.0,0.4669263811642102
25.0,1.0,4.0,0.4116628403346327
25.0,1.0,5.0,0.3416962557563155
25.0,1.0,6.0,0.8046193386914091
25.0,1.0,7.0,0.9711467572785483
25.0,1.0,8.0,-1.0333290960079506
25.0,1.0,9.0,-0.990120443901754
25.0,1.0,10.0,-0.9759496958617696
25.0,1.0,11.0,-1.0058140924324601
25.0,1.0,12.0,0.9861421947301068
25.0,1.0,13.0,1.022082416341896
25.0,1.0,14.0,-1.0557364915835952
25.0,1.0,15.0,0.9634174034974932
25.0,1.0,16.0,0.9020661710304412
25.0,1.0,17.0,-0.7541990818187879
25.0,1.0,18.0,-0.6917822660547052
25.0,1.0,19.0,-0.6418676694938585
25.0,1.0,20.0,0.5455981668958559
25.0,1.0,21.0,0.5104170839057363
25.0,2.0,1.0,-0.40883523509850583
25.0,2.0,2.0,0.5985672237786168
25.0,2.0,3.0,-0.5230760640640346
25.0,2.0,4.0,-0.5802662887875848
25.0,2.0,5.0,0.5431171379124202
25.0,2.0,6.0,0.4754134108295952
25.0,2.0,7.0,0.23641391616055452
25.0,2.0,8.0,0.07948351456454139
25.0,2.0,9.0,0.0839061848002845
25.0,2.0,10.0,-1.8635924608586909e-06
25.0,2.0,11.0,0.012073084917801766
25.0,2.0,12.0,-6.300100943681593e-08
25.0,2.0,13.0,-0.20722121397613308
25.0,2.0,14.0,0.3584038497389621
25.0,2.0,15.0,-0.4388391290172338
25.0,2.0,16.0,0.4104671455427633
25.0,2.0,17.0,-0.11576341507306319
25.0,2.0,18.0,-0.2867672491344912
25.0,2.0,19.0,-0.35030343354704613
25.0,2.0,20.0,0.347119667234478
25.0,2.0,21.0,0.5426352995861985
26.0,1.0,1.0,-0.6866477040621409
26.0,1.0,2.0,-0.7628221060814812
26.0,1.0,3.0,0.6952855619521467
26.0,1.0,4.0,-0.5410835452959947
26.0,1.0,5.0,0.4680613253834656
26.0,1.0,6.0,-0.6961328791408916
26.0,1.0,7.0,0.874238975008262
26.0,1.0,8.0,-0.8951662976210925
26.0,1.0,9.0,-0.9324104090116332
26.0,1.0,10.0,-0.8955591320447006
26.0,1.0,11.0,0.9584511707750477
26.0,1.0,12.0,0.9912193445993659
26.0,1.0,13.0,0.9838148314372334
26.0,1.0,14.0,-0.9489305473399409
26.0,1.0,15.0,1.0004033199561009
26.0,1.0,16.0,-0.9115144808092253
26.0,1.0,17.0,-0.8317720863420704
26.0,1.0,18.0,-0.8008200546038385
26.0,1.0,19.0,-0.7382499294697533
26.0,1.0,20.0,0.761870304452957
26.0,1.0,21.0,0.7880338034213955
26.0,2.0,1.0,0.1391229512091705
26.0,2.0,2.0,-0.042870764400037176
26.0,2.0,3.0,0.23708531990757642
26.0,2.0,4.0,-0.13637144110770857
26.0,2.0,5.0,-0.008618387084394887
26.0,2.0,6.0,0.3784616888476473
26.0,2.0,7.0,0.4690750931862898
26.0,2.0,8.0,-0.4856187183985245
26.0,2.0,9.0,0.3885949969184484
26.0,2.0,10.0,-0.39494541064324845
26.0,2.0,11.0,-0.43407911445745584
26.0,2.0,12.0,0.38086887672757097
26.0,2.0,13.0,-0.36174995369902746
26.0,2.0,14.0,-6.084027802782468e-07
26.0,2.0,15.0,1.0910149717590864e-06
26.0,2.0,16.0,-0.2266688447201222
26.0,2.0,17.0,0.13257559949875153
26.0,2.0,18.0,-0.006818912546334048
26.0,2.0,19.0,-0.0015336785444244672
26.0,2.0,20.0,0.054140184016326254
26.0,2.0,21.0,-0.45409775013144954
27.0,1.0,1.0,-0.19810067492584563
27.0,1.0,2.0,0.20395710751540067
27.0,1.0,3.0,-0.3709177793830872
27.0,1.0,4.0,0.5250327697576954
27.0,1.0,5.0,0.7261909204452762
27.0,1.0,6.0,0.843840239684809
27.0,1.0,7.0,0.8156739698192415
27.0,1.0,8.0,0.8056662055630408
27.0,1.0,9.0,0.9070813475775642
27.0,1.0,10.0,-0.8964132736677001
27.0,1.0,11.0,-0.9037373674805053
27.0,1.0,12.0,0.9575207266544564
27.0,1.0,13.0,-0.9402176150331127
27.0,1.0,14.0,0.8938621483653137
27.0,1.0,15.0,-0.9155326551274164
27.0,1.0,16.0,0.7719968598105456
27.0,1.0,17.0,-0.6078454207671554
27.0,1.0,18.0,-0.42155187948498896
27.0,1.0,19.0,0.3838269728385531
27.0,1.0,20.0,-0.4498581908769132
27.0,1.0,21.0,-0.41328771863362496
27.0,2.0,1.0,-0.49763218666164166
27.0,2.0,2.0,-0.6769374539293349
27.0,2.0,3.0,0.7218885789749706
27.0,2.0,4.0,-0.606044325692721
27.0,2.0,5.0,-0.38316419000371743
27.0,2.0,6.0,-0.2937669196079628
27.0,2.0,7.0,0.41711036349972447
27.0,2.0,8.0,-0.36956669937107905
27.0,2.0,9.0,-0.1154453532743628
27.0,2.0,10.0,-0.02260340962540709
27.0,2.0,11.0,-0.3527920281653779
27.0,2.0,12.0,0.2102973726794174
27.0,2.0,13.0,-0.269115794473075
27.0,2.0,14.0,-0.4503010407194985
27.0,2.0,15.0,-0.13650567950706805
27.0,2.0,16.0,-0.31103230116697883
27.0,2.0,17.0,0.5591171638065532
27.0,2.0,18.0,-0.6523841957606349
27.0,2.0,19.0,0.5602847821663374
27.0,2.0,20.0,-0.4483985190529326
27.0,2.0,21.0,-0.366261483904938
28.0,1.0,1.0,0.5152799596512473
28.0,1.0,2.0,0.6286181868801373
28.0,1.0,3.0,-0.7058575932914294
28.0,1.0,4.0,-0.6698541749801512
28.0,1.0,5.0,0.6722082657227931
28.0,1.0,6.0,0.788720272357469
28.0,1.0,7.0,0.8785974251799911
28.0,1.0,8.0,0.9184493438915929
28.0,1.0,9.0,0.9422012318868533
28.0,1.0,10.0,-1.011290254440135
28.0,1.0,11.0,1.0159042244155276
28.0,1.0,12.0,1.0572218401887243
28.0,1.0,13.0,-1.0835513346666612
28.0,1.0,14.0,-1.0437510644173706
28.0,1.0,15.0,-0.9212515752279368
28.0,1.0,16.0,0.829615805323412
28.0,1.0,17.0,-0.718841649585296
28.0,1.0,18.0,0.6178105520127971
28.0,1.0,19.0,-0.5036892645126755
28.0,1.0,20.0,0.5656259935084965
28.0,1.0,21.0,0.6425743060780488
28.0,2.0,1.0,0.5071415150952371
28.0,2.0,2.0,-0.17775276444821095
28.0,2.0,3.0,-0.018294171401396178
28.0,2.0,4.0,0.010632916214331847
28.0,2.0,5.0,0.28807305604310707
28.0,2.0,6.0,0.03985932090704334
28.0,2.0,7.0,-0.059203733513295574
28.0,2.0,8.0,0.27447171086294153
28.0,2.0,9.0,4.7157781768600935e-07
28.0,2.0,10.0,0.00025701421075863734
28.0,2.0,11.0,-0.30264366035282353
28.0,2.0,12.0,0.13344416823487437
28.0,2.0,13.0,-0.28222986532743827
28.0,2.0,14.0,0.44409339686850363
28.0,2.0,15.0,-0.3794577679831911
28.0,2.0,16.0,0.4091560854740902
28.0,2.0,17.0,-0.5033974267017757
28.0,2.0,18.0,0.49595366347191555
28.0,2.0,19.0,0.55498639553827
28.0,2.0,20.0,0.6463141578929897
28.0,2.0,21.0,0.6601553717530152
29.0,1.0,1.0,0.09027662724758019
29.0,1.0,2.0,-0.035882001871986854
29.0,1.0,3.0,-0.4032869279577166
29.0,1.0,4.0,-0.5580374349342132
29.0,1.0,5.0,-0.698579779802841
29.0,1.0,6.0,0.8913981433460908
29.0,1.0,7.0,0.9214089303903031
29.0,1.0,8.0,0.9186271752878064
29.0,1.0,9.0,0.9218810610927514
29.0,1.0,10.0,0.94896359264146
29.0,1.0,11.0,0.9275446623700334
29.0,1.0,12.0,-0.9424723908073621
29.0,1.0,13.0,-0.9703683984477168
29.0,1.0,14.0,0.9973783219338629
29.0,1.0,15.0,0.8921388715840014
29.0,1.0,16.0,-0.7544433257983789
29.0,1.0,17.0,0.5090030945300432
29.0,1.0,18.0,-0.477387311795003
29.0,1.0,19.0,0.25850224071826633
29.0,1.0,20.0,-0.06305304609006647
29.0,1.0,21.0,-0.20493062006029578
29.0,2.0,1.0,-0.562450153991329
29.0,2.0,2.0,0.6043753489618505
29.0,2.0,3.0,-0.6148354020286356
29.0,2.0,4.0,0.5109790809841146
29.0,2.0,5.0,-0.35524323324928053
29.0,2.0,6.0,-0.38994199837397486
29.0,2.0,7.0,0.28249565574942076
29.0,2.0,8.0,-0.26577225300137425
29.0,2.0,9.0,-1.3624309880282372e-05
29.0,2.0,10.0,0.002058246979211842
29.0,2.0,11.0,-0.41600984017721404
29.0,2.0,12.0,-0.2124193130123678
29.0,2.0,13.0,0.0008011789498733258
29.0,2.0,14.0,-0.23140608840078186
29.0,2.0,15.0,0.0031204208221953162
29.0,2.0,16.0,0.5330654356831674
29.0,2.0,17.0,0.578785964864933
29.0,2.0,18.0,-0.5562167024388849
29.0,2.0,19.0,-0.5998485686603112
29.0,2.0,20.0,-0.6013551150899219
29.0,2.0,21.0,0.5716900264341688
30.0,1.0,1.0,-0.4881810477404465
30.0,1.0,2.0,0.6399818822329711
30.0,1.0,3.0,0.6962303181944995
30.0,1.0,4.0,0.6670627074625607
30.0,1.0,5.0,0.6584795844716843
30.0,1.0,6.0,-0.6468537845461299
30.0,1.0,7.0,-0.7564541636214341
30.0,1.0,8.0,-0.8525211898079443
30.0,1.0,9.0,0.9578008349279966
30.0,1.0,10.0,-0.9663427061856221
30.0,1.0,11.0,0.9792632718701741
30.0,1.0,12.0,0.9740660038896095
30.0,1.0,13.0,-0.991549109154922
30.0,1.0,14.0,1.0328797119762727
30.0,1.0,15.0,-1.0695230005679768
30.0,1.0,16.0,-0.9544091844763871
30.0,1.0,17.0,0.7586280349222048
30.0,1.0,18.0,0.6067140483055734
30.0,1.0,19.0,0.5724654725728724
30.0,1.0,20.0,0.5421759118372765
30.0,1.0,21.0,0.4595601222574619
30.0,2.0,1.0,-0.5358923112111486
30.0,2.0,2.0,-0.6435838514533537
30.0,2.0,3.0,-0.435913081748723
30.0,2.0,4.0,-0.21977255094737058
30.0,2.0,5.0,0.4632958752074712
30.0,2.0,6.0,0.2731903818323912
30.0,2.0,7.0,0.1822816509227579
30.0,2.0,8.0,0.0006717928996759131
30.0,2.0,9.0,0.26077171112832487
30.0,2.0,10.0,0.20985360644578413
30.0,2.0,11.0,0.1852695901528173
30.0,2.0,12.0,-0.19361251461512033
30.0,2.0,13.0,-0.12554249432436546
30.0,2.0,14.0,-1.4766232887568173e-06
30.0,2.0,15.0,-0.17689962344247792
30.0,2.0,16.0,0.36039354773274856
30.0,2.0,17.0,0.46464312346884096
30.0,2.0,18.0,0.43095244390589377
30.0,2.0,19.0,0.48407307273797656
30.0,2.0,20.0,0.39823846697247517
30.0,2.0,21.0,-0.07163506227823918
31.0,1.0,1.0,0.47807769898080427
31.0,1.0,2.0,0.5139164972259671
31.0,1.0,3.0,0.5988210162300894
31.0,1.0,4.0,0.6035312523511267
31.0,1.0,5.0,0.6171882614143918
31.0,1.0,6.0,0.8249069945336956
31.0,1.0,7.0,-0.9240739792770752
31.0,1.0,8.0,0.9263438244548794
31.0,1.0,9.0,-0.8954233948040391
31.0,1.0,10.0,0.8390909449378973
31.0,1.0,11.0,0.49543038230046416
31.0,1.0,12.0,0.2218686141284979
31.0,1.0,13.0,-0.01295187610954272
31.0,1.0,14.0,2.375971204317926e-05
31.0,1.0,15.0,-0.015783685199564797
31.0,1.0,16.0,-0.10951725446797096
31.0,1.0,17.0,0.2459020617725005
31.0,1.0,18.0,0.3623413304207618
31.0,1.0,19.0,0.32044588852194866
31.0,1.0,20.0,0.39670626324725095
31.0,1.0,21.0,-0.3756396000614172
31.0,2.0,1.0,0.018509586405134476
31.0,2.0,2.0,0.0004448117215091984
31.0,2.0,3.0,0.18499689671791947
31.0,2.0,4.0,0.1636164344363107
31.0,2.0,5.0,-0.10212284527676754
31.0,2.0,6.0,-0.44736906481525335
31.0,2.0,7.0,0.3788242738913074
31.0,2.0,8.0,0.09305330802464523
31.0,2.0,9.0,-0.09008435372227325
31.0,2.0,10.0,-0.3685898945310358
31.0,2.0,11.0,-0.7562348116703063
31.0,2.0,12.0,0.9348738612604681
31.0,2.0,13.0,0.959724484084527
31.0,2.0,14.0,1.0280810509945197
31.0,2.0,15.0,-1.0683255100955436
31.0,2.0,16.0,0.9739180575999773
31.0,2.0,17.0,-0.7765779249312319
31.0,2.0,18.0,0.6802050694535474
31.0,2.0,19.0,-0.5503524074969417
31.0,2.0,20.0,0.6277097420966811
31.0,2.0,21.0,-0.5861238035624817
32.0,1.0,1.0,0.36037726396607794
32.0,1.0,2.0,0.5477983104526359
32.0,1.0,3.0,0.6523657184751737
32.0,1.0,4.0,-0.5624155021982664
32.0,1.0,5.0,-0.521245904034074
32.0,1.0,6.0,-0.7368988942906741
32.0,1.0,7.0,-0.8802619004876842
32.0,1.0,8.0,-0.9682421176237672
32.0,1.0,9.0,0.9643541504514267
32.0,1.0,10.0,0.891808739505504
32.0,1.0,11.0,-0.4999887675119839
32.0,1.0,12.0,0.2158144106418282
32.0,1.0,13.0,-0.36473326357085417
32.0,1.0,14.0,0.0007142570316005281
32.0,1.0,15.0,2.7307905983657204e-05
32.0,1.0,16.0,-0.2627576081556647
32.0,1.0,17.0,0.32981831464629674
32.0,1.0,18.0,0.652910576125697
32.0,1.0,19.0,0.721583640750051
32.0,1.0,20.0,-0.6924725689372684
32.0,1.0,21.0,-0.7599810515349974
32.0,2.0,1.0,-0.41160197194690423
32.0,2.0,2.0,0.38159410071966193
32.0,2.0,3.0,0.3489081224320302
32.0,2.0,4.0,0.29111293899156454
32.0,2.0,5.0,0.49974674303023314
32.0,2.0,6.0,-0.04962661709686933
32.0,2.0,7.0,-1.4988678698026736e-05
32.0,2.0,8.0,-0.14900391482089279
32.0,2.0,9.0,-0.31697538709999107
32.0,2.0,10.0,0.44822203588774195
32.0,2.0,11.0,-0.7299966189322514
32.0,2.0,12.0,-0.8968087014699312
32.0,2.0,13.0,0.8716933652752626
32.0,2.0,14.0,-0.8890608754802573
32.0,2.0,15.0,0.8987095648350815
32.0,2.0,16.0,0.8119562500540851
32.0,2.0,17.0,-0.5178068980218978
32.0,2.0,18.0,-0.4044187183841133
32.0,2.0,19.0,0.19726310644160627
32.0,2.0,20.0,-0.0003499081939296849
32.0,2.0,21.0,-0.020676146753211992
33.0,1.0,1.0,-0.39205186880732285
33.0,1.0,2.0,-0.539293602571334
33.0,1.0,3.0,-0.5437273342314051
33.0,1.0,4.0,-0.39599510271051225
33.0,1.0,5.0,-0.36658116831713433
33.0,1.0,6.0,0.6243255382687859
33.0,1.0,7.0,-0.9082899423737557
33.0,1.0,8.0,0.9896624749297777
33.0,1.0,9.0,0.9499763077974402
33.0,1.0,10.0,-0.9677216286812719
33.0,1.0,11.0,-0.7182960489919599
33.0,1.0,12.0,0.2527399452164185
33.0,1.0,13.0,0.3566310622411285
33.0,1.0,14.0,-0.001180894476712131
33.0,1.0,15.0,0.27868003740803243
33.0,1.0,16.0,0.3300594410183883
33.0,1.0,17.0,-0.4692290004486951
33.0,1.0,18.0,0.6951871196363895
33.0,1.0,19.0,0.8152661239539747
33.0,1.0,20.0,0.8573640257084848
33.0,1.0,21.0,-0.8876281368124517
33.0,2.0,1.0,-0.4595037103818134
33.0,2.0,2.0,0.5582008842082101
33.0,2.0,3.0,-0.6094155725139251
33.0,2.0,4.0,0.4483934801313003
33.0,2.0,5.0,-0.34394502844930147
33.0,2.0,6.0,-0.4506624127544616
33.0,2.0,7.0,-0.4253909785924568
33.0,2.0,8.0,0.37344747552319735
33.0,2.0,9.0,-0.00011402719238937694
33.0,2.0,10.0,0.2152426340148053
33.0,2.0,11.0,0.6065413358972472
33.0,2.0,12.0,-0.8614856424638047
33.0,2.0,13.0,0.9808330574667601
33.0,2.0,14.0,1.0097386586820065
33.0,2.0,15.0,1.0022284207341337
33.0,2.0,16.0,-0.9255997015666176
33.0,2.0,17.0,0.6061854792049245
33.0,2.0,18.0,0.4439781420610469
33.0,2.0,19.0,-0.2923952190459784
33.0,2.0,20.0,-0.0819385533457971
33.0,2.0,21.0,-0.06764886681780656
34.0,1.0,1.0,-0.3793984839186969
34.0,1.0,2.0,-0.3353073847768038
34.0,1.0,3.0,-0.38504628564402593
34.0,1.0,4.0,0.5584949710062511
34.0,1.0,5.0,0.5143687195035846
34.0,1.0,6.0,-0.6559183958746292
34.0,1.0,7.0,0.784035862992511
34.0,1.0,8.0,-0.9260814623763892
34.0,1.0,9.0,-0.9396444446845371
34.0,1.0,10.0,0.8833799459210641
34.0,1.0,11.0,-0.67801395826615
34.0,1.0,12.0,-0.3874329260112499
34.0,1.0,13.0,-0.412633917071797
34.0,1.0,14.0,0.24475169354079349
34.0,1.0,15.0,-0.3717351342040301
34.0,1.0,16.0,-0.23379917206649323
34.0,1.0,17.0,0.2557704131480315
34.0,1.0,18.0,-0.00510646360541352
34.0,1.0,19.0,-0.02537453450790346
34.0,1.0,20.0,-0.4660346666829457
34.0,1.0,21.0,-0.5050887283406702
34.0,2.0,1.0,0.5236529286168115
34.0,2.0,2.0,-0.6046510825791656
34.0,2.0,3.0,-0.6718401209428688
34.0,2.0,4.0,-0.6406182884861348
34.0,2.0,5.0,-0.4783956616011028
34.0,2.0,6.0,0.4854372217972497
34.0,2.0,7.0,-0.4127516211477476
34.0,2.0,8.0,-0.16174942797357272
34.0,2.0,9.0,0.03707819958703309
34.0,2.0,10.0,-0.3829049582108315
34.0,2.0,11.0,0.8055286659759562
34.0,2.0,12.0,0.9227402166145013
34.0,2.0,13.0,-0.9848834758721893
34.0,2.0,14.0,0.9923505836574615
34.0,2.0,15.0,1.000706895670648
34.0,2.0,16.0,-0.8761614428630805
34.0,2.0,17.0,-0.6566720273678712
34.0,2.0,18.0,-0.6397166284263485
34.0,2.0,19.0,-0.42557945731910546
34.0,2.0,20.0,0.24235434218617122
34.0,2.0,21.0,-0.3521940670527919
35.0,1.0,1.0,-0.29476615974476517
35.0,1.0,2.0,0.4438036545754908
35.0,1.0,3.0,0.4169211243015637
35.0,1.0,4.0,0.3894889093863985
35.0,1.0,5.0,0.5677763647335733
35.0,1.0,6.0,-0.7602161439384644
35.0,1.0,7.0,0.8760452848699216
35.0,1.0,8.0,0.9048129783993164
35.0,1.0,9.0,0.9305258336843308
35.0,1.0,10.0,-0.8488789426742154
35.0,1.0,11.0,-0.662200895070401
35.0,1.0,12.0,-0.4630904682266525
35.0,1.0,13.0,-0.35743366738408544
35.0,1.0,14.0,-0.12047427307915155
35.0,1.0,15.0,-0.31441131637207637
35.0,1.0,16.0,0.45780351686385684
35.0,1.0,17.0,0.26496695245800644
35.0,1.0,18.0,0.07515510969194904
35.0,1.0,19.0,0.000746194862105275
35.0,1.0,20.0,0.03388565460914415
35.0,1.0,21.0,0.08291765766542189
35.0,2.0,1.0,0.5081829910189732
35.0,2.0,2.0,-0.6557229933151574
35.0,2.0,3.0,0.7095989986848278
35.0,2.0,4.0,0.7120339075199091
35.0,2.0,5.0,0.5433388229947148
35.0,2.0,6.0,-0.3432673430897666
35.0,2.0,7.0,-0.44172963630924506
35.0,2.0,8.0,-0.33267719115404265
35.0,2.0,9.0,-0.42792885952672655
35.0,2.0,10.0,-0.2276498502751705
35.0,2.0,11.0,0.6786698648628289
35.0,2.0,12.0,-0.8235563566378423
35.0,2.0,13.0,0.9264041103005807
35.0,2.0,14.0,0.8729011285843069
35.0,2.0,15.0,0.9048962359892536
35.0,2.0,16.0,0.8071607028479124
35.0,2.0,17.0,0.6716930176533596
35.0,2.0,18.0,-0.7486359390748983
35.0,2.0,19.0,-0.7813450957962365
35.0,2.0,20.0,0.8018902555332319
35.0,2.0,21.0,0.7824630221735682
36.0,1.0,1.0,0.30034993163094087
36.0,1.0,2.0,0.4166720920653743
36.0,1.0,3.0,0.5231655710018377
36.0,1.0,4.0,0.630963993089975
36.0,1.0,5.0,-0.686161886026332
36.0,1.0,6.0,0.8734017742356739
36.0,1.0,7.0,0.9522255446831757
36.0,1.0,8.0,-0.8928411123597766
36.0,1.0,9.0,0.8764033826707086
36.0,1.0,10.0,0.7230239244752127
36.0,1.0,11.0,0.5200600792108607
36.0,1.0,12.0,0.01915562699073616
36.0,1.0,13.0,-0.01718196434436334
36.0,1.0,14.0,-0.5137476939765936
36.0,1.0,15.0,0.23030063198331008
36.0,1.0,16.0,0.26209427965736903
36.0,1.0,17.0,0.07058008532577356
36.0,1.0,18.0,0.16032124497965747
36.0,1.0,19.0,0.5230343800416245
36.0,1.0,20.0,-0.5951479582401554
36.0,1.0,21.0,0.6545175546139064
36.0,2.0,1.0,0.4840719254998169
36.0,2.0,2.0,0.6628435494481468
36.0,2.0,3.0,-0.6614214934825791
36.0,2.0,4.0,-0.5430182873940376
36.0,2.0,5.0,0.4652462557420476
36.0,2.0,6.0,-0.30619463366046207
36.0,2.0,7.0,-0.373359058210883
36.0,2.0,8.0,-0.2133556874249551
36.0,2.0,9.0,0.37579440164977895
36.0,2.0,10.0,0.3784319485882021
36.0,2.0,11.0,-0.7909176556294636
36.0,2.0,12.0,0.8939288351107035
36.0,2.0,13.0,0.8502046715596024
36.0,2.0,14.0,-0.8503411356451205
36.0,2.0,15.0,-0.9881168432259946
36.0,2.0,16.0,0.9097747830368005
36.0,2.0,17.0,-0.7537048767975095
36.0,2.0,18.0,-0.6493361575085057
36.0,2.0,19.0,0.5068693437818578
36.0,2.0,20.0,-0.14575651260099154
36.0,2.0,21.0,-0.027596379436283226
37.0,1.0,1.0,0.547817620378849
37.0,1.0,2.0,0.6343714857575934
37.0,1.0,3.0,-0.6203389121134809
37.0,1.0,4.0,0.5687475593296573
37.0,1.0,5.0,0.4936962123272476
37.0,1.0,6.0,-0.7747818128310634
37.0,1.0,7.0,-0.9224371914382435
37.0,1.0,8.0,-0.9544069642387055
37.0,1.0,9.0,-0.9002455507821827
37.0,1.0,10.0,-0.8063118781064555
37.0,1.0,11.0,0.5130288472518559
37.0,1.0,12.0,0.10098259184373713
37.0,1.0,13.0,0.0002814618355912495
37.0,1.0,14.0,0.20200637455173123
37.0,1.0,15.0,0.20776803977541353
37.0,1.0,16.0,-0.3228962978780828
37.0,1.0,17.0,-0.019429895549407907
37.0,1.0,18.0,-0.15295470253877935
37.0,1.0,19.0,-0.3791963041459326
37.0,1.0,20.0,-0.42093004564284553
37.0,1.0,21.0,0.13845811567399888
37.0,2.0,1.0,-0.47429354456961725
37.0,2.0,2.0,0.5811922944164026
37.0,2.0,3.0,0.3669870624435132
37.0,2.0,4.0,0.025571572365117656
37.0,2.0,5.0,0.38068183836977354
37.0,2.0,6.0,-0.34351927826399636
37.0,2.0,7.0,-0.3546632319933526
37.0,2.0,8.0,0.4957278224098428
37.0,2.0,9.0,0.4794649527030844
37.0,2.0,10.0,-0.5404928831196524
37.0,2.0,11.0,-0.862791452697221
37.0,2.0,12.0,1.0554695338756674
37.0,2.0,13.0,1.0832974301844096
37.0,2.0,14.0,-1.0774906579213652
37.0,2.0,15.0,1.026755234922449
37.0,2.0,16.0,-0.8618388893176087
37.0,2.0,17.0,-0.6098779924086584
37.0,2.0,18.0,0.5929367466282326
37.0,2.0,19.0,0.5942210213131421
37.0,2.0,20.0,-0.40461807186811144
37.0,2.0,21.0,0.15471086734690168
38.0,1.0,1.0,-0.6748195789926608
38.0,1.0,2.0,0.8559662186497403
38.0,1.0,3.0,0.8859795792475351
38.0,1.0,4.0,0.8436409383795669
38.0,1.0,5.0,-0.8064610225151039
38.0,1.0,6.0,0.8743028782249846
38.0,1.0,7.0,-0.9638617285934862
38.0,1.0,8.0,-0.9863884155519059
38.0,1.0,9.0,-0.9881752732148842
38.0,1.0,10.0,0.8780012775199226
38.0,1.0,11.0,0.603094994676548
38.0,1.0,12.0,-0.2252578593267002
38.0,1.0,13.0,0.0718301321927049
38.0,1.0,14.0,-0.31791182610961455
38.0,1.0,15.0,0.26799771722265103
38.0,1.0,16.0,0.40719587125980516
38.0,1.0,17.0,-0.2519381382720688
38.0,1.0,18.0,0.5582758494093253
38.0,1.0,19.0,-0.7637729154388444
38.0,1.0,20.0,-0.740173504240739
38.0,1.0,21.0,0.6944583339177376
38.0,2.0,1.0,-0.19974346837166482
38.0,2.0,2.0,0.05728438055336574
38.0,2.0,3.0,0.1054117002441743
38.0,2.0,4.0,-0.0034215623822696772
38.0,2.0,5.0,-0.0017281474534237707
38.0,2.0,6.0,0.01701747388175518
38.0,2.0,7.0,-0.30593915544057865
38.0,2.0,8.0,0.32051387348556876
38.0,2.0,9.0,-0.25766018728323015
38.0,2.0,10.0,-0.22413338872788924
38.0,2.0,11.0,-0.690188292106046
38.0,2.0,12.0,0.9194544937163348
38.0,2.0,13.0,1.0357341878375068
38.0,2.0,14.0,-1.0267265188944243
38.0,2.0,15.0,0.9975396483911005
38.0,2.0,16.0,-0.8727960377797654
38.0,2.0,17.0,0.6384983388371377
38.0,2.0,18.0,0.5265455889838822
38.0,2.0,19.0,-0.4548823423432818
38.0,2.0,20.0,0.15002876167977533
38.0,2.0,21.0,-0.007594984236461346
39.0,1.0,1.0,0.5924501826132073
39.0,1.0,2.0,-0.6694628025471671
39.0,1.0,3.0,-0.6323384444125443
39.0,1.0,4.0,0.6742938389520162
39.0,1.0,5.0,-0.7193978513449852
39.0,1.0,6.0,-0.8176535180564142
39.0,1.0,7.0,-0.9089609227553425
39.0,1.0,8.0,-0.9667626158725569
39.0,1.0,9.0,0.9221322584772301
39.0,1.0,10.0,-0.7956807863839045
39.0,1.0,11.0,-0.681261949651372
39.0,1.0,12.0,0.4086632663000241
39.0,1.0,13.0,-0.2500493749692886
39.0,1.0,14.0,-0.2689306333898844
39.0,1.0,15.0,-0.182480401394478
39.0,1.0,16.0,0.22564772339274103
39.0,1.0,17.0,-0.35422876553719257
39.0,1.0,18.0,0.5385483660391734
39.0,1.0,19.0,0.27686564845101724
39.0,1.0,20.0,4.624197688623801e-05
39.0,1.0,21.0,0.04648136991520516
39.0,2.0,1.0,-0.48540810072410223
39.0,2.0,2.0,0.42680929766321396
39.0,2.0,3.0,-0.2000863140605977
39.0,2.0,4.0,-0.32257669770670083
39.0,2.0,5.0,0.3148254994401675
39.0,2.0,6.0,0.3106451575134371
39.0,2.0,7.0,-0.1198915014504652
39.0,2.0,8.0,0.32531900220377746
39.0,2.0,9.0,-0.12433973521352805
39.0,2.0,10.0,0.3865015951203334
39.0,2.0,11.0,-0.7795219718157613
39.0,2.0,12.0,-0.9835260105314985
39.0,2.0,13.0,-1.0005994666752958
39.0,2.0,14.0,-1.0279411233334816
39.0,2.0,15.0,0.9205708951263459
39.0,2.0,16.0,0.7093177574926555
39.0,2.0,17.0,-0.4775272235185695
39.0,2.0,18.0,0.3781696113164623
39.0,2.0,19.0,-0.5047846307302714
39.0,2.0,20.0,0.5936995445803088
39.0,2.0,21.0,-0.6560433078710247
40.0,1.0,1.0,0.4800564450106452
40.0,1.0,2.0,0.5972995682087656
40.0,1.0,3.0,-0.626628990049229
40.0,1.0,4.0,-0.650484397718173
40.0,1.0,5.0,-0.7585522215770836
40.0,1.0,6.0,0.8886621676391455
40.0,1.0,7.0,-0.9416589774875946
40.0,1.0,8.0,0.9345671430521681
40.0,1.0,9.0,0.9027752625824924
40.0,1.0,10.0,0.8347816585376568
40.0,1.0,11.0,0.5506961232508526
40.0,1.0,12.0,0.07114857315013692
40.0,1.0,13.0,0.017999754677345457
40.0,1.0,14.0,-0.24624937300966768
40.0,1.0,15.0,0.32150647346177347
40.0,1.0,16.0,0.383496243034579
40.0,1.0,17.0,0.3432810775045546
40.0,1.0,18.0,0.6176546135720854
40.0,1.0,19.0,0.7333668256978625
40.0,1.0,20.0,-0.804008561165472
40.0,1.0,21.0,0.8551260399192858
40.0,2.0,1.0,0.2717951776949648
40.0,2.0,2.0,0.4762767159533409
40.0,2.0,3.0,0.44278547119809475
40.0,2.0,4.0,0.5162337019732615
40.0,2.0,5.0,0.514759436202974
40.0,2.0,6.0,-0.43804446818013837
40.0,2.0,7.0,0.45117824963484343
40.0,2.0,8.0,-0.24481674734786102
40.0,2.0,9.0,0.006162760386988438
40.0,2.0,10.0,-0.08969562359547056
40.0,2.0,11.0,0.7543204793714477
40.0,2.0,12.0,-0.9958418788352535
40.0,2.0,13.0,-0.995279983905556
40.0,2.0,14.0,-0.9977176513258998
40.0,2.0,15.0,-0.9761081150035644
40.0,2.0,16.0,-0.685801214161384
40.0,2.0,17.0,0.24969626584236826
40.0,2.0,18.0,0.22791617964843774
40.0,2.0,19.0,0.37383897984486236
40.0,2.0,20.0,0.3162474792468746
40.0,2.0,21.0,-0.26879372716748656
41.0,1.0,1.0,-0.5725724951905465
41.0,1.0,2.0,0.6816378025712582
41.0,1.0,3.0,0.677757389039645
41.0,1.0,4.0,-0.6203756368279892
41.0,1.0,5.0,0.5831130100738627
41.0,1.0,6.0,-0.7082110165593798
41.0,1.0,7.0,0.8193675395969137
41.0,1.0,8.0,-0.6998792692942643
41.0,1.0,9.0,-0.4044503607358357
41.0,1.0,10.0,0.08293299262384643
41.0,1.0,11.0,-0.3809506668895703
41.0,1.0,12.0,-0.0029444257899251414
41.0,1.0,13.0,0.23793999139312055
41.0,1.0,14.0,3.135695877762165e-07
41.0,1.0,15.0,0.18202799077416798
41.0,1.0,16.0,-0.27042106240603503
41.0,1.0,17.0,0.09767950100118082
41.0,1.0,18.0,-0.362263227234579
41.0,1.0,19.0,-0.5125814106965179
41.0,1.0,20.0,-0.5936959358192606
41.0,1.0,21.0,-0.5984170294077873
41.0,2.0,1.0,0.04907307181898621
41.0,2.0,2.0,0.18679381302275475
41.0,2.0,3.0,-0.4017512912796951
41.0,2.0,4.0,0.4024488741965806
41.0,2.0,5.0,-0.460878764769484
41.0,2.0,6.0,0.33043305949070834
41.0,2.0,7.0,-0.2990832723351172
41.0,2.0,8.0,0.48619554612805727
41.0,2.0,9.0,0.7012050402936753
41.0,2.0,10.0,0.8423114552407932
41.0,2.0,11.0,-1.0049930525388755
41.0,2.0,12.0,-1.0123037846727492
41.0,2.0,13.0,0.9586605207634445
41.0,2.0,14.0,-0.9781611170453005
41.0,2.0,15.0,1.0131346203658262
41.0,2.0,16.0,0.9916401236272034
41.0,2.0,17.0,0.8143737393778142
41.0,2.0,18.0,-0.7288936212638129
41.0,2.0,19.0,-0.5266912713403235
41.0,2.0,20.0,-0.490259931214298
41.0,2.0,21.0,0.37601418055509
42.0,1.0,1.0,-0.5345533911414866
42.0,1.0,2.0,0.6088328274041824
42.0,1.0,3.0,-0.4675747868444652
42.0,1.0,4.0,0.4557549996933602
42.0,1.0,5.0,-0.5326907500419307
42.0,1.0,6.0,-0.5595710711583751
42.0,1.0,7.0,0.6858724638613912
42.0,1.0,8.0,0.7844548059235179
42.0,1.0,9.0,-0.6092123985263771
42.0,1.0,10.0,-0.45127255634624935
42.0,1.0,11.0,0.2282267549865697
42.0,1.0,12.0,-0.05179425117268453
42.0,1.0,13.0,6.45463796777466e-07
42.0,1.0,14.0,-0.2831038294490628
42.0,1.0,15.0,0.4866033208099723
42.0,1.0,16.0,-0.5552251914549376
42.0,1.0,17.0,-0.6242582046369258
42.0,1.0,18.0,0.6785296484445331
42.0,1.0,19.0,-0.7133600823954298
42.0,1.0,20.0,-0.7809504669342959
42.0,1.0,21.0,-0.7678689170251319
42.0,2.0,1.0,0.42721805082718967
42.0,2.0,2.0,0.4826372919345864
42.0,2.0,3.0,-0.5526151403891554
42.0,2.0,4.0,0.5900696681736285
42.0,2.0,5.0,-0.5520574400358622
42.0,2.0,6.0,-0.35765893049367425
42.0,2.0,7.0,0.23578241482292162
42.0,2.0,8.0,-0.4114613764706397
42.0,2.0,9.0,-0.696898558761723
42.0,2.0,10.0,0.7741888118444582
42.0,2.0,11.0,0.8954220358936478
42.0,2.0,12.0,-0.9836996751415575
42.0,2.0,13.0,-0.9532753859899354
42.0,2.0,14.0,-0.9487555978389411
42.0,2.0,15.0,0.9543910957008198
42.0,2.0,16.0,0.755992265886586
42.0,2.0,17.0,0.44855165100702965
42.0,2.0,18.0,-0.11258546793132893
42.0,2.0,19.0,-0.007177475260625658
42.0,2.0,20.0,-0.04007893442589151
42.0,2.0,21.0,-0.07605631946457693
43.0,1.0,1.0,0.47722265544217624
43.0,1.0,2.0,-0.5503950526511313
43.0,1.0,3.0,0.6116871432986735
43.0,1.0,4.0,0.6524912786686159
43.0,1.0,5.0,0.774555502270538
43.0,1.0,6.0,0.8103694418524037
43.0,1.0,7.0,0.8481870994323916
43.0,1.0,8.0,0.6668703115901146
43.0,1.0,9.0,-0.5209741771490191
43.0,1.0,10.0,0.4270547677906379
43.0,1.0,11.0,-0.0004336229941843375
43.0,1.0,12.0,0.19794850781673065
43.0,1.0,13.0,-0.37124111004959465
43.0,1.0,14.0,-0.3089085843051105
43.0,1.0,15.0,0.007297096938144737
43.0,1.0,16.0,0.08452793422472553
43.0,1.0,17.0,-0.13760518976289685
43.0,1.0,18.0,-0.17208322592228148
43.0,1.0,19.0,0.019494101817123143
43.0,1.0,20.0,-0.2901172209345547
43.0,1.0,21.0,0.01798451999318491
43.0,2.0,1.0,-0.38936272926996085
43.0,2.0,2.0,0.5772623815129908
43.0,2.0,3.0,0.6184473457507792
43.0,2.0,4.0,0.3639912367785286
43.0,2.0,5.0,0.3339398461975438
43.0,2.0,6.0,0.434975332832083
43.0,2.0,7.0,-0.5112716428529943
43.0,2.0,8.0,0.5335496941825878
43.0,2.0,9.0,-0.7894612997359276
43.0,2.0,10.0,-0.8655240809918288
43.0,2.0,11.0,-0.9276991969610341
43.0,2.0,12.0,1.0328140441696576
43.0,2.0,13.0,1.0048962235272958
43.0,2.0,14.0,1.0031951494006859
43.0,2.0,15.0,1.0713357566963062
43.0,2.0,16.0,-0.9722307255419377
43.0,2.0,17.0,0.8148068991373847
43.0,2.0,18.0,0.7641415812942349
43.0,2.0,19.0,-0.6707742477276475
43.0,2.0,20.0,-0.7645698510933692
43.0,2.0,21.0,-0.7358777908217057
44.0,1.0,1.0,-0.4046364633678361
44.0,1.0,2.0,0.4303543366475905
44.0,1.0,3.0,0.6099927795753687
44.0,1.0,4.0,-0.5041565390640514
44.0,1.0,5.0,0.5036487506635807
44.0,1.0,6.0,0.6750559602537282
44.0,1.0,7.0,-0.8568028548050066
44.0,1.0,8.0,0.7658748846362539
44.0,1.0,9.0,-0.4950881028164157
44.0,1.0,10.0,-0.006155313440680901
44.0,1.0,11.0,-0.22865236225894534
44.0,1.0,12.0,0.41585080841808286
44.0,1.0,13.0,-0.08157502676803807
44.0,1.0,14.0,-0.2530880409315641
44.0,1.0,15.0,-0.3121549017266366
44.0,1.0,16.0,-0.21826933064190995
44.0,1.0,17.0,0.5431653493295377
44.0,1.0,18.0,-0.5675407873670664
44.0,1.0,19.0,-0.6194389410386877
44.0,1.0,20.0,-0.5959811269036254
44.0,1.0,21.0,0.7085712602356278
44.0,2.0,1.0,0.5687075477396168
44.0,2.0,2.0,-0.5204228504764067
44.0,2.0,3.0,-0.4613641902588555
44.0,2.0,4.0,-0.5049654250618542
44.0,2.0,5.0,0.4298820590082377
44.0,2.0,6.0,0.29709584779169257
44.0,2.0,7.0,0.23507811913804263
44.0,2.0,8.0,-0.3921564524521578
44.0,2.0,9.0,0.4713140697558205
44.0,2.0,10.0,0.7786631191612224
44.0,2.0,11.0,0.950195165798918
44.0,2.0,12.0,-1.0446642664462262
44.0,2.0,13.0,-1.0215759812749095
44.0,2.0,14.0,-1.0082454261969973
44.0,2.0,15.0,-0.9568066006271888
44.0,2.0,16.0,-0.8585163696164863
44.0,2.0,17.0,-0.6258511945335022
44.0,2.0,18.0,-0.5420211826955901
44.0,2.0,19.0,-0.4452060529045837
44.0,2.0,20.0,0.464344927589847
44.0,2.0,21.0,-0.22784803994178404
45.0,1.0,1.0,-0.3465675481722165
45.0,1.0,2.0,0.339019433687153
45.0,1.0,3.0,0.4001974991575662
45.0,1.0,4.0,-0.3589298156757709
45.0,1.0,5.0,0.3543078975798967
45.0,1.0,6.0,-0.6761922685672461
45.0,1.0,7.0,-0.7370342458325481
45.0,1.0,8.0,0.7978227347037468
45.0,1.0,9.0,-0.48194824447940454
45.0,1.0,10.0,-0.08358210760101212
45.0,1.0,11.0,-0.2846684778927797
45.0,1.0,12.0,0.30413515741839836
45.0,1.0,13.0,-0.290541076275717
45.0,1.0,14.0,-0.0035505222167108346
45.0,1.0,15.0,-0.24034804052540387
45.0,1.0,16.0,0.5055983779188696
45.0,1.0,17.0,-0.4278061986403179
45.0,1.0,18.0,-0.35851724341495317
45.0,1.0,19.0,0.2976644832666166
45.0,1.0,20.0,-0.3593649516529731
45.0,1.0,21.0,-0.4325391378902726
45.0,2.0,1.0,-0.4676334381266079
45.0,2.0,2.0,-0.5612300801810601
45.0,2.0,3.0,-0.5866652794429978
45.0,2.0,4.0,0.4661468502871611
45.0,2.0,5.0,-0.5055965427492812
45.0,2.0,6.0,-0.41991016422494304
45.0,2.0,7.0,-0.4394002152951646
45.0,2.0,8.0,-0.4610679600302134
45.0,2.0,9.0,0.6309492076977086
45.0,2.0,10.0,-0.7959502246691786
45.0,2.0,11.0,-0.8948832617284946
45.0,2.0,12.0,-0.9279605851020839
45.0,2.0,13.0,-0.9177182411845409
45.0,2.0,14.0,-0.9519707953801042
45.0,2.0,15.0,1.0105193191124529
45.0,2.0,16.0,-0.9121168850751041
45.0,2.0,17.0,-0.7119071751786056
45.0,2.0,18.0,-0.6847015030952932
45.0,2.0,19.0,0.6758789750020207
45.0,2.0,20.0,0.5809551927153934
45.0,2.0,21.0,-0.460846129103283
46.0,1.0,1.0,-0.5681378763873064
46.0,1.0,2.0,0.6677781706370501
46.0,1.0,3.0,0.6933515816366762
46.0,1.0,4.0,0.6128068257173596
46.0,1.0,5.0,-0.5763698922516294
46.0,1.0,6.0,-0.6405570010169811
46.0,1.0,7.0,-0.7590793835698318
46.0,1.0,8.0,-0.7827020606697399
46.0,1.0,9.0,-0.5447917019822313
46.0,1.0,10.0,-0.27387671615730586
46.0,1.0,11.0,-0.311588861353503
46.0,1.0,12.0,0.08374261614282551
46.0,1.0,13.0,-0.25735112876317673
46.0,1.0,14.0,-0.3295459352168796
46.0,1.0,15.0,0.3206126429978208
46.0,1.0,16.0,-0.32572008872237207
46.0,1.0,17.0,-0.23632146625583345
46.0,1.0,18.0,0.2518341398493744
46.0,1.0,19.0,-0.023808023432752668
46.0,1.0,20.0,-0.00432815016338831
46.0,1.0,21.0,-0.038655561501202904
46.0,2.0,1.0,0.14788387727485516
46.0,2.0,2.0,0.2175832163230625
46.0,2.0,3.0,-0.40610149018292047
46.0,2.0,4.0,0.4024588716935436
46.0,2.0,5.0,0.5155697959947528
46.0,2.0,6.0,0.4989165560238392
46.0,2.0,7.0,-0.4193428838956613
46.0,2.0,8.0,-0.3760167208450731
46.0,2.0,9.0,0.6435256994529698
46.0,2.0,10.0,-0.858388573108034
46.0,2.0,11.0,-0.9843771929011373
46.0,2.0,12.0,1.0787490328254654
46.0,2.0,13.0,1.080213501201492
46.0,2.0,14.0,-1.072498256375958
46.0,2.0,15.0,-1.014748280960874
46.0,2.0,16.0,0.9475113816822119
46.0,2.0,17.0,0.867503453729438
46.0,2.0,18.0,-0.8719295506590871
46.0,2.0,19.0,-0.8111614648446943
46.0,2.0,20.0,-0.7103981044809139
46.0,2.0,21.0,-0.700013839355156
47.0,1.0,1.0,0.3487033332940198
47.0,1.0,2.0,0.46334927311907786
47.0,1.0,3.0,-0.5940147003343802
47.0,1.0,4.0,-0.6132246684844561
47.0,1.0,5.0,-0.5104301748757192
47.0,1.0,6.0,-0.5802787540585344
47.0,1.0,7.0,0.7133194403587251
47.0,1.0,8.0,-0.7923114442358048
47.0,1.0,9.0,0.5648703419238253
47.0,1.0,10.0,-0.20136584281465603
47.0,1.0,11.0,0.2116581531258105
47.0,1.0,12.0,0.3024148968102441
47.0,1.0,13.0,-0.001432293412030079
47.0,1.0,14.0,-0.32096564110490505
47.0,1.0,15.0,0.4036449702351579
47.0,1.0,16.0,-0.05169630136300583
47.0,1.0,17.0,-0.45671198598312995
47.0,1.0,18.0,-0.6057424361812227
47.0,1.0,19.0,-0.6171675912747264
47.0,1.0,20.0,0.6640051586233653
47.0,1.0,21.0,-0.6555871405048883
47.0,2.0,1.0,-0.582369445302099
47.0,2.0,2.0,-0.681757663557349
47.0,2.0,3.0,-0.6503405486606996
47.0,2.0,4.0,0.6155881088560289
47.0,2.0,5.0,0.5113883310068434
47.0,2.0,6.0,-0.4929932101615509
47.0,2.0,7.0,-0.02419136498406438
47.0,2.0,8.0,-0.3961033882685423
47.0,2.0,9.0,-0.6729933738761528
47.0,2.0,10.0,0.7407309966324372
47.0,2.0,11.0,0.8545539464126952
47.0,2.0,12.0,0.9362717713835003
47.0,2.0,13.0,0.9811212159051004
47.0,2.0,14.0,1.0738732987784034
47.0,2.0,15.0,1.0782858541964986
47.0,2.0,16.0,0.9191639291783346
47.0,2.0,17.0,-0.7186528965506968
47.0,2.0,18.0,0.5730275017798834
47.0,2.0,19.0,0.45143844518260423
47.0,2.0,20.0,0.3703678394319479
47.0,2.0,21.0,0.44546122086836293
48.0,1.0,1.0,-0.4035632139893621
48.0,1.0,2.0,-0.47021029027379807
48.0,1.0,3.0,-0.44318180441119026
48.0,1.0,4.0,-0.47210326726488017
48.0,1.0,5.0,0.5790380033179443
48.0,1.0,6.0,0.7643138072667631
48.0,1.0,7.0,-0.7982515660856755
48.0,1.0,8.0,-0.7426907928363126
48.0,1.0,9.0,0.5582197611361995
48.0,1.0,10.0,-0.19815557364165634
48.0,1.0,11.0,0.013449006187224857
48.0,1.0,12.0,0.013418981926984536
48.0,1.0,13.0,-0.1928991593845385
48.0,1.0,14.0,1.4382093046192554e-05
48.0,1.0,15.0,0.3553339525215601
48.0,1.0,16.0,-0.4388233110980866
48.0,1.0,17.0,-0.49294576997652995
48.0,1.0,18.0,0.60624254625288
48.0,1.0,19.0,-0.5618927097021053
48.0,1.0,20.0,0.35336826159242934
48.0,1.0,21.0,-0.03931345133157225
48.0,2.0,1.0,-0.07688503323858042
48.0,2.0,2.0,0.42759499937010664
48.0,2.0,3.0,-0.6655573341668657
48.0,2.0,4.0,0.679288172723636
48.0,2.0,5.0,-0.40165815989792963
48.0,2.0,6.0,-0.2781551837666411
48.0,2.0,7.0,-0.32315321156863663
48.0,2.0,8.0,0.32023217904897827
48.0,2.0,9.0,0.7401996696542373
48.0,2.0,10.0,0.8237239953032836
48.0,2.0,11.0,0.9377364495942327
48.0,2.0,12.0,-1.0675761375294461
48.0,2.0,13.0,-1.0820792006136444
48.0,2.0,14.0,0.9784607163066967
48.0,2.0,15.0,0.9250266731370848
48.0,2.0,16.0,0.730474962911537
48.0,2.0,17.0,-0.7109894541262427
48.0,2.0,18.0,-0.6990137700629295
48.0,2.0,19.0,-0.5478273837522748
48.0,2.0,20.0,0.4749727672007815
48.0,2.0,21.0,0.582698213993828
49.0,1.0,1.0,0.38064965419984886
49.0,1.0,2.0,0.4818961252677842
49.0,1.0,3.0,0.40157931048799744
49.0,1.0,4.0,0.31442222285443083
49.0,1.0,5.0,-0.38826621528369787
49.0,1.0,6.0,-0.6348557997149508
49.0,1.0,7.0,0.7760177874637962
49.0,1.0,8.0,-0.7337004364854692
49.0,1.0,9.0,-0.6260739767478731
49.0,1.0,10.0,0.460254758128532
49.0,1.0,11.0,0.3268255092397233
49.0,1.0,12.0,0.3040169547744669
49.0,1.0,13.0,-0.3180111704166056
49.0,1.0,14.0,-0.010333463864767087
49.0,1.0,15.0,-0.0021443485615211203
49.0,1.0,16.0,0.0025711829904194647
49.0,1.0,17.0,-0.17037518355826747
49.0,1.0,18.0,0.10192334143328208
49.0,1.0,19.0,-0.01046730556857761
49.0,1.0,20.0,-0.04739238612376763
49.0,1.0,21.0,-0.17767140924743757
49.0,2.0,1.0,0.4829793354972895
49.0,2.0,2.0,-0.5947067837623402
49.0,2.0,3.0,-0.5667864640965797
49.0,2.0,4.0,-0.5545049106805446
49.0,2.0,5.0,0.5361853137102747
49.0,2.0,6.0,-0.5511810555353445
49.0,2.0,7.0,0.3368817022633764
49.0,2.0,8.0,0.4090784516110518
49.0,2.0,9.0,-0.6704429195961491
49.0,2.0,10.0,-0.8854286563378537
49.0,2.0,11.0,-0.9978755859322354
49.0,2.0,12.0,1.0288364387866844
49.0,2.0,13.0,-1.0052656765599814
49.0,2.0,14.0,0.9839728549715772
49.0,2.0,15.0,0.9782840196122019
49.0,2.0,16.0,0.814063894714042
49.0,2.0,17.0,-0.7056901110472665
49.0,2.0,18.0,0.7306728108594013
49.0,2.0,19.0,0.7320130010763708
49.0,2.0,20.0,-0.7278749618688121
49.0,2.0,21.0,-0.7761645195017832
50.0,1.0,1.0,0.4055545997170353
50.0,1.0,2.0,-0.39749829249476815
50.0,1.0,3.0,-0.33960478529424243
50.0,1.0,4.0,-0.38959090278619485
50.0,1.0,5.0,0.5712330282459801
50.0,1.0,6.0,0.6912118760176443
50.0,1.0,7.0,-0.8191656664483058
50.0,1.0,8.0,-0.7708213006555701
50.0,1.0,9.0,-0.5474285147338034
50.0,1.0,10.0,0.04973807367939958
50.0,1.0,11.0,-4.3061568741374945e-05
50.0,1.0,12.0,-0.00032020357083456546
50.0,1.0,13.0,0.3087259123461231
50.0,1.0,14.0,0.3848286594206893
50.0,1.0,15.0,-0.18779575152681965
50.0,1.0,16.0,-0.28855456994733664
50.0,1.0,17.0,0.5644113953289454
50.0,1.0,18.0,-0.7333702124738546
50.0,1.0,19.0,-0.8097519113929208
50.0,1.0,20.0,0.7429754719507666
50.0,1.0,21.0,-0.6902852206753065
50.0,2.0,1.0,0.43885856430338915
50.0,2.0,2.0,-0.549070372644162
50.0,2.0,3.0,0.5874200401535292
50.0,2.0,4.0,0.5178820424318765
50.0,2.0,5.0,0.5507935282848274
50.0,2.0,6.0,-0.5033245820028235
50.0,2.0,7.0,0.024085504314329667
50.0,2.0,8.0,-0.38898014860023417
50.0,2.0,9.0,0.6640242208178111
50.0,2.0,10.0,0.7458384715553694
50.0,2.0,11.0,-0.8655027329400272
50.0,2.0,12.0,-0.9347970804075043
50.0,2.0,13.0,0.8880693247944828
50.0,2.0,14.0,-1.0038633154825536
50.0,2.0,15.0,0.9794232640453616
50.0,2.0,16.0,-0.8227940541598047
50.0,2.0,17.0,-0.5955570792131836
50.0,2.0,18.0,0.3354006116934377
50.0,2.0,19.0,0.2624770408709138
50.0,2.0,20.0,0.3235794658710705
50.0,2.0,21.0,0.36779130471706806
51.0,1.0,1.0,-0.7130091452302559
51.0,1.0,2.0,-0.796707379918715
51.0,1.0,3.0,0.7001797825707569
51.0,1.0,4.0,-0.7011515110364687
51.0,1.0,5.0,-0.6481530179959407
51.0,1.0,6.0,-0.7541232242155451
51.0,1.0,7.0,0.7835847315508804
51.0,1.0,8.0,-0.7868539475108839
51.0,1.0,9.0,0.5391161336996242
51.0,1.0,10.0,-0.3321307518113234
51.0,1.0,11.0,0.007012321875354124
51.0,1.0,12.0,-0.012634303090473408
51.0,1.0,13.0,-0.31314072514917796
51.0,1.0,14.0,-0.27164477461803826
51.0,1.0,15.0,-0.32014116199881054
51.0,1.0,16.0,0.4548870352786358
51.0,1.0,17.0,0.5343971951067823
51.0,1.0,18.0,-0.37998177473349265
51.0,1.0,19.0,0.35395672306629883
51.0,1.0,20.0,0.4352885129963476
51.0,1.0,21.0,-0.3417077347074145
51.0,2.0,1.0,0.23033871846015952
51.0,2.0,2.0,0.1558439226284145
51.0,2.0,3.0,-0.005856632953606449
51.0,2.0,4.0,0.08058094988873368
51.0,2.0,5.0,-6.752486256131836e-06
51.0,2.0,6.0,-0.1841225312790785
51.0,2.0,7.0,0.32454248479053077
51.0,2.0,8.0,0.5761320288910966
51.0,2.0,9.0,-0.7490654070134156
51.0,2.0,10.0,-0.8736649521924454
51.0,2.0,11.0,0.9927007017826827
51.0,2.0,12.0,1.0979226845528844
51.0,2.0,13.0,-1.0982653376343579
51.0,2.0,14.0,-1.0419962546621655
51.0,2.0,15.0,0.964319579507726
51.0,2.0,16.0,-0.7957936345273879
51.0,2.0,17.0,0.7143581424293056
51.0,2.0,18.0,-0.6989835831387728
51.0,2.0,19.0,0.6990778423175301
51.0,2.0,20.0,0.7028802616265842
51.0,2.0,21.0,-0.6921594079715143
52.0,1.0,1.0,-0.3365402683328759
52.0,1.0,2.0,0.3679038245919891
52.0,1.0,3.0,0.2151575135524376
52.0,1.0,4.0,0.4514449498332506
52.0,1.0,5.0,0.4662794482319052
52.0,1.0,6.0,0.5726659692722563
52.0,1.0,7.0,-0.7887210303829991
52.0,1.0,8.0,0.7373560826481493
52.0,1.0,9.0,0.5855240843967303
52.0,1.0,10.0,0.3914809312557342
52.0,1.0,11.0,0.2568148565119014
52.0,1.0,12.0,-0.022358180584617787
52.0,1.0,13.0,-0.0015775331973179052
52.0,1.0,14.0,1.9758402248467512e-05
52.0,1.0,15.0,-0.0009781401640933814
52.0,1.0,16.0,0.03431630569845552
52.0,1.0,17.0,-0.3536348510219443
52.0,1.0,18.0,-0.5449294106977942
52.0,1.0,19.0,0.5244384576114279
52.0,1.0,20.0,0.6199000267636949
52.0,1.0,21.0,-0.6674559206203522
52.0,2.0,1.0,-0.5591008649861879
52.0,2.0,2.0,0.6971123877939932
52.0,2.0,3.0,0.7225753093117704
52.0,2.0,4.0,-0.7482304290630485
52.0,2.0,5.0,0.5495950545358461
52.0,2.0,6.0,0.4614082653913592
52.0,2.0,7.0,-0.3367858850938208
52.0,2.0,8.0,0.4510582842681827
52.0,2.0,9.0,0.6667863599365319
52.0,2.0,10.0,0.8303243588528697
52.0,2.0,11.0,-0.9412467297955128
52.0,2.0,12.0,-1.0196742606249065
52.0,2.0,13.0,-1.0043417352264719
52.0,2.0,14.0,1.0089079341566445
52.0,2.0,15.0,0.9751797229748277
52.0,2.0,16.0,-0.7808240313426278
52.0,2.0,17.0,0.5084739327622261
52.0,2.0,18.0,0.5257700503528832
52.0,2.0,19.0,-0.5384094764090649
52.0,2.0,20.0,-0.5256017641055452
52.0,2.0,21.0,0.4274338262518218
53.0,1.0,1.0,-0.6097616335438959
53.0,1.0,2.0,-0.6320858025504981
53.0,1.0,3.0,0.6544367789521496
53.0,1.0,4.0,0.6940807702299989
53.0,1.0,5.0,0.678607795317386
53.0,1.0,6.0,0.7446248462396665
53.0,1.0,7.0,-0.8402234162268282
53.0,1.0,8.0,0.827559810942928
53.0,1.0,9.0,0.5702982086757382
53.0,1.0,10.0,0.2691185804993661
53.0,1.0,11.0,0.2886845083670649
53.0,1.0,12.0,0.21036400804930852
53.0,1.0,13.0,0.09266171775246128
53.0,1.0,14.0,0.4040767396750162
53.0,1.0,15.0,-0.006610290846145861
53.0,1.0,16.0,0.2702088614840168
53.0,1.0,17.0,0.31129387156661675
53.0,1.0,18.0,0.3788313685047037
53.0,1.0,19.0,-0.28568857421386323
53.0,1.0,20.0,0.03184210284897014
53.0,1.0,21.0,0.016867203109656115
53.0,2.0,1.0,-0.2154778612322291
53.0,2.0,2.0,-0.3069445548757481
53.0,2.0,3.0,0.5717441368814727
53.0,2.0,4.0,0.6268050962811681
53.0,2.0,5.0,-0.5418836733886593
53.0,2.0,6.0,-0.4772635775684613
53.0,2.0,7.0,0.0659442926668925
53.0,2.0,8.0,-0.0625128743291178
53.0,2.0,9.0,0.5137435101798061
53.0,2.0,10.0,-0.8313996077009719
53.0,2.0,11.0,-0.9803551906005746
53.0,2.0,12.0,1.041192836359261
53.0,2.0,13.0,1.0094421419070798
53.0,2.0,14.0,0.9681701670595108
53.0,2.0,15.0,0.9550693672836076
53.0,2.0,16.0,0.9386393781301968
53.0,2.0,17.0,0.8462065222734984
53.0,2.0,18.0,0.7780290780967094
53.0,2.0,19.0,0.7996781565252578
53.0,2.0,20.0,-0.8625101864253933
53.0,2.0,21.0,-0.8999357822848942
54.0,1.0,1.0,-0.5589877886786606
54.0,1.0,2.0,-0.6158960792114531
54.0,1.0,3.0,-0.5354037816975694
54.0,1.0,4.0,-0.44213469793696014
54.0,1.0,5.0,0.438160221097611
54.0,1.0,6.0,0.6262721319017853
54.0,1.0,7.0,0.6944751223637876
54.0,1.0,8.0,0.7182265506675972
54.0,1.0,9.0,0.6143939328266157
54.0,1.0,10.0,0.22408372295069054
54.0,1.0,11.0,-0.19846981248468207
54.0,1.0,12.0,2.6358380094009112e-06
54.0,1.0,13.0,1.1884248552738589e-07
54.0,1.0,14.0,-0.17435678561491036
54.0,1.0,15.0,-0.23471404338235502
54.0,1.0,16.0,-0.03780832266551446
54.0,1.0,17.0,-0.40141777074925616
54.0,1.0,18.0,-0.562344992608569
54.0,1.0,19.0,0.5745940998517725
54.0,1.0,20.0,-0.3392913310534178
54.0,1.0,21.0,0.46012292910407393
54.0,2.0,1.0,0.47467635846226186
54.0,2.0,2.0,-0.5920023755351745
54.0,2.0,3.0,-0.6077150402587056
54.0,2.0,4.0,-0.5739599060583245
54.0,2.0,5.0,-0.570844836690713
54.0,2.0,6.0,-0.46663863462724525
54.0,2.0,7.0,-0.4232696887880577
54.0,2.0,8.0,-0.2942269464951298
54.0,2.0,9.0,0.5538516920849508
54.0,2.0,10.0,-0.7567197625081723
54.0,2.0,11.0,-0.8924316530910005
54.0,2.0,12.0,-1.016429268716452
54.0,2.0,13.0,-1.0366024113779395
54.0,2.0,14.0,-1.0589193229905307
54.0,2.0,15.0,-1.0599140358387527
54.0,2.0,16.0,0.8690379683007634
54.0,2.0,17.0,-0.6885399140591291
54.0,2.0,18.0,-0.6462632215011358
54.0,2.0,19.0,0.623566446045633
54.0,2.0,20.0,0.5532847504895986
54.0,2.0,21.0,0.6427089305648295
55.0,1.0,1.0,-0.26471082792044875
55.0,1.0,2.0,0.3215594706943715
55.0,1.0,3.0,-0.5774903815316142
55.0,1.0,4.0,-0.623311718621028
55.0,1.0,5.0,-0.7152301324448513
55.0,1.0,6.0,-0.7493714943237308
55.0,1.0,7.0,-0.7661693357506002
55.0,1.0,8.0,0.662928637410769
55.0,1.0,9.0,0.5115890546733076
55.0,1.0,10.0,-0.039671286383768496
55.0,1.0,11.0,1.596069864327868e-05
55.0,1.0,12.0,-0.25587518386156505
55.0,1.0,13.0,-0.20998653108712093
55.0,1.0,14.0,-0.27742775581875817
55.0,1.0,15.0,-0.4027420258585637
55.0,1.0,16.0,0.17160778604135155
55.0,1.0,17.0,-0.00011061334200932945
55.0,1.0,18.0,-0.14571429534846858
55.0,1.0,19.0,0.30966687183598307
55.0,1.0,20.0,-0.40122548436510314
55.0,1.0,21.0,0.23993595294799125
55.0,2.0,1.0,-0.6071422161868356
55.0,2.0,2.0,-0.5989947439557487
55.0,2.0,3.0,0.4166670863741019
55.0,2.0,4.0,-0.07871593994063864
55.0,2.0,5.0,-0.03972414452608573
55.0,2.0,6.0,0.2593562669692113
55.0,2.0,7.0,-0.3067986306011364
55.0,2.0,8.0,0.24747429500682994
55.0,2.0,9.0,-0.6599919685192541
55.0,2.0,10.0,-0.7590150759882432
55.0,2.0,11.0,-0.8759454336530527
55.0,2.0,12.0,-0.911944671555092
55.0,2.0,13.0,-0.8966421254830284
55.0,2.0,14.0,0.9515759376023436
55.0,2.0,15.0,-0.9259620661351773
55.0,2.0,16.0,-0.8501671309411823
55.0,2.0,17.0,0.7334292763728582
55.0,2.0,18.0,-0.7746606849521944
55.0,2.0,19.0,-0.6403786635367302
55.0,2.0,20.0,0.04029079673371529
55.0,2.0,21.0,2.196566244359257e-05
56.0,1.0,1.0,0.19343896198642557
56.0,1.0,2.0,-0.31950352293510786
56.0,1.0,3.0,-0.4011537708207377
56.0,1.0,4.0,-0.5435928522834872
56.0,1.0,5.0,0.5642480835934738
56.0,1.0,6.0,-0.7370640100264897
56.0,1.0,7.0,-0.7723214073966781
56.0,1.0,8.0,0.6739079021963807
56.0,1.0,9.0,0.32838082051693346
56.0,1.0,10.0,0.0016676940155732755
56.0,1.0,11.0,-0.014495548169488816
56.0,1.0,12.0,-0.15080809242450413
56.0,1.0,13.0,0.17267457571722336
56.0,1.0,14.0,-0.24574189573411295
56.0,1.0,15.0,0.33171443138322915
56.0,1.0,16.0,0.3877876864951098
56.0,1.0,17.0,-0.49248734618199635
56.0,1.0,18.0,-0.4829411929686935
56.0,1.0,19.0,-0.43817571717536224
56.0,1.0,20.0,0.37219272451142327
56.0,1.0,21.0,-0.2147347921467413
56.0,2.0,1.0,-0.524109551926091
56.0,2.0,2.0,-0.7314249606380049
56.0,2.0,3.0,0.6992411964943408
56.0,2.0,4.0,0.5977691571439163
56.0,2.0,5.0,-0.276994632162919
56.0,2.0,6.0,-0.04054199765807513
56.0,2.0,7.0,-2.4228169149459856e-05
56.0,2.0,8.0,-0.47089308682653563
56.0,2.0,9.0,0.7125779583631391
56.0,2.0,10.0,-0.8745621140218969
56.0,2.0,11.0,0.9537681945711788
56.0,2.0,12.0,1.0176994005207862
56.0,2.0,13.0,1.0439975513607531
56.0,2.0,14.0,-1.0332587062855023
56.0,2.0,15.0,0.9538315480457724
56.0,2.0,16.0,0.7989302485513867
56.0,2.0,17.0,-0.6192423310472588
56.0,2.0,18.0,-0.6010597541105501
56.0,2.0,19.0,-0.5366939452041827
56.0,2.0,20.0,-0.5235844643632751
56.0,2.0,21.0,-0.5072837295066037
57.0,1.0,1.0,-0.5602671715418276
57.0,1.0,2.0,0.5579459308362449
57.0,1.0,3.0,-0.5959135363451423
57.0,1.0,4.0,-0.701640059258047
57.0,1.0,5.0,-0.7025780746971466
57.0,1.0,6.0,-0.7323632050893495
57.0,1.0,7.0,-0.7281604750630051
57.0,1.0,8.0,-0.8237584496566305
57.0,1.0,9.0,-0.6030546742446282
57.0,1.0,10.0,-0.019057101642085628
57.0,1.0,11.0,-2.291492469446188e-05
57.0,1.0,12.0,0.17627418068311893
57.0,1.0,13.0,-0.36234971332479127
57.0,1.0,14.0,-0.29579716286556407
57.0,1.0,15.0,0.08220625164388501
57.0,1.0,16.0,0.3085493281373484
57.0,1.0,17.0,0.37523047188587655
57.0,1.0,18.0,-0.31194519279349076
57.0,1.0,19.0,0.37052579031686406
57.0,1.0,20.0,-0.0020932883992116186
57.0,1.0,21.0,-0.006736465596913966
57.0,2.0,1.0,0.27364011793779625
57.0,2.0,2.0,-0.15406968531976958
57.0,2.0,3.0,-0.010177973997134377
57.0,2.0,4.0,-0.053008634216344164
57.0,2.0,5.0,-0.2796951275237288
57.0,2.0,6.0,0.059869257638608876
57.0,2.0,7.0,-0.3176683754126922
57.0,2.0,8.0,-0.49548139976418126
57.0,2.0,9.0,0.6828926770551051
57.0,2.0,10.0,-0.8567006781638382
57.0,2.0,11.0,0.9330375912866783
57.0,2.0,12.0,1.0119865286877057
57.0,2.0,13.0,1.0318757627264565
57.0,2.0,14.0,0.9971786823510623
57.0,2.0,15.0,-0.9576300521296397
57.0,2.0,16.0,-0.7951867329228459
57.0,2.0,17.0,-0.703103633752536
57.0,2.0,18.0,0.6427803394918602
57.0,2.0,19.0,-0.6722872029114604
57.0,2.0,20.0,-0.6712277387785606
57.0,2.0,21.0,-0.5902818098247691
58.0,1.0,1.0,0.592203392841892
58.0,1.0,2.0,-0.6884743803837022
58.0,1.0,3.0,0.6487846315037527
58.0,1.0,4.0,-0.6227519584428429
58.0,1.0,5.0,-0.5600065160499821
58.0,1.0,6.0,-0.6195134980887735
58.0,1.0,7.0,0.6989032272594403
58.0,1.0,8.0,-0.6816401673769481
58.0,1.0,9.0,0.5512796785384062
58.0,1.0,10.0,-0.37508449538889643
58.0,1.0,11.0,0.10690561918994196
58.0,1.0,12.0,-0.36282593636160687
58.0,1.0,13.0,-0.24349489786450976
58.0,1.0,14.0,-0.013023878102687403
58.0,1.0,15.0,-0.46153921585321583
58.0,1.0,16.0,0.4421649808323985
58.0,1.0,17.0,0.5158822537868534
58.0,1.0,18.0,0.6410639237183852
58.0,1.0,19.0,-0.7160562717195673
58.0,1.0,20.0,0.6094258583808311
58.0,1.0,21.0,0.5813726328736806
58.0,2.0,1.0,-0.4946383994577755
58.0,2.0,2.0,-0.4711942729401517
58.0,2.0,3.0,-0.45743769287692226
58.0,2.0,4.0,0.45554915091094395
58.0,2.0,5.0,-0.23785053773223486
58.0,2.0,6.0,0.42791988043090196
58.0,2.0,7.0,-0.3980059403456678
58.0,2.0,8.0,-0.47635035737161086
58.0,2.0,9.0,-0.5382548595755839
58.0,2.0,10.0,0.7850289367244221
58.0,2.0,11.0,-0.8828826448929901
58.0,2.0,12.0,0.9430611963069812
58.0,2.0,13.0,-0.9892797096648581
58.0,2.0,14.0,-0.9962187752383735
58.0,2.0,15.0,0.9118523211647014
58.0,2.0,16.0,0.7217987991051299
58.0,2.0,17.0,-0.442443314469203
58.0,2.0,18.0,0.4669410840084378
58.0,2.0,19.0,-0.45098206205618685
58.0,2.0,20.0,-0.052089766537389455
58.0,2.0,21.0,-0.09814168660297108
59.0,1.0,1.0,-0.528373174060239
59.0,1.0,2.0,0.7079972362457742
59.0,1.0,3.0,-0.81369708612152
59.0,1.0,4.0,-0.754181289972901
59.0,1.0,5.0,-0.6829491553030714
59.0,1.0,6.0,-0.6778594779780365
59.0,1.0,7.0,-0.711592377182896
59.0,1.0,8.0,0.7980982941692111
59.0,1.0,9.0,-0.6130990096037678
59.0,1.0,10.0,0.006108091223286908
59.0,1.0,11.0,7.0947602860911445e-06
59.0,1.0,12.0,0.011034055720455058
59.0,1.0,13.0,0.41281056043997466
59.0,1.0,14.0,-0.11436689210956297
59.0,1.0,15.0,5.188202529993601e-05
59.0,1.0,16.0,0.2255877459401068
59.0,1.0,17.0,-0.4286852557679365
59.0,1.0,18.0,-0.6665407332051048
59.0,1.0,19.0,0.6494326466365132
59.0,1.0,20.0,-0.558587389732304
59.0,1.0,21.0,0.2591616770292372
59.0,2.0,1.0,0.01840675778614282
59.0,2.0,2.0,0.22210386470260365
59.0,2.0,3.0,0.45127883473208524
59.0,2.0,4.0,0.260743333708422
59.0,2.0,5.0,-0.00027801770979166027
59.0,2.0,6.0,0.2738286338006688
59.0,2.0,7.0,0.2916119332024383
59.0,2.0,8.0,-0.5281889306632984
59.0,2.0,9.0,-0.6347781667980444
59.0,2.0,10.0,0.7824988390538375
59.0,2.0,11.0,0.9558290358713992
59.0,2.0,12.0,1.0058180522166702
59.0,2.0,13.0,-0.9999390094065072
59.0,2.0,14.0,0.992019149347617
59.0,2.0,15.0,0.9680300520880156
59.0,2.0,16.0,-0.8545219221136041
59.0,2.0,17.0,0.6069991858572955
59.0,2.0,18.0,-0.4228059491024278
59.0,2.0,19.0,-0.3563898661125958
59.0,2.0,20.0,-0.5452796304049718
59.0,2.0,21.0,-0.40699743431291485
60.0,1.0,1.0,0.4501691931046537
60.0,1.0,2.0,-0.49492241967904843
60.0,1.0,3.0,-0.4403243546969344
60.0,1.0,4.0,-0.5105353188688033
60.0,1.0,5.0,-0.6425042598702491
60.0,1.0,6.0,-0.6533037566161273
60.0,1.0,7.0,-0.797918973228491
60.0,1.0,8.0,-0.7948768100557224
60.0,1.0,9.0,0.6195155332448179
60.0,1.0,10.0,-0.1469433332192181
60.0,1.0,11.0,-0.00017519517221061
60.0,1.0,12.0,3.267461478584393e-08
60.0,1.0,13.0,-0.08614036436015278
60.0,1.0,14.0,0.007296454837595332
60.0,1.0,15.0,0.24286918750536743
60.0,1.0,16.0,-0.2567140868881237
60.0,1.0,17.0,0.3150427052118718
60.0,1.0,18.0,-0.3635141851828637
60.0,1.0,19.0,0.32145909740898987
60.0,1.0,20.0,-0.03308101035846669
60.0,1.0,21.0,-0.20880080773891724
60.0,2.0,1.0,-0.5813027505427066
60.0,2.0,2.0,0.7100115634963654
60.0,2.0,3.0,0.6193450523949217
60.0,2.0,4.0,-0.41469673830345855
60.0,2.0,5.0,0.4431088929570633
60.0,2.0,6.0,0.3072475753204129
60.0,2.0,7.0,-0.37128963579050234
60.0,2.0,8.0,-0.32579605313795507
60.0,2.0,9.0,-0.5608398350565323
60.0,2.0,10.0,-0.8064889442432648
60.0,2.0,11.0,-0.9751006608815932
60.0,2.0,12.0,-1.0222719134120255
60.0,2.0,13.0,-1.0359200155393988
60.0,2.0,14.0,1.0254750250303548
60.0,2.0,15.0,0.9612126753570724
60.0,2.0,16.0,-0.8425704132028551
60.0,2.0,17.0,-0.6873457235170726
60.0,2.0,18.0,0.6203496649988285
60.0,2.0,19.0,-0.7401416017687155
60.0,2.0,20.0,0.8169182623569111
60.0,2.0,21.0,-0.8028430284760394
